rthema,count
Zivilverfahrensrecht,9543
Berufsrecht Rechtsanwälte,2330
Urheberrecht Markenrecht Patentrecht,1529
Berufsrecht Rechtsanwälte; Zivilverfahrensrecht,1352
Schadensersatz,1050
Wettbewerbsrecht Kartellrecht,1010
Insolvenzrecht,987
Familienrecht,854
Handelsrecht Gesellschaftsrecht,783
Versicherungsrecht,755
SchuldrechtAT,714
Öffentliches Recht,709
Strafrecht,661
Miete Pacht,617
Schadensersatz; SchuldrechtAT,477
Insolvenzrecht; Zivilverfahrensrecht,467
Familienrecht; ELWI-FAMR,467
Strafrecht; Steuerstrafrecht,451
BGBAT,437
Zivilverfahrensrecht; Berufsrecht Rechtsanwälte,434
Werkvertrag,413
Handelsrecht Gesellschaftsrecht; Handelsrecht Gesellschaftsrecht,394
Bankrecht Kreditrecht,383
Berufsrecht Rechtsanwälte; Insolvenzrecht,371
Familienrecht; Zivilverfahrensrecht,314
Erbschaft Schenkung; Erbschaftsteuer,308
Schadensersatz; Zivilverfahrensrecht,302
Sonstiges Recht,291
Arbeitsrecht,285
Bankrecht Kreditrecht; SchuldrechtAT,282
Zivilverfahrensrecht; Familienrecht,234
Zivilverfahrensrecht; Insolvenzrecht,232
Sachenrecht,221
Berufsrecht Rechtsanwälte; Zivilverfahrensrecht; Zivilverfahrensrecht,215
Wohnungseigentum,207
Schuldverhältnisse,200
Kauf Tausch Leasing,200
Zivilverfahrensrecht; Zivilverfahrensrecht,172
Miete Pacht; Zivilverfahrensrecht,172
Urheberrecht Markenrecht Patentrecht; Zivilverfahrensrecht,149
Neue Bundesländer,143
SchuldrechtAT; Bankrecht Kreditrecht,138
Sachenrecht; Zivilverfahrensrecht,131
Erbschaft Schenkung,130
Landwirtschaftsrecht; Zivilverfahrensrecht,125
Berufsrecht Rechtsanwälte; Insolvenzrecht; Zivilverfahrensrecht,123
Schadensersatz; Bankrecht Kreditrecht,116
Zivilverfahrensrecht; Schadensersatz,115
SchuldrechtAT; Schadensersatz,113
SchuldrechtAT; Miete Pacht,111
Zivilverfahrensrecht; SchuldrechtAT,111
Sonstiges Steuerrecht,108
Sozialrecht; Sozialversicherungsrecht,107
Urheberrecht Markenrecht Patentrecht; EDV-Recht,107
Zivilverfahrensrecht; Handelsrecht Gesellschaftsrecht,105
Familienrecht; Zivilverfahrensrecht; ELWI-FAMR,104
BGBAT; Zivilverfahrensrecht,103
Rechnungslegung; Handelsrecht Gesellschaftsrecht; Handelsrecht Gesellschaftsrecht,103
Berufsrecht Rechtsanwälte; Schadensersatz,102
Miete Pacht; SchuldrechtAT,101
Insolvenzrecht; Insolvenzrecht,100
SchuldrechtAT; Kauf Tausch Leasing,100
Steuerstrafrecht; Steuerstrafrecht,98
Schadensersatz; Handelsrecht Gesellschaftsrecht,95
Strafrecht; Verfahrensrecht/Abgabenordnung,95
BGBAT; SchuldrechtAT,95
Handelsrecht Gesellschaftsrecht; Zivilverfahrensrecht,95
Bankrecht Kreditrecht; Handelsrecht Gesellschaftsrecht,94
Rechnungslegung; Handelsrecht Gesellschaftsrecht,93
Insolvenzrecht; Berufsrecht Rechtsanwälte,91
Reisevertrag,91
Bankrecht Kreditrecht; Schadensersatz,87
Bankrecht Kreditrecht; BGBAT,87
SchuldrechtAT; Zivilverfahrensrecht,87
Berufsrecht Steuerberater; Berufsrecht Rechtsanwälte; Zivilverfahrensrecht,87
Berufsrecht Steuerberater,85
Zivilverfahrensrecht; Urheberrecht Markenrecht Patentrecht,80
Schadensersatz; SchuldrechtAT; Zivilverfahrensrecht,80
EDV-Recht,79
Bankrecht Kreditrecht; Zivilverfahrensrecht,78
Schadensersatz; Sachenrecht,78
Zivilverfahrensrecht; Bankrecht Kreditrecht,77
Zivilverfahrensrecht; BGBAT,76
Schadensersatz; Versicherungsrecht,76
Versicherungsrecht; SchuldrechtAT,76
Verfahrensrecht/Abgabenordnung,75
Kauf Tausch Leasing; SchuldrechtAT,72
Landwirtschaftsrecht; Neue Bundesländer,71
EU-Recht; Zivilverfahrensrecht,70
EDV-Recht; Urheberrecht Markenrecht Patentrecht,70
BGBAT; Bankrecht Kreditrecht,70
Versicherungsrecht; Zivilverfahrensrecht,70
Miete Pacht; BGBAT,69
Zivilverfahrensrecht; EU-Recht,67
Wettbewerbsrecht Kartellrecht; Zivilverfahrensrecht,67
Schadensersatz; Handelsrecht Gesellschaftsrecht; Handelsrecht Gesellschaftsrecht,67
Versicherungsrecht; Schadensersatz,66
Zivilverfahrensrecht; Strafrecht,65
Wohnungseigentum; Zivilverfahrensrecht,64
EDV-Recht; Öffentliches Recht,64
SchuldrechtAT; Werkvertrag,63
Berufsrecht Rechtsanwälte; Strafrecht,63
EU-Recht; Öffentliches Recht,60
Neue Bundesländer; Sachenrecht,58
Neue Bundesländer; Sachenrecht; BGBAT,58
Wettbewerbsrecht Kartellrecht; EDV-Recht,57
Insolvenzrecht; Handelsrecht Gesellschaftsrecht,55
Strafrecht; Zivilverfahrensrecht,55
Steuerstrafrecht,53
Bankrecht Kreditrecht; Sachenrecht,53
Steuerstrafrecht; Strafrecht,52
Bankrecht Kreditrecht; Schadensersatz; SchuldrechtAT,52
Zivilverfahrensrecht; Miete Pacht,52
Erbschaft Schenkung; Erbschaftsteuer; Erbschaftsteuer,50
Erbschaft Schenkung; Zivilverfahrensrecht,49
Zivilverfahrensrecht; ELWI-FAMR,49
Schadensersatz; SchuldrechtAT; Bankrecht Kreditrecht,48
Handelsrecht Gesellschaftsrecht; BGBAT,48
Zivilverfahrensrecht; Versicherungsrecht,47
Berufsrecht Rechtsanwälte; Öffentliches Recht,46
Öffentliches Recht; Strafrecht,46
Berufsrecht Rechtsanwälte; Zivilverfahrensrecht; Insolvenzrecht,46
SchuldrechtAT; Versicherungsrecht,45
Urheberrecht Markenrecht Patentrecht; Wettbewerbsrecht Kartellrecht,45
Öffentliches Recht; Zivilverfahrensrecht,45
Strafrecht; Berufsrecht Rechtsanwälte,43
Sozialrecht,42
SchuldrechtAT; Handelsrecht Gesellschaftsrecht,42
Handelsrecht Gesellschaftsrecht; SchuldrechtAT,42
Zivilverfahrensrecht; Familienrecht; ELWI-FAMR,42
Handelsrecht Gesellschaftsrecht; BGBAT; Handelsrecht Gesellschaftsrecht; BGBAT,41
Sozialversicherungsrecht; Sozialrecht,41
Zivilverfahrensrecht; Öffentliches Recht,41
Bankrecht Kreditrecht; SchuldrechtAT; Schadensersatz,40
Insolvenzrecht; Berufsrecht Rechtsanwälte; Zivilverfahrensrecht,40
BGBAT; Miete Pacht,40
Bankrecht Kreditrecht; Schuldverhältnisse,40
Insolvenzrecht; Neue Bundesländer,40
Kauf Tausch Leasing; Zivilverfahrensrecht,40
Schadensersatz; Werkvertrag,39
Handelsrecht Gesellschaftsrecht; Zivilverfahrensrecht; Handelsrecht Gesellschaftsrecht; Zivilverfahrensrecht,38
BGBAT; Schadensersatz,38
EDV-Recht; Wettbewerbsrecht Kartellrecht,37
BGBAT; Handelsrecht Gesellschaftsrecht,37
Werkvertrag; SchuldrechtAT,37
Schadensersatz; SchuldrechtAT; Werkvertrag,37
Zivilverfahrensrecht; Wohnungseigentum,36
Schadensersatz; Bankrecht Kreditrecht; SchuldrechtAT,36
Berufsrecht Rechtsanwälte; BGBAT,35
Schadensersatz; BGBAT,35
Schadensersatz; SchuldrechtAT; Kauf Tausch Leasing,35
Berufsrecht Steuerberater; Berufsrecht Rechtsanwälte,35
Berufsrecht Rechtsanwälte; Berufsrecht Steuerberater,34
Berufsrecht Rechtsanwälte; Wettbewerbsrecht Kartellrecht,34
Insolvenzrecht; SchuldrechtAT,34
Familienrecht; BGBAT,34
Kauf Tausch Leasing; Wettbewerbsrecht Kartellrecht,34
Strafrecht; Öffentliches Recht,33
Erbschaft Schenkung; Erbschaftsteuer; BGBAT,32
Handelsrecht Gesellschaftsrecht; Bankrecht Kreditrecht,32
EDV-Recht; Zivilverfahrensrecht,32
Erbschaft Schenkung; Erbschaftsteuer; Zivilverfahrensrecht,32
Lohnsteuer; Einkommensteuer/Lohnsteuer/Kirchensteuer,32
EU-Recht; Wettbewerbsrecht Kartellrecht,32
Zivilverfahrensrecht; Wettbewerbsrecht Kartellrecht,32
Einkommensteuer/Lohnsteuer/Kirchensteuer,31
Schadensersatz; Urheberrecht Markenrecht Patentrecht,31
Bankrecht Kreditrecht; SchuldrechtAT; BGBAT,31
Arbeitsrecht; Schuldverhältnisse,31
Berufsrecht Rechtsanwälte; Neue Bundesländer,31
Zivilverfahrensrecht; Schadensersatz; Bankrecht Kreditrecht,30
Familienrecht; ELWI-FAMR; ELWI-FAMR,30
Berufsrecht Steuerberater; Schadensersatz,30
Schadensersatz; Öffentliches Recht,30
Familienrecht; Öffentliches Recht,30
BGBAT; Werkvertrag,29
Wettbewerbsrecht Kartellrecht; EU-Recht,29
Kauf Tausch Leasing; BGBAT,29
Zivilverfahrensrecht; Schadensersatz; SchuldrechtAT,29
SchuldrechtAT; Wettbewerbsrecht Kartellrecht,29
Handelsrecht Gesellschaftsrecht; Schadensersatz; SchuldrechtAT,29
EDV-Recht; SchuldrechtAT,28
Werkvertrag; Zivilverfahrensrecht,28
Sozialversicherungsrecht; Schadensersatz,28
Bankrecht Kreditrecht; BGBAT; SchuldrechtAT,27
BGBAT; Kauf Tausch Leasing,27
Zivilverfahrensrecht; EDV-Recht,27
Schadensersatz; SchuldrechtAT; Miete Pacht,27
Schuldverhältnisse; Zivilverfahrensrecht,27
SchuldrechtAT; BGBAT,27
Berufsrecht Steuerberater; Berufsrecht Rechtsanwälte; Zivilverfahrensrecht; Zivilverfahrensrecht,27
EU-Recht; Reisevertrag,27
Berufsrecht Rechtsanwälte; Handelsrecht Gesellschaftsrecht,27
Zivilverfahrensrecht; Sachenrecht,26
Arbeitsrecht; EU-Recht,26
Berufsrecht Rechtsanwälte; SchuldrechtAT,26
SchuldrechtAT; Schuldverhältnisse,26
Öffentliches Recht; Schadensersatz,26
Öffentliches Recht; Sonstiges Recht,25
Berufsrecht Rechtsanwälte; Versicherungsrecht,25
Öffentliches Recht; EU-Recht,25
Berufsrecht Rechtsanwälte; Schadensersatz; Zivilverfahrensrecht,25
Verfahrensrecht/Abgabenordnung; Zivilverfahrensrecht,25
SchuldrechtAT; EDV-Recht,25
Landwirtschaftsrecht; Sachenrecht,25
Versicherungsrecht; Berufsrecht Rechtsanwälte,25
Neue Bundesländer; BGBAT,25
Zivilverfahrensrecht; Werkvertrag,25
Handelsrecht Gesellschaftsrecht; SchuldrechtAT; Handelsrecht Gesellschaftsrecht; SchuldrechtAT,25
SchuldrechtAT; Schadensersatz; Bankrecht Kreditrecht,24
Kauf Tausch Leasing; Bankrecht Kreditrecht,24
Arbeitsrecht; Handelsrecht Gesellschaftsrecht,24
Miete Pacht; Schadensersatz,24
Kauf Tausch Leasing; Schadensersatz; SchuldrechtAT,23
BGBAT; Familienrecht,23
EU-Recht; Urheberrecht Markenrecht Patentrecht,23
Erbschaft Schenkung; Erbschaftsteuer; ELWI-FAMR,23
BGBAT; Sachenrecht,23
Schadensersatz; Berufsrecht Rechtsanwälte,23
Schadensersatz; Bankrecht Kreditrecht; Zivilverfahrensrecht,23
Insolvenzrecht; Schadensersatz,23
Berufsrecht Rechtsanwälte; Bankrecht Kreditrecht,23
BGBAT; SchuldrechtAT; Bankrecht Kreditrecht,23
Handelsrecht Gesellschaftsrecht; Schadensersatz,23
Zivilverfahrensrecht; Erbschaft Schenkung,23
Umsatzsteuer,22
Bankrecht Kreditrecht; SchuldrechtAT; Sachenrecht,22
Erbschaft Schenkung; Familienrecht,22
Miete Pacht; Insolvenzrecht,22
Schadensersatz; EDV-Recht,21
EU-Recht; Handelsrecht Gesellschaftsrecht,21
Schadensersatz; Neue Bundesländer,21
EU-Recht; Arbeitsrecht,21
Umsatzsteuer; Strafrecht; Steuerstrafrecht,21
Berufsrecht Rechtsanwälte; Wettbewerbsrecht Kartellrecht; Wettbewerbsrecht Kartellrecht,21
Schuldverhältnisse; Bankrecht Kreditrecht,21
Miete Pacht; Schadensersatz; SchuldrechtAT,21
Insolvenzrecht; Bankrecht Kreditrecht,21
Landwirtschaftsrecht; Neue Bundesländer; Zivilverfahrensrecht,21
Handelsrecht Gesellschaftsrecht; Rechnungslegung,20
Strafrecht; ELWI-STAP,20
Miete Pacht; Sachenrecht,20
Erbschaftsteuer; Erbschaft Schenkung,20
Wettbewerbsrecht Kartellrecht; SchuldrechtAT,20
Handelsrecht Gesellschaftsrecht; Insolvenzrecht,20
Wettbewerbsrecht Kartellrecht; Schadensersatz,20
Erbschaft Schenkung; Erbschaftsteuer; SchuldrechtAT,20
SchuldrechtAT; Familienrecht; ELWI-FAMR,20
Urheberrecht Markenrecht Patentrecht; SchuldrechtAT,20
Berufsrecht Steuerberater; Zivilverfahrensrecht,20
Schadensersatz; Erbschaft Schenkung; Erbschaftsteuer,20
Sozialrecht; Sozialversicherungsrecht; Schadensersatz,20
Werkvertrag; BGBAT,20
Berufsrecht Rechtsanwälte; Schadensersatz; Schadensersatz,20
BGBAT; Handelsrecht Gesellschaftsrecht; BGBAT; Handelsrecht Gesellschaftsrecht,19
Versicherungsrecht; BGBAT,19
Sonstiges Recht; Öffentliches Recht,19
Schadensersatz; Kauf Tausch Leasing,19
Strafrecht; Verfahrensrecht/Abgabenordnung; Steuerstrafrecht,19
Zivilverfahrensrecht; Neue Bundesländer,19
Bankrecht Kreditrecht; Werkvertrag,19
Bankrecht Kreditrecht; Insolvenzrecht,19
Berufsrecht Rechtsanwälte; EDV-Recht,19
SchuldrechtAT; Sachenrecht,19
Neue Bundesländer; Zivilverfahrensrecht,19
Zivilverfahrensrecht; Berufsrecht Rechtsanwälte; Insolvenzrecht,19
Kauf Tausch Leasing; Schadensersatz,19
Berufsrecht Rechtsanwälte; Zivilverfahrensrecht; Schadensersatz,18
BGBAT; Versicherungsrecht,18
SchuldrechtAT; Reisevertrag,18
SchuldrechtAT; Familienrecht,18
BGBAT; EDV-Recht,18
BGBAT; Familienrecht; Zivilverfahrensrecht,17
Bankrecht Kreditrecht; Handelsrecht Gesellschaftsrecht; Zivilverfahrensrecht,17
Reisevertrag; SchuldrechtAT,17
Zivilverfahrensrecht; Schuldverhältnisse,17
Berufsrecht Rechtsanwälte; Familienrecht,17
Bankrecht Kreditrecht; Sachenrecht; SchuldrechtAT,17
Schadensersatz; SchuldrechtAT; Handelsrecht Gesellschaftsrecht,17
Werkvertrag; Werkvertrag,17
Wettbewerbsrecht Kartellrecht; Urheberrecht Markenrecht Patentrecht,17
Öffentliches Recht; Wettbewerbsrecht Kartellrecht,17
Insolvenzrecht; Arbeitsrecht,16
BGBAT; Familienrecht; ELWI-FAMR,16
Strafrecht; Bankrecht Kreditrecht,16
Miete Pacht; Neue Bundesländer,16
Bankrecht Kreditrecht; SchuldrechtAT; Kauf Tausch Leasing,16
Zivilverfahrensrecht; Berufsrecht Rechtsanwälte; Berufsrecht Steuerberater,16
Bankrecht Kreditrecht; Sachenrecht; Zivilverfahrensrecht,16
BGBAT; SchuldrechtAT; Schadensersatz,16
Erbschaft Schenkung; Insolvenzrecht,16
Wohnungseigentum; Sachenrecht,16
Insolvenzrecht; Zivilverfahrensrecht; Insolvenzrecht; Zivilverfahrensrecht,16
Familienrecht; Sozialrecht,16
SchuldrechtAT; Bankrecht Kreditrecht; Schadensersatz,16
Versicherungsrecht; Neue Bundesländer,16
BGBAT; Schuldverhältnisse,16
Schadensersatz; Arbeitsrecht,16
Wettbewerbsrecht Kartellrecht; Öffentliches Recht,16
Schadensersatz; Sozialrecht; Sozialversicherungsrecht,15
Zivilverfahrensrecht; Insolvenzrecht; Berufsrecht Rechtsanwälte,15
Steuerstrafrecht; Verfahrensrecht/Abgabenordnung,15
Schadensersatz; Wettbewerbsrecht Kartellrecht,15
Berufsrecht Steuerberater; Schadensersatz; Schadensersatz,15
Werkvertrag; Schadensersatz; SchuldrechtAT,15
BGBAT; Erbschaft Schenkung,15
BGBAT; SchuldrechtAT; Kauf Tausch Leasing,15
Insolvenzrecht; Zivilverfahrensrecht; Berufsrecht Rechtsanwälte,15
Urheberrecht Markenrecht Patentrecht; Schadensersatz,15
Sachenrecht; Schadensersatz,15
Berufsrecht Rechtsanwälte; Schadensersatz; SchuldrechtAT,15
Schadensersatz; Berufsrecht Steuerberater,15
Bankrecht Kreditrecht; BGBAT; Schadensersatz,15
Schadensersatz; Schadensersatz,15
Sachenrecht; Neue Bundesländer,15
Zivilverfahrensrecht; Bankrecht Kreditrecht; Schadensersatz,15
Sozialversicherungsrecht; Zivilverfahrensrecht,15
Bankrecht Kreditrecht; SchuldrechtAT; Zivilverfahrensrecht,15
Kauf Tausch Leasing; Bankrecht Kreditrecht; SchuldrechtAT,15
Neue Bundesländer; SchuldrechtAT,15
Landwirtschaftsrecht; Miete Pacht,14
BGBAT; BGBAT,14
Strafrecht; Steuerstrafrecht; ELWI-STAP,14
Schadensersatz; Berufsrecht Rechtsanwälte; Zivilverfahrensrecht,14
Berufsrecht Steuerberater; Berufsrecht Rechtsanwälte; Handelsrecht Gesellschaftsrecht,14
Berufsrecht Rechtsanwälte; Familienrecht; Zivilverfahrensrecht,14
BGBAT; SchuldrechtAT; Handelsrecht Gesellschaftsrecht,14
Strafrecht; EDV-Recht,14
Berufsrecht Rechtsanwälte; Insolvenzrecht; Insolvenzrecht,14
EU-Recht; Sonstiges Recht,14
Zivilverfahrensrecht; Handelsrecht Gesellschaftsrecht; Zivilverfahrensrecht; Handelsrecht Gesellschaftsrecht,14
Bankrecht Kreditrecht; SchuldrechtAT; Bankrecht Kreditrecht; SchuldrechtAT,14
Familienrecht; Sozialrecht; ELWI-FAMR,14
Strafrecht; Wettbewerbsrecht Kartellrecht,14
Strafrecht; Steuerstrafrecht; Umsatzsteuer,14
Berufsrecht Rechtsanwälte; Urheberrecht Markenrecht Patentrecht,14
Schadensersatz; Insolvenzrecht,13
Strafrecht; EU-Recht,13
Bankrecht Kreditrecht; Öffentliches Recht,13
Schadensersatz; Rechnungslegung; Handelsrecht Gesellschaftsrecht; Handelsrecht Gesellschaftsrecht,13
Bankrecht Kreditrecht; Kauf Tausch Leasing; SchuldrechtAT,13
SchuldrechtAT; SchuldrechtAT,13
BGBAT; SchuldrechtAT; Zivilverfahrensrecht,13
Strafrecht; Handelsrecht Gesellschaftsrecht,13
Rechnungslegung; Sonstiges Recht,13
Insolvenzrecht; Versicherungsrecht,13
BGBAT; Schadensersatz; Bankrecht Kreditrecht,13
Bankrecht Kreditrecht; Schuldverhältnisse; SchuldrechtAT,13
Reisevertrag; EU-Recht,13
Öffentliches Recht; EDV-Recht,13
Öffentliches Recht; Berufsrecht Rechtsanwälte,13
Berufsrecht Steuerberater; Strafrecht,13
Kauf Tausch Leasing; Handelsrecht Gesellschaftsrecht,13
Berufsrecht Rechtsanwälte; EU-Recht,13
Familienrecht; SchuldrechtAT,13
Schadensersatz; Bankrecht Kreditrecht; Handelsrecht Gesellschaftsrecht,13
Bankrecht Kreditrecht; SchuldrechtAT; Schuldverhältnisse,13
Versicherungsrecht; Arbeitsrecht,13
Sachenrecht; Bankrecht Kreditrecht,12
Wohnungseigentum; SchuldrechtAT,12
Wettbewerbsrecht Kartellrecht; Strafrecht,12
Erbschaft Schenkung; ELWI-FAMR,12
Umsatzsteuer; Steuerstrafrecht,12
Arbeitsrecht; SchuldrechtAT,12
Sachenrecht; Bankrecht Kreditrecht; SchuldrechtAT,12
Schuldverhältnisse; Handelsrecht Gesellschaftsrecht,12
Sachenrecht; SchuldrechtAT,12
Strafrecht; Sozialrecht; Sozialversicherungsrecht,12
Erbschaft Schenkung; Handelsrecht Gesellschaftsrecht,12
Schadensersatz; Handelsrecht Gesellschaftsrecht; Bankrecht Kreditrecht,12
Berufsrecht Rechtsanwälte; BGBAT; Zivilverfahrensrecht,12
Insolvenzrecht; Neue Bundesländer; Insolvenzrecht; Neue Bundesländer,12
SchuldrechtAT; Urheberrecht Markenrecht Patentrecht,12
Arbeitsrecht; Berufsrecht Rechtsanwälte,12
Werkvertrag; Schadensersatz,12
Schuldverhältnisse; SchuldrechtAT,12
SchuldrechtAT; Zivilverfahrensrecht; Wettbewerbsrecht Kartellrecht,12
EDV-Recht; Schadensersatz,12
Berufsrecht Rechtsanwälte; Berufsrecht Steuerberater; Handelsrecht Gesellschaftsrecht,12
Berufsrecht Rechtsanwälte; Schuldverhältnisse,12
Umsatzsteuer; Steuerstrafrecht; Steuerstrafrecht,12
Berufsrecht Rechtsanwälte; EDV-Recht; Zivilverfahrensrecht,12
Insolvenzrecht; BGBAT,12
Rechnungslegung; Einkommensteuer/Lohnsteuer/Kirchensteuer,12
Berufsrecht Rechtsanwälte; Erbschaft Schenkung,11
Arbeitsrecht; BGBAT,11
Wohnungseigentum; Sachenrecht; Zivilverfahrensrecht,11
Arbeitsrecht; Sozialrecht; Sozialversicherungsrecht,11
Schadensersatz; BGBAT; SchuldrechtAT,11
BGBAT; SchuldrechtAT; Familienrecht; ELWI-FAMR,11
Insolvenzrecht; Schadensersatz; Handelsrecht Gesellschaftsrecht,11
Miete Pacht; Wohnungseigentum,11
Schuldverhältnisse; Schadensersatz,11
Handelsrecht Gesellschaftsrecht; Erbschaft Schenkung,11
SchuldrechtAT; ELWI-FAMR,11
Sozialversicherungsrecht; Insolvenzrecht,11
BGBAT; Wettbewerbsrecht Kartellrecht,11
Zivilverfahrensrecht; Arbeitsrecht,11
Miete Pacht; Handelsrecht Gesellschaftsrecht,11
Bankrecht Kreditrecht; Schadensersatz; Zivilverfahrensrecht,11
Arbeitsrecht; Zivilverfahrensrecht,11
Werkvertrag; Wettbewerbsrecht Kartellrecht,11
Wettbewerbsrecht Kartellrecht; BGBAT,11
Schadensersatz; Handelsrecht Gesellschaftsrecht; SchuldrechtAT; Handelsrecht Gesellschaftsrecht; SchuldrechtAT,11
Schadensersatz; Bankrecht Kreditrecht; SchuldrechtAT; BGBAT,11
Urheberrecht Markenrecht Patentrecht; EU-Recht,11
Miete Pacht; Schuldverhältnisse,11
Zivilverfahrensrecht; Kauf Tausch Leasing,10
Bankrecht Kreditrecht; SchuldrechtAT; Werkvertrag,10
Sachenrecht; Öffentliches Recht,10
Sachenrecht; Wohnungseigentum,10
Zivilverfahrensrecht; Verfahrensrecht/Abgabenordnung,10
Schadensersatz; Schuldverhältnisse,10
Neue Bundesländer; Schadensersatz,10
Schadensersatz; Zivilverfahrensrecht; BGBAT,10
Berufsrecht Steuerberater; SchuldrechtAT,10
Handelsrecht Gesellschaftsrecht; EU-Recht,10
Erbschaftsteuer; Erbschaftsteuer,10
Kauf Tausch Leasing; Schuldverhältnisse,10
Schadensersatz; SchuldrechtAT; Sachenrecht,10
Kauf Tausch Leasing; SchuldrechtAT; Bankrecht Kreditrecht,10
Handelsrecht Gesellschaftsrecht; Öffentliches Recht,10
Schadensersatz; SchuldrechtAT; Versicherungsrecht,10
BGBAT; Insolvenzrecht,10
Insolvenzrecht; Miete Pacht,10
Handelsrecht Gesellschaftsrecht; Schadensersatz; Zivilverfahrensrecht,10
Arbeitsrecht; Öffentliches Recht,10
Schadensersatz; Zivilverfahrensrecht; Bankrecht Kreditrecht,10
Urheberrecht Markenrecht Patentrecht; Berufsrecht Rechtsanwälte,10
EU-Recht; Strafrecht,10
BGBAT; SchuldrechtAT; Miete Pacht,10
Versicherungsrecht; Berufsrecht Rechtsanwälte; Zivilverfahrensrecht,10
Berufsrecht Steuerberater; Zivilverfahrensrecht; Zivilverfahrensrecht,9
Reisevertrag; Schadensersatz,9
SchuldrechtAT; Handelsrecht Gesellschaftsrecht; SchuldrechtAT; Handelsrecht Gesellschaftsrecht,9
EDV-Recht; SchuldrechtAT; Kauf Tausch Leasing,9
Erbschaft Schenkung; Berufsrecht Rechtsanwälte,9
Landwirtschaftsrecht,9
Familienrecht; Berufsrecht Rechtsanwälte; Zivilverfahrensrecht,9
Insolvenzrecht; BGBAT; Berufsrecht Rechtsanwälte,9
Berufsrecht Rechtsanwälte; Arbeitsrecht,9
Arbeitsrecht; Insolvenzrecht,9
Miete Pacht; Versicherungsrecht,9
Berufsrecht Steuerberater; Schadensersatz; SchuldrechtAT; Schadensersatz; SchuldrechtAT,9
Strafrecht; Steuerstrafrecht; Verfahrensrecht/Abgabenordnung,9
Zivilverfahrensrecht; Insolvenzrecht; Zivilverfahrensrecht; Insolvenzrecht,9
Familienrecht; Berufsrecht Rechtsanwälte,9
Arbeitsrecht; Sozialrecht,9
Neue Bundesländer; Handelsrecht Gesellschaftsrecht,9
Zivilverfahrensrecht; Bankrecht Kreditrecht; Handelsrecht Gesellschaftsrecht,9
Handelsrecht Gesellschaftsrecht; Info,9
Berufsrecht Rechtsanwälte; Schadensersatz; SchuldrechtAT; Schadensersatz; SchuldrechtAT,9
Einkommensteuer/Lohnsteuer/Kirchensteuer; Lohnsteuer; Familienrecht; ELWI-FAMR,9
Schadensersatz; Schadensersatz; SchuldrechtAT,9
BGBAT; Bankrecht Kreditrecht; SchuldrechtAT,9
Familienrecht; Zivilverfahrensrecht; Berufsrecht Rechtsanwälte,9
EU-Recht; EDV-Recht,9
Wohnungseigentum; Miete Pacht,9
Wettbewerbsrecht Kartellrecht; Kauf Tausch Leasing,9
Berufsrecht Rechtsanwälte; Insolvenzrecht; Schadensersatz,9
Berufsrecht Rechtsanwälte; Berufsrecht Steuerberater; Zivilverfahrensrecht,9
Berufsrecht Rechtsanwälte; Wohnungseigentum,9
Erbschaft Schenkung; Erbschaftsteuer; Familienrecht,9
Miete Pacht; Schadensersatz; Zivilverfahrensrecht,9
Berufsrecht Rechtsanwälte; Erbschaft Schenkung; Erbschaftsteuer,9
Bankrecht Kreditrecht; EU-Recht,9
Miete Pacht; Kauf Tausch Leasing,9
Insolvenzrecht; Neue Bundesländer; Zivilverfahrensrecht,9
Berufsrecht Rechtsanwälte; Schadensersatz; Zivilverfahrensrecht; Zivilverfahrensrecht,9
Strafrecht; Insolvenzrecht,9
Handelsrecht Gesellschaftsrecht; Bankrecht Kreditrecht; SchuldrechtAT,9
Erbschaft Schenkung; BGBAT,9
Schadensersatz; SchuldrechtAT; Schadensersatz; SchuldrechtAT,9
Insolvenzrecht; Strafrecht,9
Berufsrecht Rechtsanwälte; BGBAT; Bankrecht Kreditrecht,9
EDV-Recht; BGBAT,9
Rechnungslegung,8
Berufsrecht Rechtsanwälte; SchuldrechtAT; Zivilverfahrensrecht,8
Insolvenzrecht; Bankrecht Kreditrecht; Sachenrecht,8
Berufsrecht Steuerberater; Schadensersatz; Zivilverfahrensrecht,8
Sozialversicherungsrecht; Schadensersatz; Sozialrecht,8
Handelsrecht Gesellschaftsrecht; Insolvenzrecht; Handelsrecht Gesellschaftsrecht; Insolvenzrecht,8
Miete Pacht; SchuldrechtAT; Zivilverfahrensrecht,8
Kauf Tausch Leasing; Sachenrecht,8
Berufsrecht Rechtsanwälte; Strafrecht; Steuerstrafrecht,8
Schadensersatz; Erbschaft Schenkung,8
Erbschaft Schenkung; Erbschaftsteuer; Sachenrecht,8
Schadensersatz; Kauf Tausch Leasing; SchuldrechtAT,8
Erbschaftsteuer,8
Berufsrecht Rechtsanwälte; Kauf Tausch Leasing,8
Schadensersatz; Sachenrecht; EDV-Recht,8
Insolvenzrecht; Rechnungslegung; Handelsrecht Gesellschaftsrecht; Handelsrecht Gesellschaftsrecht,8
Berufsrecht Rechtsanwälte; Schadensersatz; Insolvenzrecht; Insolvenzrecht,8
Handelsrecht Gesellschaftsrecht; Berufsrecht Rechtsanwälte; Berufsrecht Steuerberater,8
Familienrecht; Erbschaft Schenkung; Erbschaftsteuer,8
Versicherungsrecht; Schadensersatz; SchuldrechtAT,8
BGBAT; Berufsrecht Rechtsanwälte,8
EDV-Recht; Strafrecht,8
Sachenrecht; BGBAT,8
Schadensersatz; Handelsrecht Gesellschaftsrecht; Bankrecht Kreditrecht; BGBAT,8
Familienrecht; Zivilverfahrensrecht; ELWI-FAMR; ELWI-FAMR,8
Bankrecht Kreditrecht; SchuldrechtAT; Bankrecht Kreditrecht,8
SchuldrechtAT; Bankrecht Kreditrecht; Sachenrecht,8
Berufsrecht Rechtsanwälte; Kauf Tausch Leasing; Zivilverfahrensrecht,8
Kauf Tausch Leasing; Sachenrecht; Erbschaft Schenkung; Erbschaftsteuer,8
EU-Recht,8
Werkvertrag; EDV-Recht,8
Handelsrecht Gesellschaftsrecht; Schuldverhältnisse; Handelsrecht Gesellschaftsrecht; Schuldverhältnisse,8
Miete Pacht; Info,8
BGBAT; Bankrecht Kreditrecht; Schadensersatz,8
SchuldrechtAT; Miete Pacht; Sachenrecht,8
Schadensersatz; Sachenrecht; Urheberrecht Markenrecht Patentrecht,8
Sozialversicherungsrecht; Familienrecht; Sozialrecht,8
Schuldverhältnisse; BGBAT,8
Schadensersatz; Zivilverfahrensrecht; SchuldrechtAT,8
Rechnungslegung; Handelsrecht Gesellschaftsrecht; Insolvenzrecht,8
Kauf Tausch Leasing; Bankrecht Kreditrecht; BGBAT,8
Berufsrecht Rechtsanwälte; Schadensersatz; Insolvenzrecht,8
Schadensersatz; Sachenrecht; Zivilverfahrensrecht,8
Familienrecht; SchuldrechtAT; ELWI-FAMR,8
Bankrecht Kreditrecht; Handelsrecht Gesellschaftsrecht; Schadensersatz,8
BGBAT; Schadensersatz; SchuldrechtAT,8
Berufsrecht Steuerberater; Strafrecht; Steuerstrafrecht,8
Handelsrecht Gesellschaftsrecht; Wettbewerbsrecht Kartellrecht,8
SchuldrechtAT; Bankrecht Kreditrecht; Zivilverfahrensrecht,8
EU-Recht; Insolvenzrecht,8
Rechnungslegung; Handelsrecht Gesellschaftsrecht; Insolvenzrecht; Handelsrecht Gesellschaftsrecht; Insolvenzrecht,8
Schadensersatz; Miete Pacht,8
Schadensersatz; Bankrecht Kreditrecht; BGBAT,8
Schadensersatz; Rechnungslegung; Handelsrecht Gesellschaftsrecht,8
Berufsrecht Steuerberater; Wettbewerbsrecht Kartellrecht; Wettbewerbsrecht Kartellrecht,8
Handelsrecht Gesellschaftsrecht; Kauf Tausch Leasing; Wettbewerbsrecht Kartellrecht,8
SchuldrechtAT; Öffentliches Recht,7
SchuldrechtAT; Familienrecht; Zivilverfahrensrecht,7
Bankrecht Kreditrecht; BGBAT; Zivilverfahrensrecht,7
Kauf Tausch Leasing; BGBAT; SchuldrechtAT,7
Versicherungsrecht; SchuldrechtAT; Zivilverfahrensrecht,7
Berufsrecht Rechtsanwälte; Insolvenzrecht; SchuldrechtAT,7
Urheberrecht Markenrecht Patentrecht; EDV-Recht; Zivilverfahrensrecht,7
Kauf Tausch Leasing; Landwirtschaftsrecht; Sachenrecht,7
Schadensersatz; Wohnungseigentum,7
Handelsrecht Gesellschaftsrecht; Rechnungslegung; Wirtschaftsprüfung,7
Öffentliches Recht; Familienrecht,7
Familienrecht; Verfahrensrecht/Abgabenordnung,7
Zivilverfahrensrecht; Bankrecht Kreditrecht; Sachenrecht,7
Einkommensteuer/Lohnsteuer/Kirchensteuer; Lohnsteuer,7
Zivilverfahrensrecht; Bankrecht Kreditrecht; SchuldrechtAT,7
Erbschaftsteuer; Erbschaft Schenkung; Zivilverfahrensrecht,7
Zivilverfahrensrecht; Landwirtschaftsrecht,7
Handelsrecht Gesellschaftsrecht; Sachenrecht,7
Handelsrecht Gesellschaftsrecht; Verfahrensrecht/Abgabenordnung,7
SchuldrechtAT; Miete Pacht; Zivilverfahrensrecht,7
Erbschaftsteuer; Bewertung,7
Berufsrecht Rechtsanwälte; Zivilverfahrensrecht; Bankrecht Kreditrecht,7
Erbschaft Schenkung; Erbschaftsteuer; Schadensersatz,7
SchuldrechtAT; Schuldverhältnisse; Schadensersatz,7
Schadensersatz; Reisevertrag,7
Umsatzsteuer; Zivilverfahrensrecht,7
Kauf Tausch Leasing; Werkvertrag,7
SchuldrechtAT; Schadensersatz; Zivilverfahrensrecht,7
Berufsrecht Rechtsanwälte; Wirtschaftsprüfung,7
Familienrecht; Versicherungsrecht,7
SchuldrechtAT; Insolvenzrecht,7
Sozialversicherungsrecht; Arbeitsrecht; Sozialrecht,7
Handelsrecht Gesellschaftsrecht; Schadensersatz; SchuldrechtAT; Handelsrecht Gesellschaftsrecht; Schadensersatz; SchuldrechtAT,7
Zivilverfahrensrecht; SchuldrechtAT; Bankrecht Kreditrecht,7
BGBAT; SchuldrechtAT; Familienrecht,7
Strafrecht; Steuerstrafrecht; Steuerstrafrecht,7
Schadensersatz; Familienrecht,7
Kauf Tausch Leasing; Berufsrecht Rechtsanwälte; Zivilverfahrensrecht,7
Berufsrecht Rechtsanwälte; Neue Bundesländer; Zivilverfahrensrecht,7
SchuldrechtAT; Schadensersatz; Versicherungsrecht,7
Verfahrensrecht/Abgabenordnung; Steuerstrafrecht,7
Insolvenzrecht; Handelsrecht Gesellschaftsrecht; Zivilverfahrensrecht,7
Bankrecht Kreditrecht; BGBAT; Kauf Tausch Leasing,7
BGBAT; SchuldrechtAT; Schadensersatz; Bankrecht Kreditrecht,7
Steuerstrafrecht; ELWI-STAP,7
Bankrecht Kreditrecht; Kauf Tausch Leasing,7
Wohnungseigentum; Schadensersatz,7
Erbschaftsteuer; Erbschaft Schenkung; Handelsrecht Gesellschaftsrecht,7
Zivilverfahrensrecht; Landwirtschaftsrecht; Neue Bundesländer,7
EDV-Recht; Berufsrecht Rechtsanwälte,6
Öffentliches Recht; SchuldrechtAT,6
Handelsrecht Gesellschaftsrecht; Strafrecht,6
SchuldrechtAT; Wohnungseigentum,6
SchuldrechtAT; Erbschaft Schenkung,6
Handelsrecht Gesellschaftsrecht; Bankrecht Kreditrecht; Schadensersatz,6
Erbschaft Schenkung; Handelsrecht Gesellschaftsrecht; Erbschaftsteuer,6
Sachenrecht; Zivilverfahrensrecht; Insolvenzrecht,6
Berufsrecht Rechtsanwälte; Zivilverfahrensrecht; Schadensersatz; Zivilverfahrensrecht; Schadensersatz,6
Berufsrecht Rechtsanwälte; BGBAT; SchuldrechtAT,6
Berufsrecht Rechtsanwälte; Zivilverfahrensrecht; Handelsrecht Gesellschaftsrecht,6
Landwirtschaftsrecht; Erbschaft Schenkung; Erbschaftsteuer,6
BGBAT; Wohnungseigentum,6
Kauf Tausch Leasing; SchuldrechtAT; BGBAT,6
Insolvenzrecht; Yellowmap,6
Handelsrecht Gesellschaftsrecht; ELWI-Lohn,6
Bankrecht Kreditrecht; SchuldrechtAT; Insolvenzrecht,6
BGBAT; Schadensersatz; Zivilverfahrensrecht,6
Versicherungsrecht; BGBAT; SchuldrechtAT,6
Körperschaftsteuer,6
Lohnsteuer; Einkommensteuer/Lohnsteuer/Kirchensteuer; Verfahrensrecht/Abgabenordnung,6
Rechnungslegung; Sonstiges Recht; Öffentliches Recht,6
Bankrecht Kreditrecht; SchuldrechtAT; ELWI-FAMR,6
Erbschaft Schenkung; Erbschaftsteuer; Handelsrecht Gesellschaftsrecht,6
Versicherungsrecht; Miete Pacht,6
Sozialversicherungsrecht; SchuldrechtAT,6
Zivilverfahrensrecht; SchuldrechtAT; Schadensersatz,6
Berufsrecht Rechtsanwälte; Sachenrecht,6
Bankrecht Kreditrecht; Schadensersatz; BGBAT,6
Berufsrecht Rechtsanwälte; Zivilverfahrensrecht; Familienrecht,6
Schadensersatz; SchuldrechtAT; Berufsrecht Rechtsanwälte,6
SchuldrechtAT; Familienrecht; Zivilverfahrensrecht; ELWI-FAMR,6
Handelsrecht Gesellschaftsrecht; Schadensersatz; Handelsrecht Gesellschaftsrecht; Schadensersatz,6
Handelsrecht Gesellschaftsrecht; Arbeitsrecht,6
Miete Pacht; Miete Pacht; Zivilverfahrensrecht,6
Rechnungslegung; Handelsrecht Gesellschaftsrecht; Schadensersatz,6
Miete Pacht; Berufsrecht Rechtsanwälte,6
Berufsrecht Steuerberater; Handelsrecht Gesellschaftsrecht; Handelsrecht Gesellschaftsrecht,6
Insolvenzrecht; Neue Bundesländer; Bankrecht Kreditrecht,6
Berufsrecht Rechtsanwälte; Schadensersatz; Zivilverfahrensrecht; Schadensersatz; Zivilverfahrensrecht,6
Zollrecht,6
Erbschaftsteuer; Erbschaft Schenkung; BGBAT,6
Schadensersatz; Familienrecht; ELWI-FAMR,6
Kauf Tausch Leasing; EU-Recht,6
Erbschaft Schenkung; SchuldrechtAT,6
Wettbewerbsrecht Kartellrecht; Berufsrecht Rechtsanwälte,6
"Zivilverfahrensrecht; Berufsrecht
Rechtsanwälte",6
Arbeitsrecht; Versicherungsrecht,6
SchuldrechtAT; EDV-Recht; Kauf Tausch Leasing,6
Sozialversicherungsrecht; Familienrecht,6
Schadensersatz; Bankrecht Kreditrecht; Sachenrecht,6
Werkvertrag; Werkvertrag; Zivilverfahrensrecht,6
Wohnungseigentum; Werkvertrag,6
Berufsrecht Rechtsanwälte; Strafrecht; Verfahrensrecht/Abgabenordnung,6
Handelsrecht Gesellschaftsrecht; Berufsrecht Rechtsanwälte,6
Miete Pacht; Wettbewerbsrecht Kartellrecht,6
Wohnungseigentum; Kauf Tausch Leasing,6
Schadensersatz; SchuldrechtAT; Familienrecht,6
Bankrecht Kreditrecht; Schuldverhältnisse; Schadensersatz; SchuldrechtAT,6
Werkvertrag; Bankrecht Kreditrecht,6
Einkommensteuer/Lohnsteuer/Kirchensteuer; Strafrecht; Steuerstrafrecht,6
Berufsrecht Rechtsanwälte; Insolvenzrecht; Zivilverfahrensrecht; Insolvenzrecht; Zivilverfahrensrecht,6
Zivilverfahrensrecht; BGBAT; Bankrecht Kreditrecht,6
Bankrecht Kreditrecht; Versicherungsrecht,6
Handelsrecht Gesellschaftsrecht; Bankrecht Kreditrecht; SchuldrechtAT; Handelsrecht Gesellschaftsrecht; Bankrecht Kreditrecht; SchuldrechtAT,6
Erbschaft Schenkung; Insolvenzrecht; Zivilverfahrensrecht,6
Handelsrecht Gesellschaftsrecht; Landwirtschaftsrecht; Neue Bundesländer,6
Sachenrecht; Handelsrecht Gesellschaftsrecht,6
Miete Pacht; Schadensersatz; SchuldrechtAT; Zivilverfahrensrecht,6
Erbschaft Schenkung; Familienrecht; Erbschaftsteuer,6
Berufsrecht Steuerberater; Berufsrecht Rechtsanwälte; BGBAT,6
Wirtschaftsprüfung; Rechnungslegung; Handelsrecht Gesellschaftsrecht; Handelsrecht Gesellschaftsrecht,6
Handelsrecht Gesellschaftsrecht; Erbschaftsteuer; Erbschaft Schenkung,6
Schadensersatz; SchuldrechtAT; Sachenrecht; Zivilverfahrensrecht,6
Schadensersatz; BGBAT; Handelsrecht Gesellschaftsrecht; BGBAT; Handelsrecht Gesellschaftsrecht,6
Neue Bundesländer; Erbschaft Schenkung; Erbschaftsteuer,6
SchuldrechtAT; Schuldverhältnisse; Versicherungsrecht,6
Bankrecht Kreditrecht; Wettbewerbsrecht Kartellrecht,6
Sachenrecht; Neue Bundesländer; BGBAT,6
Bankrecht Kreditrecht; Neue Bundesländer,6
"Berufsrecht Rechtsanwälte; Öffentliches
Recht",6
Strafrecht; Schadensersatz,6
Berufsrecht Rechtsanwälte; BGBAT; Schadensersatz; BGBAT; Schadensersatz,6
Öffentliches Recht; Schuldverhältnisse,6
Rechnungslegung; Landwirtschaftsrecht; Neue Bundesländer,5
Wettbewerbsrecht Kartellrecht; Wettbewerbsrecht Kartellrecht,5
Arbeitsrecht; Ausländisches Recht,5
Handelsrecht Gesellschaftsrecht; Schadensersatz; SchuldrechtAT; Bankrecht Kreditrecht,5
Sozialversicherungsrecht; Sozialrecht; Schadensersatz,5
Berufsrecht Rechtsanwälte; Umsatzsteuer; Insolvenzrecht,5
Schadensersatz; Bankrecht Kreditrecht; Schuldverhältnisse,5
Berufsrecht Rechtsanwälte; BGBAT; BGBAT,5
Schadensersatz; Berufsrecht Rechtsanwälte; Insolvenzrecht,5
Handelsrecht Gesellschaftsrecht; Berufsrecht Rechtsanwälte; Zivilverfahrensrecht,5
Umsatzsteuer; Schadensersatz; SchuldrechtAT,5
Miete Pacht; Berufsrecht Rechtsanwälte; Insolvenzrecht,5
Sozialversicherungsrecht; Sozialrecht; Arbeitsrecht,5
Zivilverfahrensrecht; Berufsrecht Rechtsanwälte; EDV-Recht,5
Neue Bundesländer; Familienrecht,5
Berufsrecht Rechtsanwälte; Umsatzsteuer; Zivilverfahrensrecht,5
Rechnungslegung; Zivilverfahrensrecht,5
Werkvertrag; Insolvenzrecht,5
BGBAT; Sachenrecht; Zivilverfahrensrecht,5
Insolvenzrecht; Erbschaft Schenkung,5
Öffentliches Recht; Arbeitsrecht,5
Rechnungslegung; Strafrecht,5
Schadensersatz; Handelsrecht Gesellschaftsrecht; BGBAT; Handelsrecht Gesellschaftsrecht; BGBAT,5
Insolvenzrecht; Neue Bundesländer; Bankrecht Kreditrecht; SchuldrechtAT; Insolvenzrecht; Neue Bundesländer; Bankrecht Kreditrecht; SchuldrechtAT,5
Zivilverfahrensrecht; Familienrecht; Berufsrecht Rechtsanwälte,5
Berufsrecht Rechtsanwälte; Berufsrecht Steuerberater; Wirtschaftsprüfung,5
Insolvenzrecht; Sachenrecht,5
EU-Recht; Kauf Tausch Leasing,5
Bankrecht Kreditrecht; Schuldverhältnisse; Schadensersatz,5
Berufsrecht Rechtsanwälte; Steuerstrafrecht,5
Schadensersatz; BGBAT; Bankrecht Kreditrecht,5
Sozialversicherungsrecht; Wettbewerbsrecht Kartellrecht,5
BGBAT; ELWI-FAMR,5
Berufsrecht Steuerberater; Schadensersatz; SchuldrechtAT,5
Berufsrecht Rechtsanwälte; Insolvenzrecht; Handelsrecht Gesellschaftsrecht,5
Bankrecht Kreditrecht; BGBAT; Sachenrecht,5
Bankrecht Kreditrecht; Schadensersatz; SchuldrechtAT; Schuldverhältnisse,5
BGBAT; Zivilverfahrensrecht; Familienrecht,5
Handelsrecht Gesellschaftsrecht; BGBAT; BGBAT,5
Berufsrecht Steuerberater; BGBAT,5
Berufsrecht Rechtsanwälte; Versicherungsrecht; Zivilverfahrensrecht,5
Berufsrecht Rechtsanwälte; EDV-Recht; Insolvenzrecht; Zivilverfahrensrecht,5
BGBAT; SchuldrechtAT; Schuldverhältnisse,5
Zivilverfahrensrecht; Schadensersatz; Berufsrecht Rechtsanwälte,5
Berufsrecht Rechtsanwälte; Schadensersatz; Zivilverfahrensrecht; Insolvenzrecht,5
Insolvenzrecht; Handelsrecht Gesellschaftsrecht; Handelsrecht Gesellschaftsrecht,5
Schuldverhältnisse; SchuldrechtAT; Zivilverfahrensrecht,5
Berufsrecht Rechtsanwälte; Zivilverfahrensrecht; Strafrecht,5
Schadensersatz; Zivilverfahrensrecht; Insolvenzrecht,5
Erbschaft Schenkung; Schadensersatz,5
Berufsrecht Rechtsanwälte; Handelsrecht Gesellschaftsrecht; Zivilverfahrensrecht,5
Kauf Tausch Leasing; SchuldrechtAT; Schadensersatz,5
Erbschaft Schenkung; SchuldrechtAT; Erbschaftsteuer,5
Urheberrecht Markenrecht Patentrecht; BGBAT,5
Berufsrecht Steuerberater; Berufsrecht Rechtsanwälte; Verfahrensrecht/Abgabenordnung,5
Sozialrecht; Sozialversicherungsrecht; Arbeitsrecht,5
SchuldrechtAT; Schuldverhältnisse; Bankrecht Kreditrecht,5
BGBAT; SchuldrechtAT; Werkvertrag,5
Bankrecht Kreditrecht; Zivilverfahrensrecht; Handelsrecht Gesellschaftsrecht,5
Schadensersatz; EU-Recht,5
Miete Pacht; Öffentliches Recht,5
Handelsrecht Gesellschaftsrecht; BGBAT; SchuldrechtAT,5
EU-Recht; Familienrecht,5
SchuldrechtAT; Wirtschaftsprüfung,5
EDV-Recht; Schadensersatz; Sachenrecht,5
Urheberrecht Markenrecht Patentrecht; Handelsrecht Gesellschaftsrecht,5
Bankrecht Kreditrecht; BGBAT; Kauf Tausch Leasing; Sachenrecht,5
Kauf Tausch Leasing; Bankrecht Kreditrecht; BGBAT; SchuldrechtAT,5
Erbschaft Schenkung; Sachenrecht,5
Schadensersatz; Handelsrecht Gesellschaftsrecht; SchuldrechtAT,5
Berufsrecht Steuerberater; Schadensersatz; Zivilverfahrensrecht; Schadensersatz; Zivilverfahrensrecht,5
Rechnungslegung; Öffentliches Recht,5
Bankrecht Kreditrecht; Werkvertrag; SchuldrechtAT,5
Insolvenzrecht; Bankrecht Kreditrecht; SchuldrechtAT,5
Schadensersatz; Handelsrecht Gesellschaftsrecht; Schadensersatz; Handelsrecht Gesellschaftsrecht,5
Berufsrecht Rechtsanwälte; Urheberrecht Markenrecht Patentrecht; Zivilverfahrensrecht,5
Erbschaft Schenkung; Neue Bundesländer,5
Verfahrensrecht/Abgabenordnung; Verfahrensrecht/Abgabenordnung,5
Wettbewerbsrecht Kartellrecht; Handelsrecht Gesellschaftsrecht,5
Zivilverfahrensrecht; SchuldrechtAT; Miete Pacht,5
Versicherungsrecht; BGBAT; Schadensersatz,5
Steuerstrafrecht; Verfahrensrecht/Abgabenordnung; Strafrecht,5
Kauf Tausch Leasing; Insolvenzrecht,5
Neue Bundesländer; Sachenrecht; BGBAT; Zivilverfahrensrecht,5
Handelsrecht Gesellschaftsrecht; Miete Pacht,5
Schadensersatz; Bankrecht Kreditrecht; SchuldrechtAT; Handelsrecht Gesellschaftsrecht; Bankrecht Kreditrecht; SchuldrechtAT; Handelsrecht Gesellschaftsrecht,5
Insolvenzrecht; BGBAT; Insolvenzrecht; BGBAT,5
Rechnungslegung; SchuldrechtAT; Handelsrecht Gesellschaftsrecht,5
Erbschaft Schenkung; Landwirtschaftsrecht,5
Handelsrecht Gesellschaftsrecht; Schadensersatz; Bankrecht Kreditrecht,5
Versicherungsrecht; Insolvenzrecht,5
Schadensersatz; Urheberrecht Markenrecht Patentrecht; EDV-Recht,5
Landwirtschaftsrecht; Schadensersatz,5
Insolvenzrecht; Schuldverhältnisse,5
Werkvertrag; Wohnungseigentum,5
Wohnungseigentum; BGBAT,5
Miete Pacht; Erbschaft Schenkung,5
Berufsrecht Rechtsanwälte; Zivilverfahrensrecht; EDV-Recht,5
Schadensersatz; Bankrecht Kreditrecht; Zivilverfahrensrecht; Berufsrecht Rechtsanwälte,5
Neue Bundesländer; Bankrecht Kreditrecht,5
Lohnsteuer; Rechnungslegung; Einkommensteuer/Lohnsteuer/Kirchensteuer,5
Zivilverfahrensrecht; Verfahrensrecht/Abgabenordnung; Öffentliches Recht,5
Sonstiges Recht; EU-Recht,5
Zivilverfahrensrecht; BGBAT; SchuldrechtAT,5
Schadensersatz; BGBAT; SchuldrechtAT; Bankrecht Kreditrecht,5
Sozialrecht; Arbeitsrecht,5
Strafrecht; Steuerstrafrecht; Berufsrecht Rechtsanwälte,5
EU-Recht; SchuldrechtAT,5
Miete Pacht; SchuldrechtAT; Schadensersatz,5
Erbschaft Schenkung; Erbschaftsteuer; BGBAT; Erbschaftsteuer,5
EDV-Recht; SchuldrechtAT; Bankrecht Kreditrecht,5
Familienrecht; Erbschaft Schenkung,5
Zivilverfahrensrecht; Handelsrecht Gesellschaftsrecht; Schadensersatz,5
Schadensersatz; SchuldrechtAT; SchuldrechtAT,5
Zivilverfahrensrecht; Berufsrecht Rechtsanwälte; Wohnungseigentum,5
Sachenrecht; Zivilverfahrensrecht; Bankrecht Kreditrecht,5
SchuldrechtAT; Schadensersatz; Miete Pacht,5
Rechnungslegung; Handelsrecht Gesellschaftsrecht; Bankrecht Kreditrecht,5
SchuldrechtAT; Miete Pacht; Schadensersatz,5
EU-Recht; Schadensersatz,5
Berufsrecht Steuerberater; Wirtschaftsprüfung,5
Bankrecht Kreditrecht; SchuldrechtAT; BGBAT; Zivilverfahrensrecht,5
Sachenrecht; Familienrecht,5
SchuldrechtAT; Schadensersatz; Kauf Tausch Leasing,5
Rechnungslegung; Schadensersatz; Handelsrecht Gesellschaftsrecht,5
Versicherungsrecht; Schuldverhältnisse,5
Schadensersatz; SchuldrechtAT; BGBAT,5
Schadensersatz; Schadensersatz; Werkvertrag,4
SchuldrechtAT; Zivilverfahrensrecht; Versicherungsrecht,4
Lohnsteuer; Familienrecht; ELWI-FAMR,4
Berufsrecht Steuerberater; Insolvenzrecht,4
Arbeitsrecht; Schadensersatz,4
Berufsrecht Steuerberater; Berufsrecht Rechtsanwälte; Schadensersatz,4
EDV-Recht; SchuldrechtAT; Schadensersatz,4
Bankrecht Kreditrecht; SchuldrechtAT; Insolvenzrecht; Bankrecht Kreditrecht; SchuldrechtAT; Insolvenzrecht,4
Berufsrecht Rechtsanwälte; Miete Pacht,4
Berufsrecht Rechtsanwälte; Berufsrecht Steuerberater; Schadensersatz; SchuldrechtAT,4
Strafrecht; Berufsrecht Rechtsanwälte; Berufsrecht Steuerberater,4
Lohnsteuer; Einkommensteuer/Lohnsteuer/Kirchensteuer; Steuerstrafrecht; Steuerstrafrecht,4
Zivilverfahrensrecht; Berufsrecht Rechtsanwälte; BGBAT,4
Strafrecht; Umsatzsteuer; Steuerstrafrecht,4
Berufsrecht Rechtsanwälte; Insolvenzrecht; SchuldrechtAT; Insolvenzrecht; SchuldrechtAT,4
Urheberrecht Markenrecht Patentrecht; Schadensersatz; SchuldrechtAT,4
Handelsrecht Gesellschaftsrecht; Familienrecht,4
Familienrecht; BGBAT; ELWI-FAMR,4
Bankrecht Kreditrecht; SchuldrechtAT; Handelsrecht Gesellschaftsrecht,4
BGBAT; Kauf Tausch Leasing; EDV-Recht,4
Rechnungslegung; Handelsrecht Gesellschaftsrecht; SchuldrechtAT; Handelsrecht Gesellschaftsrecht; SchuldrechtAT,4
Neue Bundesländer; Miete Pacht,4
Berufsrecht Rechtsanwälte; Zivilverfahrensrecht; BGBAT; Zivilverfahrensrecht; BGBAT,4
Insolvenzrecht; Familienrecht,4
Berufsrecht Steuerberater; Berufsrecht Rechtsanwälte; Zivilverfahrensrecht; Zivilverfahrensrecht; EDV-Recht,4
Neue Bundesländer; Versicherungsrecht,4
Sachenrecht; Schadensersatz; SchuldrechtAT,4
Schadensersatz; Bankrecht Kreditrecht; Werkvertrag,4
Verfahrensrecht/Abgabenordnung; Handelsrecht Gesellschaftsrecht,4
Umsatzsteuer; Schadensersatz; SchuldrechtAT; Schadensersatz; SchuldrechtAT,4
Handelsrecht Gesellschaftsrecht; Erbschaft Schenkung; Erbschaftsteuer,4
Berufsrecht Rechtsanwälte; Zivilverfahrensrecht; Schadensersatz; SchuldrechtAT,4
Schadensersatz; SchuldrechtAT; Handelsrecht Gesellschaftsrecht; SchuldrechtAT; Handelsrecht Gesellschaftsrecht,4
SchuldrechtAT; Kauf Tausch Leasing; Bankrecht Kreditrecht,4
SchuldrechtAT; Kauf Tausch Leasing; Schadensersatz,4
SchuldrechtAT; Bankrecht Kreditrecht; Versicherungsrecht,4
Schuldverhältnisse; Handelsrecht Gesellschaftsrecht; Schuldverhältnisse; Handelsrecht Gesellschaftsrecht,4
Sozialversicherungsrecht; Sozialrecht; Familienrecht,4
EU-Recht; Zollrecht,4
Zivilverfahrensrecht; BGBAT; Zivilverfahrensrecht; BGBAT,4
Familienrecht; Versicherungsrecht; ELWI-FAMR,4
Erbschaft Schenkung; Familienrecht; ELWI-FAMR,4
Urheberrecht Markenrecht Patentrecht; Wettbewerbsrecht Kartellrecht; SchuldrechtAT,4
Schadensersatz; Handelsrecht Gesellschaftsrecht; Versicherungsrecht,4
BGBAT; SchuldrechtAT; Wettbewerbsrecht Kartellrecht,4
Berufsrecht Steuerberater; BGBAT; Schadensersatz; BGBAT; Schadensersatz,4
Werkvertrag; Kauf Tausch Leasing,4
Zivilverfahrensrecht; Reisevertrag,4
Familienrecht; Zivilverfahrensrecht; Öffentliches Recht,4
BGBAT; Kauf Tausch Leasing; Zivilverfahrensrecht,4
BGBAT; Neue Bundesländer,4
BGBAT; Handelsrecht Gesellschaftsrecht; Zivilverfahrensrecht,4
Familienrecht; BGBAT; Zivilverfahrensrecht,4
Verfahrensrecht/Abgabenordnung; Zivilverfahrensrecht; Berufsrecht Rechtsanwälte,4
SchuldrechtAT; Schadensersatz; Schuldverhältnisse; Bankrecht Kreditrecht,4
Berufsrecht Steuerberater; Werkvertrag,4
Sozialrecht; Sozialversicherungsrecht; Berufsrecht Rechtsanwälte,4
Verfahrensrecht/Abgabenordnung; Strafrecht; Steuerstrafrecht,4
Erbschaft Schenkung; Insolvenzrecht; Insolvenzrecht,4
Miete Pacht; BGBAT; Zivilverfahrensrecht,4
Landwirtschaftsrecht; Miete Pacht; Zivilverfahrensrecht,4
Rechnungslegung; Insolvenzrecht,4
Zivilverfahrensrecht; BGBAT; Handelsrecht Gesellschaftsrecht,4
SchuldrechtAT; BGBAT; Zivilverfahrensrecht,4
BGBAT; Schuldverhältnisse; Handelsrecht Gesellschaftsrecht,4
Bankrecht Kreditrecht; Zivilverfahrensrecht; Schadensersatz,4
Handelsrecht Gesellschaftsrecht; BGBAT; Zivilverfahrensrecht,4
Bankrecht Kreditrecht; Bankrecht Kreditrecht,4
Familienrecht; EU-Recht,4
Bankrecht Kreditrecht; Schadensersatz; SchuldrechtAT; Zivilverfahrensrecht,4
Berufsrecht Rechtsanwälte; Zivilverfahrensrecht; BGBAT,4
Sozialversicherungsrecht; Versicherungsrecht,4
Berufsrecht Rechtsanwälte; Wohnungseigentum; BGBAT; Bankrecht Kreditrecht; Zivilverfahrensrecht,4
Arbeitsrecht; Strafrecht,4
Zivilverfahrensrecht; Umsatzsteuer,4
Insolvenzrecht; Zivilverfahrensrecht; Schadensersatz,4
Schadensersatz; BGBAT; Kauf Tausch Leasing,4
Berufsrecht Rechtsanwälte; Zivilverfahrensrecht; SchuldrechtAT,4
Umsatzsteuer; Strafrecht; Steuerstrafrecht; ELWI-STAP,4
BGBAT; Berufsrecht Rechtsanwälte; Berufsrecht Steuerberater,4
Schadensersatz; SchuldrechtAT; Handelsrecht Gesellschaftsrecht; Bankrecht Kreditrecht,4
Landwirtschaftsrecht; Zivilverfahrensrecht; Sachenrecht,4
Schadensersatz; Bankrecht Kreditrecht; Handelsrecht Gesellschaftsrecht; Zivilverfahrensrecht,4
Familienrecht; Schadensersatz,4
Erbschaft Schenkung; Erbschaftsteuer; Neue Bundesländer,4
EU-Recht; Schadensersatz; Reisevertrag,4
Berufsrecht Rechtsanwälte; Berufsrecht Rechtsanwälte; Zivilverfahrensrecht,4
Schadensersatz; Handelsrecht Gesellschaftsrecht; Insolvenzrecht; Handelsrecht Gesellschaftsrecht; Insolvenzrecht,4
Berufsrecht Rechtsanwälte; Schadensersatz; Handelsrecht Gesellschaftsrecht,4
Werkvertrag; BGBAT; SchuldrechtAT,4
Schuldverhältnisse; Neue Bundesländer,4
Familienrecht; Zivilverfahrensrecht; Berufsrecht Rechtsanwälte; ELWI-FAMR,4
SchuldrechtAT; Zivilverfahrensrecht; Bankrecht Kreditrecht,4
Erbschaft Schenkung; Zivilverfahrensrecht; Erbschaftsteuer,4
Zivilverfahrensrecht; BGBAT; Schadensersatz,4
BGBAT; EDV-Recht; SchuldrechtAT; Kauf Tausch Leasing,4
Schadensersatz; Werkvertrag; SchuldrechtAT,4
Rechnungslegung; Wirtschaftsprüfung; Handelsrecht Gesellschaftsrecht,4
Berufsrecht Rechtsanwälte; Umsatzsteuer,4
SchuldrechtAT; Werkvertrag; Bankrecht Kreditrecht,4
Berufsrecht Rechtsanwälte; Insolvenzrecht; Miete Pacht,4
Wettbewerbsrecht Kartellrecht; Werkvertrag,4
Zivilverfahrensrecht; Schadensersatz; Versicherungsrecht,4
Handelsrecht Gesellschaftsrecht; Körperschaftsteuer; Einkommensteuer/Lohnsteuer/Kirchensteuer,4
Handelsrecht Gesellschaftsrecht; Schuldverhältnisse,4
Miete Pacht; SchuldrechtAT; BGBAT,4
EDV-Recht; Schadensersatz; Urheberrecht Markenrecht Patentrecht,4
Insolvenzrecht; Schadensersatz; Insolvenzrecht; Schadensersatz,4
Miete Pacht; SchuldrechtAT; Kauf Tausch Leasing,4
Arbeitsrecht; Urheberrecht Markenrecht Patentrecht,4
Urheberrecht Markenrecht Patentrecht; Schadensersatz; Zivilverfahrensrecht,4
Sachenrecht; Zivilverfahrensrecht; Wohnungseigentum,4
Grunderwerbsteuer,4
Bankrecht Kreditrecht; Berufsrecht Rechtsanwälte,4
Schuldverhältnisse; BGBAT; Handelsrecht Gesellschaftsrecht,4
Insolvenzrecht; Öffentliches Recht,4
Schadensersatz; Zivilverfahrensrecht; Berufsrecht Rechtsanwälte,4
Strafrecht; Steuerstrafrecht; Verfahrensrecht/Abgabenordnung; Steuerliche Betriebsprüfung,4
Strafrecht; Steuerstrafrecht; Verbrauchsteuern,4
Miete Pacht; Insolvenzrecht; Zivilverfahrensrecht,4
Verfahrensrecht/Abgabenordnung; Steuerstrafrecht; Strafrecht,4
Berufsrecht Rechtsanwälte; Verfahrensrecht/Abgabenordnung; Zivilverfahrensrecht,4
Einkommensteuer/Lohnsteuer/Kirchensteuer; Lohnsteuer; Berufsrecht Steuerberater; Wettbewerbsrecht Kartellrecht; Wettbewerbsrecht Kartellrecht,4
Rechnungslegung; Zivilverfahrensrecht; Handelsrecht Gesellschaftsrecht,4
Verfahrensrecht/Abgabenordnung; Steuerliche Betriebsprüfung,4
Kauf Tausch Leasing; Schadensersatz; Bankrecht Kreditrecht,4
Kauf Tausch Leasing; Neue Bundesländer,4
Werkvertrag; SchuldrechtAT; BGBAT,4
Familienrecht; SchuldrechtAT; Zivilverfahrensrecht,4
Urheberrecht Markenrecht Patentrecht; Öffentliches Recht,4
EDV-Recht; Handelsrecht Gesellschaftsrecht,4
Familienrecht; Schadensersatz; ELWI-FAMR,4
Handelsrecht Gesellschaftsrecht; Insolvenzrecht; Berufsrecht Rechtsanwälte,4
Bankrecht Kreditrecht; Schuldverhältnisse; BGBAT,4
Wirtschaftsprüfung; Rechnungslegung; Handelsrecht Gesellschaftsrecht,4
Insolvenzrecht; Schadensersatz; Zivilverfahrensrecht,4
Familienrecht; Familienrecht,4
BGBAT; SchuldrechtAT; EDV-Recht,4
SchuldrechtAT; Schadensersatz; Handelsrecht Gesellschaftsrecht,4
Neue Bundesländer; Schuldverhältnisse,4
Berufsrecht Steuerberater; Berufsrecht Rechtsanwälte; Wirtschaftsprüfung,4
Kauf Tausch Leasing; SchuldrechtAT; Bankrecht Kreditrecht; Insolvenzrecht; Handelsrecht Gesellschaftsrecht,4
Werkvertrag; Handelsrecht Gesellschaftsrecht,4
Insolvenzrecht; Berufsrecht Rechtsanwälte; Handelsrecht Gesellschaftsrecht,4
Sozialversicherungsrecht; Familienrecht; ELWI-FAMR,4
BGBAT; Schuldverhältnisse; Zivilverfahrensrecht,4
BGBAT; SchuldrechtAT; Sachenrecht,4
Insolvenzrecht; Info,4
BGBAT; Erbschaft Schenkung; Erbschaftsteuer,4
Kauf Tausch Leasing; SchuldrechtAT; Zivilverfahrensrecht,4
Erbschaft Schenkung; Erbschaftsteuer; Bankrecht Kreditrecht,4
SchuldrechtAT; Werkvertrag; SchuldrechtAT; Werkvertrag,4
Strafrecht; Familienrecht,4
EU-Recht; Bankrecht Kreditrecht,4
Insolvenzrecht; Werkvertrag,4
Erbschaft Schenkung; Erbschaftsteuer; Zivilverfahrensrecht; Erbschaftsteuer,4
Strafrecht; SchuldrechtAT,4
Schadensersatz; Schadensersatz; Zivilverfahrensrecht,4
Familienrecht; Zivilverfahrensrecht; BGBAT,4
Rechnungslegung; Versicherungsrecht; SchuldrechtAT,4
Bankrecht Kreditrecht; Schadensersatz; Handelsrecht Gesellschaftsrecht; SchuldrechtAT; Handelsrecht Gesellschaftsrecht; SchuldrechtAT,4
Neue Bundesländer; Zivilverfahrensrecht; Zivilverfahrensrecht,4
Schadensersatz; EDV-Recht; Urheberrecht Markenrecht Patentrecht,4
Neue Bundesländer; Berufsrecht Rechtsanwälte,4
Umsatzsteuer; Schadensersatz,4
Insolvenzrecht; Handelsrecht Gesellschaftsrecht; Insolvenzrecht; Handelsrecht Gesellschaftsrecht,4
Öffentliches Recht; Sozialrecht,4
Berufsrecht Steuerberater; Berufsrecht Rechtsanwälte; EDV-Recht; Zivilverfahrensrecht,4
Familienrecht; Arbeitsrecht,4
Insolvenzrecht; Zivilverfahrensrecht; Bankrecht Kreditrecht,4
Insolvenzrecht; SchuldrechtAT; Insolvenzrecht; SchuldrechtAT,4
Berufsrecht Rechtsanwälte; Einkommensteuer/Lohnsteuer/Kirchensteuer,4
Schadensersatz; SchuldrechtAT; Insolvenzrecht,4
Berufsrecht Rechtsanwälte; Insolvenzrecht; BGBAT,4
Familienrecht; Berufsrecht Rechtsanwälte; ELWI-FAMR,4
Sachenrecht; Bankrecht Kreditrecht; Zivilverfahrensrecht,4
Sozialrecht; Familienrecht,4
Erbschaft Schenkung; BGBAT; Erbschaftsteuer,4
Schuldverhältnisse; Miete Pacht,4
Berufsrecht Rechtsanwälte; Schuldverhältnisse; SchuldrechtAT,4
Neue Bundesländer; Sachenrecht; Zivilverfahrensrecht,4
Miete Pacht; BGBAT; SchuldrechtAT,4
Steuerstrafrecht; Berufsrecht Rechtsanwälte,4
Bankrecht Kreditrecht; Wirtschaftsprüfung; Schadensersatz,4
Berufsrecht Rechtsanwälte; Zivilverfahrensrecht; Sachenrecht,4
Schadensersatz; BGBAT; Zivilverfahrensrecht,4
Zivilverfahrensrecht; ELWI-Lohn,4
BGBAT; Werkvertrag; Zivilverfahrensrecht,4
Schadensersatz; Handelsrecht Gesellschaftsrecht; Zivilverfahrensrecht,4
Bankrecht Kreditrecht; Sachenrecht; Bankrecht Kreditrecht; Sachenrecht,4
Zivilverfahrensrecht; Sachenrecht; Zivilverfahrensrecht; Sachenrecht,4
Schadensersatz; SchuldrechtAT; Umsatzsteuer,4
Werkvertrag; BGBAT; Werkvertrag,4
Versicherungsrecht; Handelsrecht Gesellschaftsrecht,4
Insolvenzrecht; Schadensersatz; Bankrecht Kreditrecht,4
SchuldrechtAT; Kauf Tausch Leasing; Zivilverfahrensrecht,4
Schadensersatz; Miete Pacht; Zivilverfahrensrecht,4
SchuldrechtAT; Bankrecht Kreditrecht; BGBAT,4
Arbeitsrecht; Schuldverhältnisse; SchuldrechtAT,4
Wohnungseigentum; Berufsrecht Rechtsanwälte,4
Berufsrecht Rechtsanwälte; BGBAT; Schadensersatz; Zivilverfahrensrecht; BGBAT; Schadensersatz; Zivilverfahrensrecht,4
SchuldrechtAT; Schuldverhältnisse; SchuldrechtAT; Schuldverhältnisse,4
Schuldverhältnisse; Familienrecht; ELWI-FAMR,3
Familienrecht; Familienrecht; ELWI-FAMR,3
Insolvenzrecht; Schadensersatz; Berufsrecht Rechtsanwälte,3
Bankrecht Kreditrecht; Schadensersatz; SchuldrechtAT; SchuldrechtAT,3
Öffentliches Recht; Verfahrensrecht/Abgabenordnung,3
Insolvenzrecht; Zivilverfahrensrecht; Zivilverfahrensrecht,3
SchuldrechtAT; BGBAT; Werkvertrag,3
Sachenrecht; Familienrecht; ELWI-FAMR,3
Berufsrecht Rechtsanwälte; BGBAT; Zivilverfahrensrecht; BGBAT; Zivilverfahrensrecht,3
Schadensersatz; BGBAT; Schuldverhältnisse,3
BGBAT; SchuldrechtAT; Landwirtschaftsrecht; Neue Bundesländer,3
Versicherungsrecht; EDV-Recht,3
Miete Pacht; Strafrecht,3
Sozialversicherungsrecht; BGBAT,3
Miete Pacht; Schadensersatz; Sachenrecht,3
Öffentliches Recht; Schadensersatz; SchuldrechtAT,3
SchuldrechtAT; Familienrecht; ELWI-FAMR; ELWI-FAMR,3
Wettbewerbsrecht Kartellrecht; Reisevertrag,3
Handelsrecht Gesellschaftsrecht; Insolvenzrecht; Insolvenzrecht,3
Berufsrecht Rechtsanwälte; Werkvertrag,3
EDV-Recht; Urheberrecht Markenrecht Patentrecht; Zivilverfahrensrecht,3
Schadensersatz; SchuldrechtAT; Wettbewerbsrecht Kartellrecht,3
Erbschaft Schenkung; Bankrecht Kreditrecht,3
Wirtschaftsprüfung; Zivilverfahrensrecht,3
Verfahrensrecht/Abgabenordnung; Öffentliches Recht,3
Zivilverfahrensrecht; Berufsrecht Rechtsanwälte; Familienrecht,3
SchuldrechtAT; Familienrecht; Sozialrecht,3
Schadensersatz; Öffentliches Recht; Sonstiges Recht,3
Zivilverfahrensrecht; Schadensersatz; Kauf Tausch Leasing,3
Zivilverfahrensrecht; Familienrecht; BGBAT,3
Berufsrecht Rechtsanwälte; Zivilverfahrensrecht; Insolvenzrecht; Zivilverfahrensrecht; Insolvenzrecht,3
SchuldrechtAT; Bankrecht Kreditrecht; Kauf Tausch Leasing,3
Zivilverfahrensrecht; SchuldrechtAT; BGBAT,3
BGBAT; SchuldrechtAT; Schadensersatz; Handelsrecht Gesellschaftsrecht; Berufsrecht Rechtsanwälte,3
Neue Bundesländer; Neue Bundesländer,3
SchuldrechtAT; Schuldverhältnisse; Handelsrecht Gesellschaftsrecht,3
Rechnungslegung; BGBAT; Handelsrecht Gesellschaftsrecht; BGBAT; Handelsrecht Gesellschaftsrecht,3
Handelsrecht Gesellschaftsrecht; EDV-Recht,3
Berufsrecht Rechtsanwälte; Wettbewerbsrecht Kartellrecht; EU-Recht,3
Berufsrecht Rechtsanwälte; Insolvenzrecht; Neue Bundesländer,3
Steuerstrafrecht; Umsatzsteuer,3
Bankrecht Kreditrecht; Berufsrecht Rechtsanwälte; Schadensersatz; Insolvenzrecht,3
Erbschaft Schenkung; Zivilverfahrensrecht; ELWI-FAMR,3
Berufsrecht Rechtsanwälte; BGBAT; Schadensersatz,3
Bankrecht Kreditrecht; BGBAT; SchuldrechtAT; Schadensersatz,3
Berufsrecht Steuerberater; Berufsrecht Rechtsanwälte; Verfahrensrecht/Abgabenordnung; Zivilverfahrensrecht,3
Schadensersatz; SchuldrechtAT; Versicherungsrecht; Zivilverfahrensrecht,3
SchuldrechtAT; Schadensersatz; Werkvertrag,3
EDV-Recht; Berufsrecht Rechtsanwälte; Zivilverfahrensrecht,3
Umsatzsteuer; Insolvenzrecht,3
Miete Pacht; Schadensersatz; Versicherungsrecht,3
Umsatzsteuer; Werkvertrag,3
Familienrecht; Neue Bundesländer,3
Miete Pacht; Schuldverhältnisse; Schadensersatz,3
Schadensersatz; BGBAT; Werkvertrag,3
Zivilverfahrensrecht; Schuldverhältnisse; BGBAT,3
Berufsrecht Steuerberater; BGBAT; Schadensersatz; Zivilverfahrensrecht; BGBAT; Schadensersatz; Zivilverfahrensrecht,3
Bankrecht Kreditrecht; SchuldrechtAT; Zivilverfahrensrecht; Bankrecht Kreditrecht; SchuldrechtAT; Zivilverfahrensrecht,3
Erbschaft Schenkung; Neue Bundesländer; Sachenrecht; BGBAT,3
Bankrecht Kreditrecht; SchuldrechtAT; Erbschaftsteuer; Erbschaft Schenkung,3
Handelsrecht Gesellschaftsrecht; Sozialversicherungsrecht; Schadensersatz,3
Berufsrecht Rechtsanwälte; Wohnungseigentum; Zivilverfahrensrecht,3
Zivilverfahrensrecht; Öffentliches Recht; Verfahrensrecht/Abgabenordnung,3
SchuldrechtAT; EU-Recht,3
Zivilverfahrensrecht; Familienrecht; ELWI-FAMR; ELWI-FAMR,3
Schuldverhältnisse; Berufsrecht Rechtsanwälte,3
Familienrecht; Neue Bundesländer; BGBAT,3
Wohnungseigentum; Bankrecht Kreditrecht; SchuldrechtAT,3
Berufsrecht Rechtsanwälte; Kauf Tausch Leasing; BGBAT; SchuldrechtAT,3
EDV-Recht; Zivilverfahrensrecht; Urheberrecht Markenrecht Patentrecht,3
SchuldrechtAT; BGBAT; Kauf Tausch Leasing,3
Berufsrecht Rechtsanwälte; Sachenrecht; Zivilverfahrensrecht,3
Berufsrecht Rechtsanwälte; Familienrecht; ELWI-FAMR,3
Berufsrecht Steuerberater; Berufsrecht Rechtsanwälte; Schadensersatz; Schadensersatz,3
Berufsrecht Rechtsanwälte; Schadensersatz; BGBAT; Zivilverfahrensrecht; BGBAT; Zivilverfahrensrecht,3
Schadensersatz; SchuldrechtAT; Kauf Tausch Leasing; Zivilverfahrensrecht,3
Erbschaft Schenkung; Sachenrecht; Zivilverfahrensrecht,3
Erbschaft Schenkung; Erbschaftsteuer; BGBAT; SchuldrechtAT,3
Zivilverfahrensrecht; Sachenrecht; Handelsrecht Gesellschaftsrecht,3
Bankrecht Kreditrecht; Sachenrecht; Insolvenzrecht,3
Kauf Tausch Leasing; Zivilverfahrensrecht; Berufsrecht Rechtsanwälte,3
Bankrecht Kreditrecht; BGBAT; Schuldverhältnisse,3
Einkommensteuer/Lohnsteuer/Kirchensteuer; Lohnsteuer; Steuerstrafrecht; Steuerstrafrecht,3
Berufsrecht Steuerberater; Schadensersatz; SchuldrechtAT; Zivilverfahrensrecht; Schadensersatz; SchuldrechtAT; Zivilverfahrensrecht,3
Zivilverfahrensrecht; Familienrecht; EU-Recht,3
Insolvenzrecht; Berufsrecht Steuerberater,3
EU-Recht; Sonstiges Steuerrecht,3
Zivilverfahrensrecht; Schadensersatz; Sachenrecht,3
Handelsrecht Gesellschaftsrecht; Bankrecht Kreditrecht; Handelsrecht Gesellschaftsrecht; Bankrecht Kreditrecht,3
SchuldrechtAT; Bankrecht Kreditrecht; Info,3
Erbschaftsteuer; Erbschaft Schenkung; Erbschaftsteuer; Erbschaft Schenkung,3
Kauf Tausch Leasing; Rechnungslegung; Handelsrecht Gesellschaftsrecht,3
EU-Recht; Insolvenzrecht; Zivilverfahrensrecht,3
Berufsrecht Steuerberater; Schuldverhältnisse; Schuldverhältnisse,3
Kauf Tausch Leasing; Berufsrecht Rechtsanwälte; SchuldrechtAT,3
BGBAT; SchuldrechtAT; Berufsrecht Rechtsanwälte,3
Berufsrecht Rechtsanwälte; Erbschaft Schenkung; Insolvenzrecht,3
Familienrecht; Erbschaft Schenkung; Erbschaftsteuer; ELWI-FAMR,3
Erbschaft Schenkung; Zivilverfahrensrecht; Landwirtschaftsrecht,3
Steuerstrafrecht; Verfahrensrecht/Abgabenordnung; Steuerliche Betriebsprüfung,3
SchuldrechtAT; Wettbewerbsrecht Kartellrecht; Zivilverfahrensrecht,3
Schadensersatz; EDV-Recht; Zivilverfahrensrecht,3
Kauf Tausch Leasing; BGBAT; SchuldrechtAT; Schadensersatz,3
Schadensersatz; Handelsrecht Gesellschaftsrecht; Insolvenzrecht,3
Neue Bundesländer; Versicherungsrecht; SchuldrechtAT,3
Sachenrecht; Insolvenzrecht; Insolvenzrecht,3
Schuldverhältnisse; Urheberrecht Markenrecht Patentrecht,3
Sachenrecht; Erbschaft Schenkung; Erbschaftsteuer; Kauf Tausch Leasing,3
Berufsrecht Rechtsanwälte; Insolvenzrecht; Umsatzsteuer,3
Berufsrecht Rechtsanwälte; Familienrecht; Zivilverfahrensrecht; ELWI-FAMR,3
Schuldverhältnisse; Schadensersatz; SchuldrechtAT,3
EDV-Recht; Urheberrecht Markenrecht Patentrecht; Wettbewerbsrecht Kartellrecht,3
Familienrecht; Berufsrecht Rechtsanwälte; Berufsrecht Steuerberater,3
Berufsrecht Steuerberater; Berufsrecht Rechtsanwälte; Insolvenzrecht,3
Rechnungslegung; Insolvenzrecht; Handelsrecht Gesellschaftsrecht; Insolvenzrecht; Handelsrecht Gesellschaftsrecht,3
Rechnungslegung; Handelsrecht Gesellschaftsrecht; BGBAT,3
Erbschaft Schenkung; Erbschaftsteuer; BGBAT; Zivilverfahrensrecht,3
Verbrauchsteuern; Strafrecht; Steuerstrafrecht,3
Familienrecht; Urheberrecht Markenrecht Patentrecht,3
Wettbewerbsrecht Kartellrecht; SchuldrechtAT; Zivilverfahrensrecht,3
Schadensersatz; SchuldrechtAT; Wohnungseigentum,3
SchuldrechtAT; Schadensersatz; Berufsrecht Rechtsanwälte,3
Familienrecht; Handelsrecht Gesellschaftsrecht,3
Bankrecht Kreditrecht; Schadensersatz; Bankrecht Kreditrecht,3
Zivilverfahrensrecht; BGBAT; SchuldrechtAT; Miete Pacht; Berufsrecht Rechtsanwälte,3
Urheberrecht Markenrecht Patentrecht; BGBAT; SchuldrechtAT,3
Versicherungsrecht; Bankrecht Kreditrecht; SchuldrechtAT,3
Bankrecht Kreditrecht; Erbschaft Schenkung,3
Öffentliches Recht; Zivilverfahrensrecht; Strafrecht,3
Verfahrensrecht/Abgabenordnung; Einkommensteuer/Lohnsteuer/Kirchensteuer,3
Neue Bundesländer; Erbschaft Schenkung,3
Berufsrecht Steuerberater; Berufsrecht Rechtsanwälte; Strafrecht; Verfahrensrecht/Abgabenordnung,3
Sachenrecht; Kauf Tausch Leasing,3
Öffentliches Recht; Miete Pacht,3
Strafrecht; Rechnungslegung; Handelsrecht Gesellschaftsrecht,3
Insolvenzrecht; Handelsrecht Gesellschaftsrecht; Berufsrecht Rechtsanwälte,3
Strafrecht; Steuerstrafrecht; Verfahrensrecht/Abgabenordnung; Umsatzsteuer,3
Kauf Tausch Leasing; Wettbewerbsrecht Kartellrecht; EDV-Recht,3
SchuldrechtAT; Verfahrensrecht/Abgabenordnung,3
SchuldrechtAT; Bankrecht Kreditrecht; Handelsrecht Gesellschaftsrecht,3
Berufsrecht Rechtsanwälte; BGBAT; SchuldrechtAT; Zivilverfahrensrecht,3
Bankrecht Kreditrecht; BGBAT; Schuldverhältnisse; Schadensersatz,3
Wohnungseigentum; Handelsrecht Gesellschaftsrecht,3
Berufsrecht Rechtsanwälte; Schadensersatz; Erbschaft Schenkung; Erbschaftsteuer,3
Berufsrecht Rechtsanwälte; Berufsrecht Steuerberater; Zivilverfahrensrecht; Zivilverfahrensrecht,3
Berufsrecht Steuerberater; Wettbewerbsrecht Kartellrecht,3
Schuldverhältnisse; BGBAT; Zivilverfahrensrecht,3
Einkommensteuer/Lohnsteuer/Kirchensteuer; Körperschaftsteuer,3
Bankrecht Kreditrecht; Erbschaftsteuer; Erbschaft Schenkung,3
Schadensersatz; Wirtschaftsprüfung,3
Schadensersatz; SchuldrechtAT; Miete Pacht; Zivilverfahrensrecht,3
Landwirtschaftsrecht; Neue Bundesländer; Sachenrecht; BGBAT,3
Berufsrecht Rechtsanwälte; Insolvenzrecht; Schuldverhältnisse,3
Zivilverfahrensrecht; Berufsrecht Rechtsanwälte; Familienrecht; ELWI-FAMR,3
Werkvertrag; Schuldverhältnisse,3
Rechnungslegung; Bankrecht Kreditrecht,3
Handelsrecht Gesellschaftsrecht; Neue Bundesländer,3
Schadensersatz; Verfahrensrecht/Abgabenordnung,3
Berufsrecht Rechtsanwälte; Schadensersatz; Sachenrecht,3
Berufsrecht Rechtsanwälte; Zivilverfahrensrecht; BGBAT; SchuldrechtAT; Schadensersatz; Zivilverfahrensrecht; BGBAT; SchuldrechtAT; Schadensersatz,3
Miete Pacht; Neue Bundesländer; Sachenrecht,3
Berufsrecht Rechtsanwälte; BGBAT; Schuldverhältnisse; BGBAT; Schuldverhältnisse,3
Urheberrecht Markenrecht Patentrecht; SchuldrechtAT; Schadensersatz,3
Schuldverhältnisse; Kauf Tausch Leasing,3
Bankrecht Kreditrecht; Insolvenzrecht; Berufsrecht Rechtsanwälte,3
Schadensersatz; Werkvertrag; Zivilverfahrensrecht,3
Sachenrecht; Zivilverfahrensrecht; BGBAT,3
Strafrecht; Arbeitsrecht; Sozialrecht; Sozialversicherungsrecht,3
Schadensersatz; Werkvertrag; Werkvertrag,3
Handelsrecht Gesellschaftsrecht; Versicherungsrecht,3
Zollrecht; EU-Recht,3
Öffentliches Recht; BGBAT,3
Wohnungseigentum; Schadensersatz; SchuldrechtAT,3
EU-Recht; Umsatzsteuer,3
Bankrecht Kreditrecht; SchuldrechtAT; Schadensersatz; Handelsrecht Gesellschaftsrecht,3
Öffentliches Recht; Handelsrecht Gesellschaftsrecht,3
Arbeitsrecht; Arbeitsrecht; SchuldrechtAT; Schadensersatz,3
Bankrecht Kreditrecht; Schuldverhältnisse; Insolvenzrecht,3
Wettbewerbsrecht Kartellrecht; Arbeitsrecht,3
Sachenrecht; Zivilverfahrensrecht; Berufsrecht Rechtsanwälte,3
Bankrecht Kreditrecht; Schadensersatz; Insolvenzrecht,3
Insolvenzrecht; Zivilverfahrensrecht; SchuldrechtAT,3
Berufsrecht Steuerberater; BGBAT; Schadensersatz; SchuldrechtAT; BGBAT; Schadensersatz; SchuldrechtAT,3
Neue Bundesländer; BGBAT; Zivilverfahrensrecht,3
Wirtschaftsprüfung; SchuldrechtAT,3
Sozialrecht; Sozialversicherungsrecht; Berufsrecht Rechtsanwälte; Berufsrecht Steuerberater,3
Strafrecht; Arbeitsrecht,3
BGBAT; Strafrecht,3
Familienrecht; BGBAT; SchuldrechtAT,3
Umsatzsteuer; Miete Pacht,3
Schadensersatz; Berufsrecht Steuerberater; Zivilverfahrensrecht,3
Schuldverhältnisse; Zivilverfahrensrecht; Insolvenzrecht,3
Sonstiges Recht; Ausländisches Recht,3
Versicherungsrecht; Bankrecht Kreditrecht,3
Schadensersatz; BGBAT; SchuldrechtAT; Bankrecht Kreditrecht; Sachenrecht,3
Berufsrecht Rechtsanwälte; Zivilverfahrensrecht; Miete Pacht,3
Wettbewerbsrecht Kartellrecht; Schuldverhältnisse,3
Einkommensteuer/Lohnsteuer/Kirchensteuer; Lohnsteuer; Familienrecht,3
Kauf Tausch Leasing; SchuldrechtAT; Versicherungsrecht,3
Berufsrecht Rechtsanwälte; Berufsrecht Steuerberater; Wettbewerbsrecht Kartellrecht; Wettbewerbsrecht Kartellrecht,3
Neue Bundesländer; Urheberrecht Markenrecht Patentrecht,3
Familienrecht; Neue Bundesländer; BGBAT; Zivilverfahrensrecht,3
BGBAT; SchuldrechtAT; Kauf Tausch Leasing; Schadensersatz,3
Lohnsteuer; Einkommensteuer/Lohnsteuer/Kirchensteuer; Einkommensteuer/Lohnsteuer/Kirchensteuer,3
Verfahrensrecht/Abgabenordnung; Zivilverfahrensrecht; Familienrecht,3
Rechnungslegung; Einkommensteuer/Lohnsteuer/Kirchensteuer; Handelsrecht Gesellschaftsrecht,3
Berufsrecht Rechtsanwälte; Info,3
Urheberrecht Markenrecht Patentrecht; EDV-Recht; Wettbewerbsrecht Kartellrecht,3
BGBAT; Familienrecht; Zivilverfahrensrecht; ELWI-FAMR,3
Berufsrecht Rechtsanwälte; Berufsrecht Steuerberater; Schadensersatz,3
Bankrecht Kreditrecht; Insolvenzrecht; Zivilverfahrensrecht,3
Urheberrecht Markenrecht Patentrecht; Öffentliches Recht; Zivilverfahrensrecht,3
Versicherungsrecht; BGBAT; Zivilverfahrensrecht,3
Schadensersatz; Schuldverhältnisse; Bankrecht Kreditrecht,3
EDV-Recht; Bankrecht Kreditrecht,3
Öffentliches Recht; Verfahrensrecht/Abgabenordnung; Zivilverfahrensrecht,3
Schadensersatz; EDV-Recht; Sachenrecht,3
Berufsrecht Rechtsanwälte; Erbschaft Schenkung; Zivilverfahrensrecht,3
Berufsrecht Rechtsanwälte; Insolvenzrecht; Schadensersatz; Zivilverfahrensrecht,3
Schadensersatz; Zivilverfahrensrecht; Miete Pacht,3
Zivilverfahrensrecht; BGBAT; Familienrecht,3
Erbschaft Schenkung; Sachenrecht; Erbschaftsteuer,3
Steuerstrafrecht; Strafrecht; ELWI-STAP,3
Neue Bundesländer; Kauf Tausch Leasing,3
Zivilverfahrensrecht; BGBAT; Neue Bundesländer,3
Berufsrecht Rechtsanwälte; SchuldrechtAT; Schadensersatz,3
Handelsrecht Gesellschaftsrecht; Kauf Tausch Leasing; Wettbewerbsrecht Kartellrecht; Zivilverfahrensrecht,3
Sozialversicherungsrecht; Strafrecht; Sozialrecht,3
Kauf Tausch Leasing; Berufsrecht Rechtsanwälte,3
EDV-Recht; EDV-Recht; Wettbewerbsrecht Kartellrecht,3
Berufsrecht Rechtsanwälte; Zivilverfahrensrecht; EU-Recht,3
Berufsrecht Steuerberater; Rechnungslegung; Schadensersatz; Schadensersatz,3
Zivilverfahrensrecht; Handelsrecht Gesellschaftsrecht; Insolvenzrecht,3
Miete Pacht; Landwirtschaftsrecht; Zivilverfahrensrecht,3
Berufsrecht Rechtsanwälte; Verfahrensrecht/Abgabenordnung,3
Schadensersatz; SchuldrechtAT; EDV-Recht,3
Kauf Tausch Leasing; Sachenrecht; Zivilverfahrensrecht,3
SchuldrechtAT; Kauf Tausch Leasing; EU-Recht,3
Zivilverfahrensrecht; ELWI-FAMR; ELWI-FAMR,3
Urheberrecht Markenrecht Patentrecht; EDV-Recht; EU-Recht,3
Wohnungseigentum; SchuldrechtAT; Schadensersatz,3
Schadensersatz; Erbschaft Schenkung; Erbschaftsteuer; Zivilverfahrensrecht,3
Insolvenzrecht; Schuldverhältnisse; Bankrecht Kreditrecht,3
Strafrecht; Neue Bundesländer,3
Schadensersatz; Wettbewerbsrecht Kartellrecht; Zivilverfahrensrecht,3
BGBAT; SchuldrechtAT; Miete Pacht; Sachenrecht,3
BGBAT; SchuldrechtAT; Versicherungsrecht,3
Wettbewerbsrecht Kartellrecht; Ausländisches Recht,3
Einkommensteuer/Lohnsteuer/Kirchensteuer; Verfahrensrecht/Abgabenordnung,3
Berufsrecht Rechtsanwälte; Handelsrecht Gesellschaftsrecht; Schadensersatz,3
Bankrecht Kreditrecht; Schadensersatz; Handelsrecht Gesellschaftsrecht,3
Schadensersatz; Zivilverfahrensrecht; Familienrecht,3
Berufsrecht Rechtsanwälte; Zivilverfahrensrecht; Wohnungseigentum,3
Kauf Tausch Leasing; SchuldrechtAT; EDV-Recht,3
Berufsrecht Rechtsanwälte; Schuldverhältnisse; Schadensersatz; SchuldrechtAT,3
Schadensersatz; Zivilverfahrensrecht; Urheberrecht Markenrecht Patentrecht,3
Kauf Tausch Leasing; Erbschaft Schenkung; Erbschaftsteuer,3
Zivilverfahrensrecht; Sachenrecht; Bankrecht Kreditrecht,3
Kauf Tausch Leasing; SchuldrechtAT; Bankrecht Kreditrecht; Zivilverfahrensrecht,3
Schadensersatz; SchuldrechtAT; ELWI-FAMR,3
Schadensersatz; Schadensersatz; SchuldrechtAT; Werkvertrag,3
Wirtschaftsprüfung; SchuldrechtAT; Bankrecht Kreditrecht,3
Strafrecht; EDV-Recht; Öffentliches Recht,3
Sachenrecht; Handelsrecht Gesellschaftsrecht; Handelsrecht Gesellschaftsrecht,3
Kauf Tausch Leasing; Öffentliches Recht,3
BGBAT; Schadensersatz; SchuldrechtAT; Berufsrecht Rechtsanwälte,3
Schuldverhältnisse; Schuldverhältnisse,3
Urheberrecht Markenrecht Patentrecht; Schadensersatz; Sachenrecht,3
EU-Recht; Ausländisches Recht,3
Kauf Tausch Leasing; Bankrecht Kreditrecht; Schadensersatz,3
Einkommensteuer/Lohnsteuer/Kirchensteuer; Steuerstrafrecht; Steuerstrafrecht,3
EDV-Recht; SchuldrechtAT; BGBAT,3
SchuldrechtAT; Insolvenzrecht; SchuldrechtAT; Insolvenzrecht,3
Berufsrecht Rechtsanwälte; SchuldrechtAT; Schuldverhältnisse,3
Landwirtschaftsrecht; Sachenrecht; Zivilverfahrensrecht,3
Schadensersatz; Urheberrecht Markenrecht Patentrecht; Zivilverfahrensrecht,3
Erbschaft Schenkung; Familienrecht; Zivilverfahrensrecht,3
Rechnungslegung; Handelsrecht Gesellschaftsrecht; Zivilverfahrensrecht,3
EDV-Recht; BGBAT; SchuldrechtAT,3
SchuldrechtAT; Kauf Tausch Leasing; Werkvertrag,3
Miete Pacht; EDV-Recht,3
Schadensersatz; Bankrecht Kreditrecht; SchuldrechtAT; Schuldverhältnisse,3
Insolvenzrecht; EU-Recht,3
Kauf Tausch Leasing; Neue Bundesländer; Sachenrecht,3
Familienrecht; Sozialrecht; Sozialversicherungsrecht,3
Miete Pacht; Bankrecht Kreditrecht,3
Kauf Tausch Leasing; Miete Pacht,3
EDV-Recht; Strafrecht; Öffentliches Recht,3
Familienrecht; Schadensersatz; Zivilverfahrensrecht; ELWI-FAMR,3
Insolvenzrecht; Schadensersatz; Handelsrecht Gesellschaftsrecht; Schadensersatz; Handelsrecht Gesellschaftsrecht,3
Strafrecht; Verfahrensrecht/Abgabenordnung; Öffentliches Recht,3
Rechnungslegung; Steuerstrafrecht; Steuerstrafrecht,3
Berufsrecht Rechtsanwälte; Bankrecht Kreditrecht; SchuldrechtAT,3
Zivilverfahrensrecht; Handelsrecht Gesellschaftsrecht; SchuldrechtAT,3
Öffentliches Recht; Bankrecht Kreditrecht,3
Lohnsteuer; Einkommensteuer/Lohnsteuer/Kirchensteuer; Strafrecht; Steuerstrafrecht,3
SchuldrechtAT; Erbschaft Schenkung; ELWI-FAMR,3
Gewerbesteuer,3
Bankrecht Kreditrecht; SchuldrechtAT; Landwirtschaftsrecht; Neue Bundesländer,3
SchuldrechtAT; Landwirtschaftsrecht; Miete Pacht,3
Sozialversicherungsrecht; Familienrecht; Sozialrecht; ELWI-FAMR,3
Handelsrecht Gesellschaftsrecht; Zivilverfahrensrecht; Zivilverfahrensrecht,3
SchuldrechtAT; BGBAT; Handelsrecht Gesellschaftsrecht,3
Schadensersatz; SchuldrechtAT; Bankrecht Kreditrecht; Sachenrecht,3
EDV-Recht; Miete Pacht,3
Erbschaft Schenkung; Erbschaftsteuer; SchuldrechtAT; Zivilverfahrensrecht,3
Urheberrecht Markenrecht Patentrecht; Neue Bundesländer,3
Sachenrecht; Insolvenzrecht,3
Schadensersatz; SchuldrechtAT; Schuldverhältnisse,3
BGBAT; SchuldrechtAT; ELWI-FAMR,3
Erbschaft Schenkung; BGBAT; SchuldrechtAT,3
Zivilverfahrensrecht; Berufsrecht Steuerberater; Berufsrecht Rechtsanwälte,3
BGBAT; Landwirtschaftsrecht; Miete Pacht,3
Ausländisches Recht,3
Berufsrecht Rechtsanwälte; Zivilverfahrensrecht; Versicherungsrecht,3
Miete Pacht; Erbschaft Schenkung; Erbschaftsteuer,3
Kauf Tausch Leasing; Bankrecht Kreditrecht; SchuldrechtAT; Sachenrecht,3
Insolvenzrecht; Bankrecht Kreditrecht; SchuldrechtAT; Insolvenzrecht; Bankrecht Kreditrecht; SchuldrechtAT,3
Berufsrecht Steuerberater; Schadensersatz; BGBAT,3
Zivilverfahrensrecht; Schadensersatz; SchuldrechtAT; Miete Pacht,3
Urheberrecht Markenrecht Patentrecht; Schadensersatz; EDV-Recht,3
Berufsrecht Rechtsanwälte; Insolvenzrecht; BGBAT; Zivilverfahrensrecht,3
Berufsrecht Rechtsanwälte; Handelsrecht Gesellschaftsrecht; Handelsrecht Gesellschaftsrecht,3
Berufsrecht Rechtsanwälte; Schadensersatz; SchuldrechtAT; Zivilverfahrensrecht; Schadensersatz; SchuldrechtAT; Zivilverfahrensrecht,3
Schadensersatz; SchuldrechtAT; Verfahrensrecht/Abgabenordnung,3
Berufsrecht Rechtsanwälte; Kauf Tausch Leasing; Schadensersatz,3
Berufsrecht Rechtsanwälte; Berufsrecht Steuerberater; Schadensersatz; Handelsrecht Gesellschaftsrecht,3
Rechnungslegung; Handelsrecht Gesellschaftsrecht; BGBAT; Handelsrecht Gesellschaftsrecht; BGBAT,3
Insolvenzrecht; Kauf Tausch Leasing,3
Berufsrecht Rechtsanwälte; Wettbewerbsrecht Kartellrecht; Zivilverfahrensrecht,3
Insolvenzrecht; Schadensersatz; SchuldrechtAT; Sachenrecht,3
EDV-Recht; Wettbewerbsrecht Kartellrecht; Urheberrecht Markenrecht Patentrecht,3
Bankrecht Kreditrecht; Insolvenzrecht; Schuldverhältnisse,3
Berufsrecht Rechtsanwälte; Insolvenzrecht; Schadensersatz; SchuldrechtAT; Insolvenzrecht; Schadensersatz; SchuldrechtAT,3
SchuldrechtAT; EDV-Recht; Wettbewerbsrecht Kartellrecht,3
Erbschaftsteuer; Erbschaft Schenkung; Erbschaftsteuer,3
Bankrecht Kreditrecht; BGBAT; Schadensersatz; SchuldrechtAT,3
Einkommensteuer/Lohnsteuer/Kirchensteuer; Erbschaftsteuer,3
Schuldverhältnisse; Wohnungseigentum,3
Berufsrecht Rechtsanwälte; SchuldrechtAT; BGBAT,3
Strafrecht; Versicherungsrecht,3
Insolvenzrecht; Berufsrecht Rechtsanwälte; BGBAT,3
SchuldrechtAT; Bankrecht Kreditrecht; Schuldverhältnisse,3
Strafrecht; Ausländisches Recht,3
Einkommensteuer/Lohnsteuer/Kirchensteuer; Lohnsteuer; Strafrecht,3
Urheberrecht Markenrecht Patentrecht; EU-Recht; EDV-Recht,3
Berufsrecht Steuerberater; Berufsrecht Rechtsanwälte; Strafrecht,3
BGBAT; Kauf Tausch Leasing; SchuldrechtAT,3
Kauf Tausch Leasing; Werkvertrag; SchuldrechtAT,3
Reisevertrag; Insolvenzrecht,3
Sachenrecht; SchuldrechtAT; Bankrecht Kreditrecht,2
Erbschaft Schenkung; Schuldverhältnisse,2
Berufsrecht Rechtsanwälte; Handelsrecht Gesellschaftsrecht; BGBAT; Handelsrecht Gesellschaftsrecht; BGBAT,2
Handelsrecht Gesellschaftsrecht; Ausländisches Recht,2
Schadensersatz; EU-Recht; Handelsrecht Gesellschaftsrecht,2
BGBAT; Bankrecht Kreditrecht; Schadensersatz; Zivilverfahrensrecht,2
EDV-Recht; SchuldrechtAT; Wettbewerbsrecht Kartellrecht,2
BGBAT; SchuldrechtAT; Erbschaft Schenkung,2
EDV-Recht; SchuldrechtAT; Schuldverhältnisse,2
Erbschaft Schenkung; BGBAT; Schuldverhältnisse,2
Öffentliches Recht; Bankrecht Kreditrecht; EU-Recht,2
Lohnsteuer; Familienrecht; Einkommensteuer/Lohnsteuer/Kirchensteuer; ELWI-FAMR,2
Schadensersatz; Bankrecht Kreditrecht; SchuldrechtAT; Zivilverfahrensrecht,2
Kauf Tausch Leasing; Wohnungseigentum; Schadensersatz; SchuldrechtAT,2
Insolvenzrecht; Miete Pacht; Zivilverfahrensrecht,2
BGBAT; SchuldrechtAT; Schadensersatz; Kauf Tausch Leasing,2
EDV-Recht; Bankrecht Kreditrecht; SchuldrechtAT,2
Bankrecht Kreditrecht; SchuldrechtAT; ELWI-Lohn,2
BGBAT; Schadensersatz; Versicherungsrecht,2
Urheberrecht Markenrecht Patentrecht; Berufsrecht Rechtsanwälte; Zivilverfahrensrecht,2
EU-Recht; Öffentliches Recht; Wettbewerbsrecht Kartellrecht,2
Sozialversicherungsrecht; BGBAT; Sozialrecht,2
Bankrecht Kreditrecht; Sachenrecht; Erbschaft Schenkung,2
Berufsrecht Rechtsanwälte; Insolvenzrecht; Schadensersatz; Insolvenzrecht; Schadensersatz,2
Gewerbesteuer; Strafrecht; Steuerstrafrecht,2
SchuldrechtAT; Handelsrecht Gesellschaftsrecht; Bankrecht Kreditrecht,2
Bankrecht Kreditrecht; Urheberrecht Markenrecht Patentrecht,2
Strafrecht; Umsatzsteuer,2
Bankrecht Kreditrecht; Wirtschaftsprüfung; Handelsrecht Gesellschaftsrecht; Schadensersatz,2
Zivilverfahrensrecht; Schadensersatz; SchuldrechtAT; Sachenrecht,2
Bankrecht Kreditrecht; Ausländisches Recht,2
Lohnsteuer; Familienrecht; ELWI-FAMR; ELWI-FAMR,2
Berufsrecht Steuerberater; Wettbewerbsrecht Kartellrecht; Zivilverfahrensrecht; Wettbewerbsrecht Kartellrecht; Zivilverfahrensrecht,2
SchuldrechtAT; Insolvenzrecht; Zivilverfahrensrecht,2
Berufsrecht Rechtsanwälte; BGBAT; Schuldverhältnisse; Schadensersatz,2
SchuldrechtAT; Werkvertrag; Zivilverfahrensrecht,2
Berufsrecht Rechtsanwälte; Schadensersatz; Versicherungsrecht,2
Bankrecht Kreditrecht; EDV-Recht,2
Versicherungsrecht; Wohnungseigentum,2
Schadensersatz; Bankrecht Kreditrecht; Schuldverhältnisse; SchuldrechtAT,2
Insolvenzrecht; Schuldverhältnisse; Bankrecht Kreditrecht; SchuldrechtAT; Insolvenzrecht; Schuldverhältnisse; Bankrecht Kreditrecht; SchuldrechtAT,2
SchuldrechtAT; Kauf Tausch Leasing; Bankrecht Kreditrecht; Handelsrecht Gesellschaftsrecht,2
Familienrecht; ELWI-FAMR; ELWI-Lohn,2
EDV-Recht; Schadensersatz; Zivilverfahrensrecht,2
Bankrecht Kreditrecht; BGBAT; ELWI-FAMR,2
BGBAT; Schuldverhältnisse; Bankrecht Kreditrecht,2
Berufsrecht Steuerberater; Umsatzsteuer; Schadensersatz; Schadensersatz,2
Umsatzsteuer; SchuldrechtAT; SchuldrechtAT,2
EU-Recht; Einkommensteuer/Lohnsteuer/Kirchensteuer,2
Schadensersatz; SchuldrechtAT; Bankrecht Kreditrecht; Zivilverfahrensrecht,2
Rechnungslegung; BGBAT; Handelsrecht Gesellschaftsrecht,2
Steuerstrafrecht; Strafrecht; Umsatzsteuer,2
Zivilverfahrensrecht; Berufsrecht Rechtsanwälte; Berufsrecht Steuerberater; Info,2
Bankrecht Kreditrecht; Kauf Tausch Leasing; Sachenrecht,2
Einkommensteuer/Lohnsteuer/Kirchensteuer; Lohnsteuer; Berufsrecht Steuerberater,2
Schadensersatz; Schuldverhältnisse; Handelsrecht Gesellschaftsrecht,2
Handelsrecht Gesellschaftsrecht; Sachenrecht; Wohnungseigentum,2
Insolvenzrecht; Sachenrecht; Zivilverfahrensrecht,2
BGBAT; Schuldverhältnisse; BGBAT; Schuldverhältnisse,2
Zivilverfahrensrecht; Berufsrecht Rechtsanwälte; SchuldrechtAT,2
SchuldrechtAT; Kauf Tausch Leasing; Schuldverhältnisse,2
Schadensersatz; Zivilverfahrensrecht; Schadensersatz; Zivilverfahrensrecht,2
Versicherungsrecht; Schadensersatz; SchuldrechtAT; Werkvertrag,2
EDV-Recht; SchuldrechtAT; Kauf Tausch Leasing; BGBAT,2
Öffentliches Recht; Insolvenzrecht; Berufsrecht Rechtsanwälte,2
Verfahrensrecht/Abgabenordnung; Umsatzsteuer,2
Arbeitsrecht; Familienrecht; ELWI-FAMR,2
Handelsrecht Gesellschaftsrecht; Strafrecht; Steuerstrafrecht,2
Berufsrecht Rechtsanwälte; Schadensersatz; SchuldrechtAT; Schadensersatz,2
Urheberrecht Markenrecht Patentrecht; EDV-Recht; Schuldverhältnisse,2
Bankrecht Kreditrecht; Sachenrecht; Kauf Tausch Leasing,2
Zivilverfahrensrecht; Neue Bundesländer; BGBAT,2
BGBAT; Bankrecht Kreditrecht; Zivilverfahrensrecht,2
Steuerstrafrecht; Umsatzsteuer; Strafrecht,2
Kauf Tausch Leasing; EDV-Recht; BGBAT,2
Wirtschaftsprüfung; Strafrecht; Rechnungslegung; Handelsrecht Gesellschaftsrecht,2
Neue Bundesländer; Handelsrecht Gesellschaftsrecht; Zivilverfahrensrecht; Handelsrecht Gesellschaftsrecht; Zivilverfahrensrecht,2
Rechnungslegung; Bankrecht Kreditrecht; Handelsrecht Gesellschaftsrecht,2
Berufsrecht Rechtsanwälte; Strafrecht; Zivilverfahrensrecht,2
Strafrecht; Steuerstrafrecht; LEXPUB,2
Berufsrecht Steuerberater; Schadensersatz; BGBAT; Schadensersatz; BGBAT,2
EU-Recht; Arbeitsrecht; Ausländisches Recht,2
Zivilverfahrensrecht; SchuldrechtAT; Zivilverfahrensrecht; SchuldrechtAT,2
Zivilverfahrensrecht; Familienrecht; Sozialrecht,2
Bankrecht Kreditrecht; SchuldrechtAT; Wirtschaftsprüfung,2
Zivilverfahrensrecht; Insolvenzrecht; Bankrecht Kreditrecht; Sachenrecht,2
EDV-Recht; SchuldrechtAT; Zivilverfahrensrecht; Wettbewerbsrecht Kartellrecht,2
Urheberrecht Markenrecht Patentrecht; Wettbewerbsrecht Kartellrecht; Schadensersatz,2
BGBAT; Umsatzsteuer,2
Sozialrecht; Öffentliches Recht,2
Miete Pacht; BGBAT; SchuldrechtAT; Bankrecht Kreditrecht,2
Handelsrecht Gesellschaftsrecht; Bankrecht Kreditrecht; SchuldrechtAT; Zivilverfahrensrecht; Handelsrecht Gesellschaftsrecht; Bankrecht Kreditrecht; SchuldrechtAT; Zivilverfahrensrecht,2
Urheberrecht Markenrecht Patentrecht; EU-Recht; Zivilverfahrensrecht,2
Rechnungslegung; Strafrecht; Steuerstrafrecht,2
Urheberrecht Markenrecht Patentrecht; EDV-Recht; Berufsrecht Rechtsanwälte,2
Öffentliches Recht; Arbeitsrecht; EU-Recht,2
BGBAT; Miete Pacht; Zivilverfahrensrecht,2
Strafrecht; Verfahrensrecht/Abgabenordnung; BGBAT,2
Miete Pacht; Familienrecht,2
Insolvenzrecht; Sozialrecht,2
SchuldrechtAT; Erbschaft Schenkung; Schadensersatz; Familienrecht; ELWI-FAMR,2
Landwirtschaftsrecht; Neue Bundesländer; Sachenrecht,2
Wettbewerbsrecht Kartellrecht; Bankrecht Kreditrecht,2
BGBAT; Neue Bundesländer; Sachenrecht,2
Kauf Tausch Leasing; SchuldrechtAT; Handelsrecht Gesellschaftsrecht,2
Berufsrecht Rechtsanwälte; Schadensersatz; Schuldverhältnisse; Schuldverhältnisse,2
BGBAT; Bankrecht Kreditrecht; Schuldverhältnisse,2
Berufsrecht Steuerberater; ELWI-Lohn,2
EDV-Recht; Handelsrecht Gesellschaftsrecht; Kauf Tausch Leasing; Wettbewerbsrecht Kartellrecht,2
Berufsrecht Rechtsanwälte; Schadensersatz; SchuldrechtAT; SchuldrechtAT,2
EU-Recht; Öffentliches Recht; Ausländisches Recht,2
Insolvenzrecht; Handelsrecht Gesellschaftsrecht; Rechnungslegung,2
BGBAT; Zivilverfahrensrecht; Handelsrecht Gesellschaftsrecht,2
Schadensersatz; Miete Pacht; Berufsrecht Rechtsanwälte,2
Insolvenzrecht; BGBAT; SchuldrechtAT,2
Rechnungslegung; Wirtschaftsprüfung; Handelsrecht Gesellschaftsrecht; Bankrecht Kreditrecht,2
Zivilverfahrensrecht; Versicherungsrecht; SchuldrechtAT,2
Miete Pacht; Kauf Tausch Leasing; Zivilverfahrensrecht,2
Zivilverfahrensrecht; Öffentliches Recht; Strafrecht,2
Erbschaft Schenkung; Erbschaftsteuer; Schadensersatz; SchuldrechtAT,2
Arbeitsrecht; Schuldverhältnisse; Familienrecht,2
Sonstiges Steuerrecht; EU-Recht,2
Rechnungslegung; Bankrecht Kreditrecht; SchuldrechtAT; Bankrecht Kreditrecht; SchuldrechtAT,2
Miete Pacht; Zivilverfahrensrecht; Kauf Tausch Leasing,2
EU-Recht; Zivilverfahrensrecht; Bankrecht Kreditrecht,2
Bankrecht Kreditrecht; Schadensersatz; SchuldrechtAT; Schuldverhältnisse; Zivilverfahrensrecht,2
Handelsrecht Gesellschaftsrecht; Wettbewerbsrecht Kartellrecht; Handelsrecht Gesellschaftsrecht; Wettbewerbsrecht Kartellrecht,2
EDV-Recht; Kauf Tausch Leasing,2
Schadensersatz; Miete Pacht; SchuldrechtAT,2
Familienrecht; Info; ELWI-FAMR,2
BGBAT; Schadensersatz; SchuldrechtAT; Bankrecht Kreditrecht,2
Schadensersatz; Sachenrecht; Öffentliches Recht; EDV-Recht,2
BGBAT; Sachenrecht; Familienrecht; Zivilverfahrensrecht,2
BGBAT; Miete Pacht; Schadensersatz,2
Zivilverfahrensrecht; SchuldrechtAT; Kauf Tausch Leasing,2
EU-Recht; Bankrecht Kreditrecht; Öffentliches Recht,2
Schadensersatz; SchuldrechtAT; Miete Pacht; BGBAT,2
BGBAT; EU-Recht,2
BGBAT; Erbschaftsteuer; BGBAT; Erbschaftsteuer,2
Steuerliche Betriebsprüfung; Steuerstrafrecht; Steuerstrafrecht,2
Insolvenzrecht; Berufsrecht Rechtsanwälte; Schadensersatz,2
Insolvenzrecht; Bankrecht Kreditrecht; Schuldverhältnisse,2
BGBAT; Bankrecht Kreditrecht; Schadensersatz; SchuldrechtAT,2
Bankrecht Kreditrecht; Zivilverfahrensrecht; Schadensersatz; SchuldrechtAT,2
Familienrecht; Zivilverfahrensrecht; Familienrecht; Zivilverfahrensrecht,2
Insolvenzrecht; Sozialversicherungsrecht; Rechnungslegung; Handelsrecht Gesellschaftsrecht,2
Schadensersatz; Zivilverfahrensrecht; Werkvertrag,2
EDV-Recht; Öffentliches Recht; Schadensersatz,2
Rechnungslegung; Insolvenzrecht; Handelsrecht Gesellschaftsrecht,2
Berufsrecht Rechtsanwälte; Berufsrecht Steuerberater; Handelsrecht Gesellschaftsrecht; Info,2
Insolvenzrecht; Zivilverfahrensrecht; Verfahrensrecht/Abgabenordnung,2
Strafrecht; Sozialrecht,2
BGBAT; SchuldrechtAT; Schadensersatz; Werkvertrag,2
SchuldrechtAT; Neue Bundesländer,2
Werkvertrag; Schadensersatz; Zivilverfahrensrecht,2
BGBAT; Handelsrecht Gesellschaftsrecht; SchuldrechtAT,2
Schadensersatz; Arbeitsrecht; Bankrecht Kreditrecht; BGBAT; Handelsrecht Gesellschaftsrecht,2
Berufsrecht Rechtsanwälte; EDV-Recht; Wettbewerbsrecht Kartellrecht; Wettbewerbsrecht Kartellrecht,2
SchuldrechtAT; Handelsrecht Gesellschaftsrecht; Kauf Tausch Leasing,2
Insolvenzrecht; Zivilverfahrensrecht; BGBAT; Insolvenzrecht; Zivilverfahrensrecht; BGBAT,2
Schadensersatz; BGBAT; Miete Pacht,2
Berufsrecht Steuerberater; Schadensersatz; SchuldrechtAT; Schuldverhältnisse,2
EDV-Recht; Verfahrensrecht/Abgabenordnung,2
Bankrecht Kreditrecht; Schuldverhältnisse; BGBAT; SchuldrechtAT,2
Zivilverfahrensrecht; Insolvenzrecht; SchuldrechtAT,2
SchuldrechtAT; Schadensersatz; Familienrecht,2
Berufsrecht Steuerberater; Berufsrecht Rechtsanwälte; BGBAT; Schadensersatz; Bankrecht Kreditrecht,2
Familienrecht; SchuldrechtAT; Zivilverfahrensrecht; ELWI-FAMR,2
SchuldrechtAT; Kauf Tausch Leasing; BGBAT,2
Berufsrecht Rechtsanwälte; EDV-Recht; Zivilverfahrensrecht; Zivilverfahrensrecht,2
Werkvertrag; Schadensersatz; SchuldrechtAT; Werkvertrag,2
Sachenrecht; Bankrecht Kreditrecht; Werkvertrag; SchuldrechtAT,2
Erbschaft Schenkung; Landwirtschaftsrecht; Zivilverfahrensrecht,2
Wettbewerbsrecht Kartellrecht; Versicherungsrecht,2
Neue Bundesländer; Bankrecht Kreditrecht; SchuldrechtAT,2
Bankrecht Kreditrecht; EDV-Recht; SchuldrechtAT,2
Umsatzsteuer; Werkvertrag; Werkvertrag,2
Berufsrecht Rechtsanwälte; Neue Bundesländer; Zivilverfahrensrecht; Zivilverfahrensrecht,2
Einkommensteuer/Lohnsteuer/Kirchensteuer; Rechnungslegung,2
Kauf Tausch Leasing; BGBAT; EDV-Recht,2
EDV-Recht; Öffentliches Recht; Schuldverhältnisse,2
Sonstiges Recht; Öffentliches Recht; Handelsrecht Gesellschaftsrecht,2
Öffentliches Recht; Sachenrecht; Schadensersatz,2
Sozialversicherungsrecht; Handelsrecht Gesellschaftsrecht; Handelsrecht Gesellschaftsrecht,2
Zivilverfahrensrecht; Schadensersatz; SchuldrechtAT; Kauf Tausch Leasing,2
Berufsrecht Rechtsanwälte; Zivilverfahrensrecht; BGBAT; Schadensersatz,2
Miete Pacht; Neue Bundesländer; BGBAT,2
EDV-Recht; Öffentliches Recht; EDV-Recht,2
Zivilverfahrensrecht; BGBAT; Berufsrecht Rechtsanwälte,2
Versicherungsrecht; Verfahrensrecht/Abgabenordnung,2
Schuldverhältnisse; Schadensersatz; Zivilverfahrensrecht,2
Familienrecht; ELWI-Lohn,2
Versicherungsrecht; SchuldrechtAT; Schadensersatz,2
Zivilverfahrensrecht; SchuldrechtAT; Familienrecht,2
Strafrecht; Schuldverhältnisse,2
Umsatzsteuer; BGBAT; BGBAT,2
Insolvenzrecht; Rechnungslegung; Handelsrecht Gesellschaftsrecht,2
Miete Pacht; Zivilverfahrensrecht; Schadensersatz,2
Familienrecht; Strafrecht,2
Schuldverhältnisse; Werkvertrag; Familienrecht,2
Miete Pacht; Kauf Tausch Leasing; SchuldrechtAT; Versicherungsrecht,2
Rechnungslegung; Handelsrecht Gesellschaftsrecht; Bankrecht Kreditrecht; Handelsrecht Gesellschaftsrecht; Bankrecht Kreditrecht,2
Berufsrecht Steuerberater; Berufsrecht Rechtsanwälte; Erbschaft Schenkung; Wettbewerbsrecht Kartellrecht,2
EDV-Recht; Öffentliches Recht; EU-Recht,2
Kauf Tausch Leasing; SchuldrechtAT; Miete Pacht,2
Arbeitsrecht; Schuldverhältnisse; Sozialrecht; Sozialversicherungsrecht,2
Wirtschaftsprüfung; Handelsrecht Gesellschaftsrecht,2
Bankrecht Kreditrecht; SchuldrechtAT; Insolvenzrecht; Neue Bundesländer,2
EDV-Recht; Urheberrecht Markenrecht Patentrecht; SchuldrechtAT; Sachenrecht,2
BGBAT; Öffentliches Recht,2
Berufsrecht Rechtsanwälte; Bankrecht Kreditrecht; Insolvenzrecht; SchuldrechtAT,2
Kauf Tausch Leasing; Sachenrecht; Handelsrecht Gesellschaftsrecht,2
Miete Pacht; Sachenrecht; Erbschaft Schenkung,2
Erbschaft Schenkung; Zivilverfahrensrecht; Sachenrecht,2
EU-Recht; Berufsrecht Rechtsanwälte,2
Schadensersatz; SchuldrechtAT; Berufsrecht Steuerberater,2
Schadensersatz; Insolvenzrecht; Insolvenzrecht,2
Werkvertrag; Kauf Tausch Leasing; Werkvertrag,2
Reisevertrag; BGBAT,2
EU-Recht; Strafrecht; Öffentliches Recht,2
SchuldrechtAT; Wettbewerbsrecht Kartellrecht; EDV-Recht,2
Erbschaft Schenkung; Erbschaftsteuer; Erbschaftsteuer; Handelsrecht Gesellschaftsrecht,2
Zivilverfahrensrecht; EDV-Recht; Berufsrecht Rechtsanwälte,2
Lohnsteuer; Steuerstrafrecht; Steuerstrafrecht; Einkommensteuer/Lohnsteuer/Kirchensteuer,2
Sachenrecht; Zivilverfahrensrecht; Handelsrecht Gesellschaftsrecht,2
Berufsrecht Steuerberater; Berufsrecht Rechtsanwälte; Verfahrensrecht/Abgabenordnung; Handelsrecht Gesellschaftsrecht,2
Öffentliches Recht; EDV-Recht; Strafrecht,2
EU-Recht; Urheberrecht Markenrecht Patentrecht; EDV-Recht,2
Insolvenzrecht; Kauf Tausch Leasing; Insolvenzrecht; Kauf Tausch Leasing,2
Schuldverhältnisse; Versicherungsrecht,2
Zivilverfahrensrecht; Miete Pacht; Schuldverhältnisse,2
BGBAT; Familienrecht; ELWI-FAMR; ELWI-FAMR,2
BGBAT; Schadensersatz; Bankrecht Kreditrecht; Zivilverfahrensrecht,2
Arbeitsrecht; Schadensersatz; SchuldrechtAT,2
Schadensersatz; Berufsrecht Rechtsanwälte; BGBAT,2
Kauf Tausch Leasing; Miete Pacht; Wohnungseigentum,2
Verbrauchsteuern; Steuerstrafrecht; Strafrecht,2
Sozialversicherungsrecht; Schuldverhältnisse; Sozialrecht,2
Berufsrecht Rechtsanwälte; Schadensersatz; Insolvenzrecht; Zivilverfahrensrecht,2
Kauf Tausch Leasing; Zivilverfahrensrecht; SchuldrechtAT,2
Schadensersatz; Bankrecht Kreditrecht; SchuldrechtAT; ELWI-Lohn,2
Berufsrecht Rechtsanwälte; Insolvenzrecht; SchuldrechtAT; Schadensersatz,2
Berufsrecht Rechtsanwälte; BGBAT; SchuldrechtAT; Sachenrecht,2
EDV-Recht; Wettbewerbsrecht Kartellrecht; Zivilverfahrensrecht,2
Kauf Tausch Leasing; Ausländisches Recht,2
Schadensersatz; Sozialrecht,2
Kauf Tausch Leasing; Sachenrecht; Landwirtschaftsrecht; Neue Bundesländer,2
Schadensersatz; Versicherungsrecht; BGBAT,2
Zivilverfahrensrecht; BGBAT; Schuldverhältnisse,2
Steuerstrafrecht; Strafrecht; Verbrauchsteuern,2
Bewertung; Erbschaftsteuer; Erbschaftsteuer,2
Berufsrecht Rechtsanwälte; Arbeitsrecht; Schuldverhältnisse,2
Bankrecht Kreditrecht; BGBAT; Schadensersatz; Zivilverfahrensrecht,2
BGBAT; EDV-Recht; Zivilverfahrensrecht,2
Berufsrecht Steuerberater; Rechnungslegung; Wettbewerbsrecht Kartellrecht; Wettbewerbsrecht Kartellrecht,2
Familienrecht; Schadensersatz; SchuldrechtAT,2
Berufsrecht Rechtsanwälte; Reisevertrag,2
Insolvenzrecht; Familienrecht; Zivilverfahrensrecht,2
Sozialversicherungsrecht; Schadensersatz; Handelsrecht Gesellschaftsrecht,2
SchuldrechtAT; Handelsrecht Gesellschaftsrecht; Zivilverfahrensrecht,2
Schadensersatz; Insolvenzrecht; Berufsrecht Rechtsanwälte,2
Sachenrecht; SchuldrechtAT; Handelsrecht Gesellschaftsrecht,2
EDV-Recht; Werkvertrag,2
Insolvenzrecht; Handelsrecht Gesellschaftsrecht; Strafrecht,2
SchuldrechtAT; Miete Pacht; Schuldverhältnisse,2
Berufsrecht Rechtsanwälte; BGBAT; Schuldverhältnisse; Bankrecht Kreditrecht,2
Rechnungslegung; Handelsrecht Gesellschaftsrecht; Bankrecht Kreditrecht; SchuldrechtAT; Handelsrecht Gesellschaftsrecht; Bankrecht Kreditrecht; SchuldrechtAT,2
Berufsrecht Steuerberater; Berufsrecht Rechtsanwälte; Wettbewerbsrecht Kartellrecht,2
Wohnungseigentum; Erbschaft Schenkung,2
Zivilverfahrensrecht; Schadensersatz; Erbschaft Schenkung,2
Bankrecht Kreditrecht; Schadensersatz; Schuldverhältnisse; SchuldrechtAT,2
BGBAT; Zivilverfahrensrecht; BGBAT; Zivilverfahrensrecht,2
Handelsrecht Gesellschaftsrecht; Schadensersatz; BGBAT,2
Urheberrecht Markenrecht Patentrecht; Zivilverfahrensrecht; EDV-Recht,2
Erbschaft Schenkung; SchuldrechtAT; Neue Bundesländer,2
Sachenrecht; Erbschaft Schenkung,2
Kauf Tausch Leasing; Sachenrecht; Miete Pacht,2
Zivilverfahrensrecht; SchuldrechtAT; Handelsrecht Gesellschaftsrecht,2
Bankrecht Kreditrecht; Werkvertrag; BGBAT,2
SchuldrechtAT; Kauf Tausch Leasing; Handelsrecht Gesellschaftsrecht,2
Insolvenzrecht; Handelsrecht Gesellschaftsrecht; SchuldrechtAT,2
Miete Pacht; Schadensersatz; Landwirtschaftsrecht; Neue Bundesländer,2
Bankrecht Kreditrecht; Zivilverfahrensrecht; SchuldrechtAT; Schadensersatz; Handelsrecht Gesellschaftsrecht,2
Insolvenzrecht; BGBAT; Zivilverfahrensrecht,2
Urheberrecht Markenrecht Patentrecht; Wettbewerbsrecht Kartellrecht; Zivilverfahrensrecht,2
Insolvenzrecht; Verfahrensrecht/Abgabenordnung; Zivilverfahrensrecht,2
Schadensersatz; Arbeitsrecht; Zivilverfahrensrecht,2
Kauf Tausch Leasing; Versicherungsrecht,2
Sozialversicherungsrecht; Zivilverfahrensrecht; Sozialrecht,2
Rechnungslegung; Strafrecht; Handelsrecht Gesellschaftsrecht,2
Rechnungslegung; Handelsrecht Gesellschaftsrecht; Erbschaftsteuer,2
Wirtschaftsprüfung,2
BGBAT; EDV-Recht; SchuldrechtAT; Kauf Tausch Leasing; Wettbewerbsrecht Kartellrecht,2
Sozialversicherungsrecht; Schuldverhältnisse,2
Zivilverfahrensrecht; Schuldverhältnisse; BGBAT; Bankrecht Kreditrecht; Schadensersatz,2
Öffentliches Recht; Zivilverfahrensrecht; Familienrecht,2
Verfahrensrecht/Abgabenordnung; Rechnungslegung; Einkommensteuer/Lohnsteuer/Kirchensteuer; Körperschaftsteuer,2
Sozialversicherungsrecht; Berufsrecht Rechtsanwälte,2
Arbeitsrecht; Sozialversicherungsrecht; Berufsrecht Rechtsanwälte,2
Handelsrecht Gesellschaftsrecht; Wettbewerbsrecht Kartellrecht; Wettbewerbsrecht Kartellrecht,2
Schadensersatz; SchuldrechtAT; Zivilverfahrensrecht; Schadensersatz; SchuldrechtAT; Zivilverfahrensrecht,2
Kauf Tausch Leasing; Bankrecht Kreditrecht; Sachenrecht,2
Schuldverhältnisse; Sachenrecht,2
Miete Pacht; Arbeitsrecht,2
Handelsrecht Gesellschaftsrecht; BGBAT; Schadensersatz; Handelsrecht Gesellschaftsrecht; BGBAT; Schadensersatz,2
Zivilverfahrensrecht; Berufsrecht Rechtsanwälte; ELWI-FAMR,2
Arbeitsrecht; Arbeitsrecht,2
Berufsrecht Rechtsanwälte; Schadensersatz; Kauf Tausch Leasing,2
BGBAT; Schadensersatz; SchuldrechtAT; Zivilverfahrensrecht,2
Erbschaftsteuer; Erbschaft Schenkung; Schadensersatz,2
BGBAT; Werkvertrag; SchuldrechtAT,2
Sachenrecht; Sachenrecht,2
Schadensersatz; BGBAT; Sozialrecht; Sozialversicherungsrecht,2
SchuldrechtAT; Zivilverfahrensrecht; ELWI-FAMR,2
SchuldrechtAT; Sachenrecht; Wohnungseigentum,2
Öffentliches Recht; Schadensersatz; Sachenrecht,2
BGBAT; Berufsrecht Rechtsanwälte; Zivilverfahrensrecht,2
Öffentliches Recht; EDV-Recht; Sachenrecht,2
Sozialversicherungsrecht; SchuldrechtAT; BGBAT; Insolvenzrecht,2
Ausländisches Recht; Zivilverfahrensrecht,2
SchuldrechtAT; Schuldverhältnisse; EDV-Recht,2
Bankrecht Kreditrecht; Zivilverfahrensrecht; Schuldverhältnisse,2
Familienrecht; Arbeitsrecht; ELWI-FAMR,2
Steuerstrafrecht; Zivilverfahrensrecht,2
Zivilverfahrensrecht; Familienrecht; ELWI-FAMR; ELWI-Lohn,2
BGBAT; Handelsrecht Gesellschaftsrecht; Info,2
Kauf Tausch Leasing; Sachenrecht; Kauf Tausch Leasing; Sachenrecht,2
Berufsrecht Rechtsanwälte; Zivilverfahrensrecht; Schadensersatz; SchuldrechtAT; Zivilverfahrensrecht; Schadensersatz; SchuldrechtAT,2
Handelsrecht Gesellschaftsrecht; Zivilverfahrensrecht; BGBAT,2
Miete Pacht; Familienrecht; ELWI-FAMR,2
Berufsrecht Rechtsanwälte; BGBAT; Insolvenzrecht,2
Bankrecht Kreditrecht; Miete Pacht; SchuldrechtAT,2
Familienrecht; Erbschaft Schenkung; Berufsrecht Rechtsanwälte,2
Schadensersatz; Berufsrecht Rechtsanwälte; BGBAT; SchuldrechtAT,2
SchuldrechtAT; Bankrecht Kreditrecht; EU-Recht,2
Berufsrecht Steuerberater; BGBAT; Schuldverhältnisse,2
Schadensersatz; Schuldverhältnisse; Handelsrecht Gesellschaftsrecht; Schuldverhältnisse; Handelsrecht Gesellschaftsrecht,2
Wettbewerbsrecht Kartellrecht; EU-Recht; Öffentliches Recht,2
Familienrecht; ELWI-FAMR; Zivilverfahrensrecht,2
Handelsrecht Gesellschaftsrecht; Sachenrecht; Zivilverfahrensrecht,2
Schadensersatz; Bankrecht Kreditrecht; SchuldrechtAT; Sachenrecht,2
Handelsrecht Gesellschaftsrecht; SchuldrechtAT; Schadensersatz; SchuldrechtAT; Schadensersatz,2
Arbeitsrecht; Werkvertrag,2
Zivilverfahrensrecht; Berufsrecht Rechtsanwälte; Strafrecht,2
Schadensersatz; Landwirtschaftsrecht,2
Berufsrecht Rechtsanwälte; Zivilverfahrensrecht; Öffentliches Recht,2
Arbeitsrecht; EDV-Recht,2
Familienrecht; Erbschaft Schenkung; ELWI-FAMR,2
EU-Recht; Insolvenzrecht; Handelsrecht Gesellschaftsrecht,2
Familienrecht; Insolvenzrecht; Zivilverfahrensrecht,2
BGBAT; Neue Bundesländer; Zivilverfahrensrecht,2
Handelsrecht Gesellschaftsrecht; Steuerstrafrecht; Steuerstrafrecht,2
Schadensersatz; Berufsrecht Steuerberater; Verfahrensrecht/Abgabenordnung; ELWI-Lohn,2
Handelsrecht Gesellschaftsrecht; Werkvertrag; Handelsrecht Gesellschaftsrecht; Werkvertrag,2
Berufsrecht Rechtsanwälte; Familienrecht; Schadensersatz,2
Bankrecht Kreditrecht; Schuldverhältnisse; SchuldrechtAT; Schadensersatz,2
Einkommensteuer/Lohnsteuer/Kirchensteuer; Lohnsteuer; Lohnsteuer; Berufsrecht Steuerberater; Wettbewerbsrecht Kartellrecht,2
Berufsrecht Rechtsanwälte; BGBAT; Bankrecht Kreditrecht; SchuldrechtAT,2
Schadensersatz; Bankrecht Kreditrecht; SchuldrechtAT; Sachenrecht; Bankrecht Kreditrecht; SchuldrechtAT; Sachenrecht,2
Sachenrecht; EDV-Recht,2
Berufsrecht Rechtsanwälte; Versicherungsrecht; Versicherungsrecht,2
Kauf Tausch Leasing; Handelsrecht Gesellschaftsrecht; Kauf Tausch Leasing; Handelsrecht Gesellschaftsrecht,2
Strafrecht; Schadensersatz; Sachenrecht,2
Schuldverhältnisse; Werkvertrag,2
Schadensersatz; SchuldrechtAT; Schuldverhältnisse; Bankrecht Kreditrecht,2
Öffentliches Recht; Strafrecht; Verfahrensrecht/Abgabenordnung,2
Öffentliches Recht; Sozialrecht; Sozialversicherungsrecht,2
Berufsrecht Rechtsanwälte; Zivilverfahrensrecht; Wettbewerbsrecht Kartellrecht,2
Schadensersatz; Versicherungsrecht; SchuldrechtAT,2
Erbschaft Schenkung; Familienrecht; Erbschaftsteuer; ELWI-FAMR,2
Zivilverfahrensrecht; Strafrecht; Öffentliches Recht,2
Schadensersatz; Bankrecht Kreditrecht; Berufsrecht Rechtsanwälte,2
BGBAT; EDV-Recht; SchuldrechtAT,2
Insolvenzrecht; Schadensersatz; Handelsrecht Gesellschaftsrecht; Handelsrecht Gesellschaftsrecht,2
Strafrecht; Sachenrecht,2
Bankrecht Kreditrecht; Schadensersatz; SchuldrechtAT; Werkvertrag,2
Bankrecht Kreditrecht; Zivilverfahrensrecht; SchuldrechtAT,2
Schadensersatz; Urheberrecht Markenrecht Patentrecht; EU-Recht,2
BGBAT; Kauf Tausch Leasing; Sachenrecht,2
Zivilverfahrensrecht; BGBAT; Miete Pacht,2
EDV-Recht; Zivilverfahrensrecht; Berufsrecht Rechtsanwälte,2
Steuerstrafrecht; Steuerstrafrecht; ELWI-STAP,2
Familienrecht; Erbschaft Schenkung; BGBAT,2
Sachenrecht; Insolvenzrecht; Zivilverfahrensrecht,2
Bankrecht Kreditrecht; Miete Pacht,2
EDV-Recht; Zivilverfahrensrecht; Handelsrecht Gesellschaftsrecht,2
Schadensersatz; SchuldrechtAT; Landwirtschaftsrecht; Miete Pacht,2
Handelsrecht Gesellschaftsrecht; SchuldrechtAT; Schadensersatz,2
Berufsrecht Steuerberater; Schadensersatz; ELWI-Lohn,2
EU-Recht; Zivilverfahrensrecht; Reisevertrag,2
Sachenrecht; Zivilverfahrensrecht; Erbschaft Schenkung,2
EU-Recht; Bankrecht Kreditrecht; SchuldrechtAT,2
Neue Bundesländer; Handelsrecht Gesellschaftsrecht; Zivilverfahrensrecht,2
BGBAT; Insolvenzrecht; Erbschaftsteuer; BGBAT; Insolvenzrecht; Erbschaftsteuer,2
Bankrecht Kreditrecht; SchuldrechtAT; Versicherungsrecht,2
Sozialversicherungsrecht; Familienrecht; ELWI-FAMR; ELWI-FAMR,2
Miete Pacht; Schadensersatz; Handelsrecht Gesellschaftsrecht,2
Kauf Tausch Leasing; BGBAT; Neue Bundesländer,2
Zivilverfahrensrecht; Kauf Tausch Leasing; Wettbewerbsrecht Kartellrecht,2
Wettbewerbsrecht Kartellrecht; Werkvertrag; Öffentliches Recht,2
BGBAT; Schadensersatz; SchuldrechtAT; Kauf Tausch Leasing; EDV-Recht,2
Bankrecht Kreditrecht; SchuldrechtAT; Sachenrecht; Insolvenzrecht,2
Umsatzsteuer; Insolvenzrecht; Zivilverfahrensrecht,2
EU-Recht; Erbschaft Schenkung,2
Berufsrecht Rechtsanwälte; BGBAT; Strafrecht,2
Zivilverfahrensrecht; EU-Recht; Insolvenzrecht,2
Berufsrecht Rechtsanwälte; Berufsrecht Steuerberater; Wirtschaftsprüfung; Schadensersatz,2
Schadensersatz; Wirtschaftsprüfung; Bankrecht Kreditrecht,2
Bankrecht Kreditrecht; Sachenrecht; SchuldrechtAT; Bankrecht Kreditrecht; Sachenrecht; SchuldrechtAT,2
Berufsrecht Steuerberater; Schadensersatz; Handelsrecht Gesellschaftsrecht,2
Handelsrecht Gesellschaftsrecht; Handelsrecht Gesellschaftsrecht; EDV-Recht,2
Berufsrecht Steuerberater; Rechnungslegung; Schadensersatz,2
Zivilverfahrensrecht; Wohnungseigentum; Berufsrecht Rechtsanwälte,2
Rechnungslegung; Wirtschaftsprüfung; Handelsrecht Gesellschaftsrecht; SchuldrechtAT; Handelsrecht Gesellschaftsrecht; SchuldrechtAT,2
Berufsrecht Rechtsanwälte; Sozialrecht,2
Rechnungslegung; Handelsrecht Gesellschaftsrecht; Zivilverfahrensrecht; Handelsrecht Gesellschaftsrecht; Zivilverfahrensrecht,2
Bankrecht Kreditrecht; Wirtschaftsprüfung; SchuldrechtAT,2
SchuldrechtAT; Schadensersatz; BGBAT,2
Schadensersatz; BGBAT; Bankrecht Kreditrecht; Zivilverfahrensrecht,2
Miete Pacht; Kauf Tausch Leasing; BGBAT; SchuldrechtAT,2
Schuldverhältnisse; Schadensersatz; Sachenrecht,2
Schadensersatz; Bankrecht Kreditrecht; BGBAT; Handelsrecht Gesellschaftsrecht,2
Schuldverhältnisse; Bankrecht Kreditrecht; SchuldrechtAT,2
Sachenrecht; Handelsrecht Gesellschaftsrecht; Zivilverfahrensrecht,2
Bankrecht Kreditrecht; SchuldrechtAT; EDV-Recht,2
Bankrecht Kreditrecht; SchuldrechtAT; Handelsrecht Gesellschaftsrecht; Schadensersatz,2
Berufsrecht Rechtsanwälte; Berufsrecht Steuerberater; Schadensersatz; SchuldrechtAT; Schadensersatz; SchuldrechtAT,2
BGBAT; SchuldrechtAT; Schadensersatz; Zivilverfahrensrecht,2
Insolvenzrecht; Schuldverhältnisse; Handelsrecht Gesellschaftsrecht,2
Berufsrecht Rechtsanwälte; Schuldverhältnisse; BGBAT,2
SchuldrechtAT; Schuldverhältnisse; Urheberrecht Markenrecht Patentrecht,2
Schadensersatz; Insolvenzrecht; Neue Bundesländer,2
Reisevertrag; Zivilverfahrensrecht,2
Urheberrecht Markenrecht Patentrecht; Wettbewerbsrecht Kartellrecht; EDV-Recht,2
Zivilverfahrensrecht; Bankrecht Kreditrecht; BGBAT,2
Familienrecht; Schadensersatz; Zivilverfahrensrecht,2
Miete Pacht; Kauf Tausch Leasing; SchuldrechtAT,2
Schadensersatz; EU-Recht; Zivilverfahrensrecht,2
Umsatzsteuer; Steuerstrafrecht; Strafrecht,2
Wettbewerbsrecht Kartellrecht; Kauf Tausch Leasing; EDV-Recht; SchuldrechtAT,2
Insolvenzrecht; Arbeitsrecht; Zivilverfahrensrecht,2
SchuldrechtAT; Versicherungsrecht; Schadensersatz,2
Insolvenzrecht; BGBAT; Bankrecht Kreditrecht; SchuldrechtAT,2
BGBAT; Berufsrecht Steuerberater,2
Sachenrecht; Handelsrecht Gesellschaftsrecht; Sachenrecht; Handelsrecht Gesellschaftsrecht,2
EU-Recht; BGBAT,2
Berufsrecht Rechtsanwälte; Insolvenzrecht; EDV-Recht; Zivilverfahrensrecht,2
Bankrecht Kreditrecht; Werkvertrag; Schuldverhältnisse,2
SchuldrechtAT; Handelsrecht Gesellschaftsrecht; Schadensersatz,2
Lohnsteuer; Strafrecht; Steuerstrafrecht,2
SchuldrechtAT; Schadensersatz; Urheberrecht Markenrecht Patentrecht; Zivilverfahrensrecht,2
Lohnsteuer; Zivilverfahrensrecht,2
Berufsrecht Rechtsanwälte; Zivilverfahrensrecht; BGBAT; SchuldrechtAT; Zivilverfahrensrecht; BGBAT; SchuldrechtAT,2
Sachenrecht; Erbschaft Schenkung; Erbschaftsteuer,2
EU-Recht; EDV-Recht; SchuldrechtAT,2
Schadensersatz; SchuldrechtAT; Reisevertrag,2
Schadensersatz; Bankrecht Kreditrecht; SchuldrechtAT; Werkvertrag,2
SchuldrechtAT; EDV-Recht; Bankrecht Kreditrecht,2
Schadensersatz; Insolvenzrecht; Schadensersatz; Insolvenzrecht,2
Schadensersatz; Familienrecht; Insolvenzrecht,2
Berufsrecht Rechtsanwälte; Bankrecht Kreditrecht; BGBAT,2
EDV-Recht; EU-Recht; Wettbewerbsrecht Kartellrecht,2
Steuerstrafrecht; BGBAT; Steuerstrafrecht; BGBAT,2
Kauf Tausch Leasing; BGBAT; SchuldrechtAT; Handelsrecht Gesellschaftsrecht,2
Berufsrecht Steuerberater; Versicherungsrecht,2
Schadensersatz; Handelsrecht Gesellschaftsrecht; Körperschaftsteuer; Einkommensteuer/Lohnsteuer/Kirchensteuer,2
Schadensersatz; Berufsrecht Steuerberater; Wirtschaftsprüfung,2
Zivilverfahrensrecht; Kauf Tausch Leasing; Schadensersatz,2
Erbschaft Schenkung; Erbschaftsteuer; BGBAT; SchuldrechtAT; Erbschaftsteuer,2
Handelsrecht Gesellschaftsrecht; Insolvenzrecht; BGBAT,2
Steuerstrafrecht; Bankrecht Kreditrecht,2
Sachenrecht; Landwirtschaftsrecht; Neue Bundesländer,2
Schadensersatz; Landwirtschaftsrecht; Neue Bundesländer,2
Schadensersatz; SchuldrechtAT; Bankrecht Kreditrecht; Schuldverhältnisse,2
Sachenrecht; Verfahrensrecht/Abgabenordnung,2
Berufsrecht Steuerberater; Rechnungslegung,2
Sonstiges Recht; Sonstiges Steuerrecht,2
Arbeitsrecht; Handelsrecht Gesellschaftsrecht; Schuldverhältnisse,2
Berufsrecht Rechtsanwälte; Insolvenzrecht; Öffentliches Recht,2
Reisevertrag; Werkvertrag,2
Bankrecht Kreditrecht; Handelsrecht Gesellschaftsrecht; Rechnungslegung; Wirtschaftsprüfung,2
EDV-Recht; BGBAT; Zivilverfahrensrecht; EDV-Recht,2
Wohnungseigentum; SchuldrechtAT; BGBAT,2
Schadensersatz; Sachenrecht; Wettbewerbsrecht Kartellrecht,2
Sozialversicherungsrecht; Öffentliches Recht; Sozialrecht,2
Schadensersatz; Zivilverfahrensrecht; Handelsrecht Gesellschaftsrecht,2
SchuldrechtAT; EDV-Recht; Schuldverhältnisse,2
Wirtschaftsprüfung; Bankrecht Kreditrecht; Schadensersatz,2
Wohnungseigentum; SchuldrechtAT; Werkvertrag,2
Sozialrecht; Sozialversicherungsrecht; Familienrecht,2
Schadensersatz; ELWI-FAMR,2
Berufsrecht Steuerberater; Berufsrecht Rechtsanwälte; BGBAT; Bankrecht Kreditrecht,2
EU-Recht; EDV-Recht; Urheberrecht Markenrecht Patentrecht,2
Schadensersatz; Zivilverfahrensrecht; Bankrecht Kreditrecht; Sachenrecht,2
Insolvenzrecht; Berufsrecht Rechtsanwälte; Schadensersatz; SchuldrechtAT; Kauf Tausch Leasing,2
Neue Bundesländer; Landwirtschaftsrecht,2
Bankrecht Kreditrecht; Insolvenzrecht; Neue Bundesländer,2
Versicherungsrecht; Zivilverfahrensrecht; SchuldrechtAT,2
Bankrecht Kreditrecht; BGBAT; SchuldrechtAT; Handelsrecht Gesellschaftsrecht,2
Berufsrecht Rechtsanwälte; Schadensersatz; Schuldverhältnisse,2
Berufsrecht Steuerberater; EDV-Recht,2
Kauf Tausch Leasing; Bankrecht Kreditrecht; SchuldrechtAT; Schadensersatz,2
Erbschaft Schenkung; Erbschaftsteuer; Versicherungsrecht,2
Verfahrensrecht/Abgabenordnung; Steuerstrafrecht; Umsatzsteuer; Strafrecht,2
Sachenrecht; Bankrecht Kreditrecht; Schadensersatz,2
Schadensersatz; SchuldrechtAT; Schuldverhältnisse; Erbschaft Schenkung,2
Rechnungslegung; Wettbewerbsrecht Kartellrecht,2
Schuldverhältnisse; EDV-Recht,2
Insolvenzrecht; SchuldrechtAT; Handelsrecht Gesellschaftsrecht,2
Zollrecht; Steuerstrafrecht,2
BGBAT; SchuldrechtAT; Bankrecht Kreditrecht; Schuldverhältnisse,2
Bankrecht Kreditrecht; Handelsrecht Gesellschaftsrecht; BGBAT; Schadensersatz,2
Sachenrecht; Urheberrecht Markenrecht Patentrecht,2
Strafrecht; Steuerstrafrecht; Öffentliches Recht,2
Bankrecht Kreditrecht; Schadensersatz; BGBAT; SchuldrechtAT,2
BGBAT; Bankrecht Kreditrecht; Insolvenzrecht,2
Insolvenzrecht; Erbschaft Schenkung; Erbschaftsteuer,2
Kauf Tausch Leasing; Bankrecht Kreditrecht; Schadensersatz; SchuldrechtAT,2
Wettbewerbsrecht Kartellrecht; Handelsrecht Gesellschaftsrecht; Wettbewerbsrecht Kartellrecht; Handelsrecht Gesellschaftsrecht,2
Zivilverfahrensrecht; Versicherungsrecht; Schadensersatz,2
EU-Recht; Familienrecht; Zivilverfahrensrecht,2
Schadensersatz; SchuldrechtAT; Bankrecht Kreditrecht; Erbschaft Schenkung,2
BGBAT; Strafrecht; Zivilverfahrensrecht,2
Schadensersatz; Miete Pacht; BGBAT; SchuldrechtAT,2
Berufsrecht Steuerberater; Berufsrecht Rechtsanwälte; Wettbewerbsrecht Kartellrecht; Schadensersatz,2
Versicherungsrecht; Info,2
Werkvertrag; Einkommensteuer/Lohnsteuer/Kirchensteuer,2
Zivilverfahrensrecht; Insolvenzrecht; Strafrecht,2
Familienrecht; Verfahrensrecht/Abgabenordnung; Zivilverfahrensrecht,2
Schadensersatz; Öffentliches Recht; Zivilverfahrensrecht,2
Berufsrecht Rechtsanwälte; Berufsrecht Rechtsanwälte; Familienrecht; Zivilverfahrensrecht,2
Wettbewerbsrecht Kartellrecht; Zivilverfahrensrecht; EDV-Recht,2
Zivilverfahrensrecht; Berufsrecht Rechtsanwälte; Berufsrecht Steuerberater; BGBAT,2
Berufsrecht Steuerberater; Schadensersatz; SchuldrechtAT; Schuldverhältnisse; Schadensersatz; SchuldrechtAT; Schuldverhältnisse,2
Schadensersatz; Bankrecht Kreditrecht; BGBAT; ELWI-FAMR,2
Familienrecht; BGBAT; ELWI-FAMR; ELWI-FAMR,2
Urheberrecht Markenrecht Patentrecht; SchuldrechtAT; EDV-Recht,2
Handelsrecht Gesellschaftsrecht; SchuldrechtAT; Landwirtschaftsrecht; Neue Bundesländer; Handelsrecht Gesellschaftsrecht; SchuldrechtAT; Landwirtschaftsrecht; Neue Bundesländer,2
Rechnungslegung; Handelsrecht Gesellschaftsrecht; Schadensersatz; Handelsrecht Gesellschaftsrecht; Schadensersatz,2
Berufsrecht Steuerberater; Einkommensteuer/Lohnsteuer/Kirchensteuer,2
Berufsrecht Steuerberater; Schadensersatz; Bankrecht Kreditrecht,2
Erbschaft Schenkung; SchuldrechtAT; ELWI-FAMR,2
Landwirtschaftsrecht; Neue Bundesländer; Handelsrecht Gesellschaftsrecht,2
Erbschaft Schenkung; Erbschaftsteuer; Handelsrecht Gesellschaftsrecht; Erbschaftsteuer,2
EDV-Recht; Urheberrecht Markenrecht Patentrecht; SchuldrechtAT,2
Urheberrecht Markenrecht Patentrecht; ELWI-Lohn,2
EDV-Recht; EU-Recht,2
EDV-Recht; Kauf Tausch Leasing; SchuldrechtAT,2
Handelsrecht Gesellschaftsrecht; Schadensersatz; BGBAT; BGBAT,2
Zivilverfahrensrecht; Miete Pacht; Schadensersatz,2
Öffentliches Recht; Rechnungslegung,2
Berufsrecht Rechtsanwälte; Umsatzsteuer; Verfahrensrecht/Abgabenordnung,2
Strafrecht; Berufsrecht Rechtsanwälte; Steuerstrafrecht,2
Schadensersatz; SchuldrechtAT; Bankrecht Kreditrecht; Insolvenzrecht; SchuldrechtAT; Bankrecht Kreditrecht; Insolvenzrecht,2
Lohnsteuer; Einkommensteuer/Lohnsteuer/Kirchensteuer; Familienrecht; ELWI-FAMR,2
Berufsrecht Rechtsanwälte; SchuldrechtAT; BGBAT; Bankrecht Kreditrecht,2
Berufsrecht Rechtsanwälte; BGBAT; Landwirtschaftsrecht; Zivilverfahrensrecht,2
BGBAT; Urheberrecht Markenrecht Patentrecht,2
Wettbewerbsrecht Kartellrecht; Schadensersatz; Sachenrecht,2
Familienrecht; Zivilverfahrensrecht; Strafrecht,2
Bankrecht Kreditrecht; Schadensersatz; Sachenrecht,2
Berufsrecht Steuerberater; BGBAT; Handelsrecht Gesellschaftsrecht,2
Schadensersatz; BGBAT; Urheberrecht Markenrecht Patentrecht,2
Kauf Tausch Leasing; Insolvenzrecht; Zivilverfahrensrecht,2
Öffentliches Recht; Urheberrecht Markenrecht Patentrecht,2
Urheberrecht Markenrecht Patentrecht; Schuldverhältnisse,2
Neue Bundesländer; BGBAT; Sachenrecht,2
Erbschaft Schenkung; Berufsrecht Rechtsanwälte; Zivilverfahrensrecht,2
Neue Bundesländer; Erbschaft Schenkung; Erbschaftsteuer; Erbschaftsteuer,2
BGBAT; Sachenrecht; BGBAT; Sachenrecht,2
Zivilverfahrensrecht; Sozialrecht,2
Verfahrensrecht/Abgabenordnung; Steuerstrafrecht; Umsatzsteuer,2
Schadensersatz; Bankrecht Kreditrecht; SchuldrechtAT; Bankrecht Kreditrecht; SchuldrechtAT,2
Zivilverfahrensrecht; SchuldrechtAT; Schadensersatz; Schuldverhältnisse,2
Öffentliches Recht; Zivilverfahrensrecht; Wettbewerbsrecht Kartellrecht,2
Wirtschaftsprüfung; Handelsrecht Gesellschaftsrecht; SchuldrechtAT,2
Wirtschaftsprüfung; Bankrecht Kreditrecht,2
Berufsrecht Rechtsanwälte; Schadensersatz; SchuldrechtAT; Schuldverhältnisse,2
EDV-Recht; Öffentliches Recht; Strafrecht,2
Schadensersatz; SchuldrechtAT; Schuldverhältnisse; Zivilverfahrensrecht,2
Kauf Tausch Leasing; Schadensersatz; SchuldrechtAT; Schuldverhältnisse,2
Schuldverhältnisse; Versicherungsrecht; Berufsrecht Rechtsanwälte,2
Berufsrecht Rechtsanwälte; Bankrecht Kreditrecht; SchuldrechtAT; Schadensersatz,2
Kauf Tausch Leasing; BGBAT; Handelsrecht Gesellschaftsrecht,2
SchuldrechtAT; Urheberrecht Markenrecht Patentrecht; Zivilverfahrensrecht,2
Strafrecht; Berufsrecht Rechtsanwälte; Zivilverfahrensrecht,2
Berufsrecht Steuerberater; Berufsrecht Rechtsanwälte; Miete Pacht,2
Bankrecht Kreditrecht; SchuldrechtAT; Schadensersatz; Schuldverhältnisse,2
BGBAT; Zivilverfahrensrecht; Bankrecht Kreditrecht,2
Berufsrecht Rechtsanwälte; Berufsrecht Steuerberater; Zivilverfahrensrecht; Zivilverfahrensrecht; EDV-Recht,2
Berufsrecht Rechtsanwälte; Bewertung,2
Wirtschaftsprüfung; Urheberrecht Markenrecht Patentrecht,2
Verbrauchsteuern,2
Berufsrecht Rechtsanwälte; Schadensersatz; BGBAT,2
Berufsrecht Rechtsanwälte; Sozialrecht; Sozialversicherungsrecht,2
Miete Pacht; BGBAT; Schadensersatz,2
Zivilverfahrensrecht; Bankrecht Kreditrecht; Berufsrecht Rechtsanwälte,2
SchuldrechtAT; Wettbewerbsrecht Kartellrecht; Öffentliches Recht,2
Sachenrecht; Bankrecht Kreditrecht; SchuldrechtAT; BGBAT,2
Zivilverfahrensrecht; SchuldrechtAT; Familienrecht; ELWI-FAMR,2
Schadensersatz; BGBAT; Neue Bundesländer,2
Berufsrecht Steuerberater; Schadensersatz; Bankrecht Kreditrecht; BGBAT,2
Verfahrensrecht/Abgabenordnung; Steuerstrafrecht; Einkommensteuer/Lohnsteuer/Kirchensteuer,2
Berufsrecht Rechtsanwälte; Insolvenzrecht; Bankrecht Kreditrecht,2
Schadensersatz; Sachenrecht; SchuldrechtAT,2
Bankrecht Kreditrecht; Familienrecht; ELWI-FAMR,2
SchuldrechtAT; Bankrecht Kreditrecht; SchuldrechtAT; Bankrecht Kreditrecht,2
Bankrecht Kreditrecht; Strafrecht,2
Kauf Tausch Leasing; Schadensersatz; SchuldrechtAT; Zivilverfahrensrecht,2
Berufsrecht Rechtsanwälte; SchuldrechtAT; Bankrecht Kreditrecht,2
Neue Bundesländer; Öffentliches Recht,2
Urheberrecht Markenrecht Patentrecht; EDV-Recht; SchuldrechtAT,2
BGBAT; Erbschaft Schenkung; Zivilverfahrensrecht,2
Schadensersatz; Zivilverfahrensrecht; Zivilverfahrensrecht,2
Handelsrecht Gesellschaftsrecht; SchuldrechtAT; Kauf Tausch Leasing,2
Kauf Tausch Leasing; Insolvenzrecht; Insolvenzrecht,2
Öffentliches Recht; Kauf Tausch Leasing,2
Berufsrecht Rechtsanwälte; Schadensersatz; SchuldrechtAT; Zivilverfahrensrecht,2
Zivilverfahrensrecht; Handelsrecht Gesellschaftsrecht; Bankrecht Kreditrecht,2
Handelsrecht Gesellschaftsrecht; BGBAT; SchuldrechtAT; Handelsrecht Gesellschaftsrecht; BGBAT; SchuldrechtAT,2
Urheberrecht Markenrecht Patentrecht; Arbeitsrecht; ELWI-Lohn,2
Zollrecht; Steuerstrafrecht; Strafrecht,2
Strafrecht; Zivilverfahrensrecht; Öffentliches Recht,2
Berufsrecht Rechtsanwälte; Berufsrecht Steuerberater; Strafrecht,2
Handelsrecht Gesellschaftsrecht; BGBAT; Schuldverhältnisse,2
Wettbewerbsrecht Kartellrecht; EDV-Recht; Kauf Tausch Leasing,2
Sozialrecht; Versicherungsrecht,2
SchuldrechtAT; Kauf Tausch Leasing; Bankrecht Kreditrecht; Zivilverfahrensrecht,2
Kauf Tausch Leasing; Bankrecht Kreditrecht; Bankrecht Kreditrecht,2
Bankrecht Kreditrecht; Handelsrecht Gesellschaftsrecht; SchuldrechtAT,2
BGBAT; SchuldrechtAT; Bankrecht Kreditrecht; Schadensersatz,2
Bankrecht Kreditrecht; Schuldverhältnisse; Zivilverfahrensrecht,2
Steuerliche Förderungsgesetze; Miete Pacht,2
Berufsrecht Rechtsanwälte; Versicherungsrecht; Schadensersatz,2
Öffentliches Recht; Schadensersatz; Sachenrecht; Urheberrecht Markenrecht Patentrecht,2
Sachenrecht; Familienrecht; Zivilverfahrensrecht,2
Schadensersatz; Ausländisches Recht,2
SchuldrechtAT; BGBAT; Bankrecht Kreditrecht,2
Sozialversicherungsrecht; Sozialrecht; Neue Bundesländer,2
EDV-Recht; Strafrecht; Steuerstrafrecht,2
SchuldrechtAT; Berufsrecht Rechtsanwälte; Zivilverfahrensrecht,2
Schuldverhältnisse; Strafrecht,2
Berufsrecht Steuerberater; Zivilverfahrensrecht; Schadensersatz; SchuldrechtAT,2
Zivilverfahrensrecht; Schadensersatz; Zivilverfahrensrecht; Schadensersatz,2
Berufsrecht Rechtsanwälte; Miete Pacht; Zivilverfahrensrecht,2
Schadensersatz; Erbschaft Schenkung; Erbschaftsteuer; Handelsrecht Gesellschaftsrecht,2
Insolvenzrecht; SchuldrechtAT; Bankrecht Kreditrecht,2
Strafrecht; Handelsrecht Gesellschaftsrecht; Sozialrecht; Sozialversicherungsrecht,2
SchuldrechtAT; Zivilverfahrensrecht; Insolvenzrecht,2
Schuldverhältnisse; Schadensersatz; Berufsrecht Rechtsanwälte,2
Umsatzsteuer; Versicherungsrecht; SchuldrechtAT,2
Schadensersatz; Bankrecht Kreditrecht; SchuldrechtAT; Handelsrecht Gesellschaftsrecht,2
Lohnsteuer; Lohnsteuer; Einkommensteuer/Lohnsteuer/Kirchensteuer; Steuerstrafrecht; Steuerstrafrecht,2
Bankrecht Kreditrecht; Handelsrecht Gesellschaftsrecht; Handelsrecht Gesellschaftsrecht,2
Arbeitsrecht; Schuldverhältnisse; Handelsrecht Gesellschaftsrecht,2
Schadensersatz; SchuldrechtAT; Kauf Tausch Leasing; Werkvertrag,2
Miete Pacht; BGBAT; Berufsrecht Rechtsanwälte,2
Strafrecht; Zivilverfahrensrecht; Steuerstrafrecht,2
Familienrecht; BGBAT; Ausländisches Recht,2
Bankrecht Kreditrecht; SchuldrechtAT; Schadensersatz; BGBAT,2
Wirtschaftsprüfung; Schadensersatz; SchuldrechtAT,2
Sachenrecht; Erbschaft Schenkung; Erbschaftsteuer; Zivilverfahrensrecht,2
Berufsrecht Rechtsanwälte; Miete Pacht; Insolvenzrecht,2
Landwirtschaftsrecht; Erbschaft Schenkung,2
Familienrecht; Landwirtschaftsrecht; ELWI-FAMR,2
Arbeitsrecht; BGBAT; SchuldrechtAT,2
Reisevertrag; Wettbewerbsrecht Kartellrecht,2
SchuldrechtAT; Neue Bundesländer; BGBAT,2
Berufsrecht Steuerberater; Berufsrecht Rechtsanwälte; Info,2
Handelsrecht Gesellschaftsrecht; Neue Bundesländer; Neue Bundesländer,2
BGBAT; Reisevertrag,2
Versicherungsrecht; Öffentliches Recht,2
Handelsrecht Gesellschaftsrecht; Wohnungseigentum,2
Wettbewerbsrecht Kartellrecht; Schadensersatz; Sachenrecht; EDV-Recht,2
Berufsrecht Rechtsanwälte; Zivilverfahrensrecht; BGBAT; SchuldrechtAT,2
Neue Bundesländer; Sachenrecht; BGBAT; Landwirtschaftsrecht,2
Familienrecht; ELWI-FAMR; ELWI-FAMR; ELWI-FAMR,2
Urheberrecht Markenrecht Patentrecht; Zivilverfahrensrecht; Schadensersatz,2
Handelsrecht Gesellschaftsrecht; Rechnungslegung; Insolvenzrecht,2
SchuldrechtAT; Versicherungsrecht; Zivilverfahrensrecht,2
Rechnungslegung; Schadensersatz; SchuldrechtAT,2
Insolvenzrecht; BGBAT; Bankrecht Kreditrecht,2
Bankrecht Kreditrecht; Schadensersatz; Wirtschaftsprüfung,2
Kauf Tausch Leasing; BGBAT; Schadensersatz,2
Sachenrecht; Neue Bundesländer; BGBAT; Zivilverfahrensrecht,2
Zivilverfahrensrecht; SchuldrechtAT; Versicherungsrecht,2
Erbschaft Schenkung; Familienrecht; BGBAT,2
SchuldrechtAT; Bankrecht Kreditrecht; Insolvenzrecht,2
Zivilverfahrensrecht; Versicherungsrecht; BGBAT,2
Handelsrecht Gesellschaftsrecht; BGBAT; Erbschaftsteuer; Handelsrecht Gesellschaftsrecht; BGBAT; Erbschaftsteuer,2
Neue Bundesländer; Kauf Tausch Leasing; SchuldrechtAT,2
Strafrecht; Schadensersatz; Bankrecht Kreditrecht,2
Berufsrecht Rechtsanwälte; Schuldverhältnisse; Zivilverfahrensrecht,2
Insolvenzrecht; Berufsrecht Rechtsanwälte; Handelsrecht Gesellschaftsrecht; Zivilverfahrensrecht,2
Kauf Tausch Leasing; EDV-Recht,2
Schadensersatz; EDV-Recht; SchuldrechtAT,2
Kauf Tausch Leasing; BGBAT; SchuldrechtAT; BGBAT; SchuldrechtAT,2
Erbschaft Schenkung; Schadensersatz; Erbschaftsteuer,2
Zivilverfahrensrecht; Familienrecht; SchuldrechtAT,2
Insolvenzrecht; Versicherungsrecht; Zivilverfahrensrecht,2
Arbeitsrecht; Versicherungsrecht; SchuldrechtAT; Zivilverfahrensrecht,2
Umsatzsteuer; Insolvenzrecht; Insolvenzrecht,2
Steuerstrafrecht; Einkommensteuer/Lohnsteuer/Kirchensteuer; Verfahrensrecht/Abgabenordnung,2
Insolvenzrecht; SchuldrechtAT; Schadensersatz,2
Berufsrecht Rechtsanwälte; BGBAT; SchuldrechtAT; Schadensersatz,2
Insolvenzrecht; Schadensersatz; SchuldrechtAT,2
Familienrecht; Einkommensteuer/Lohnsteuer/Kirchensteuer,2
EDV-Recht; Sachenrecht,2
Umsatzsteuer; Berufsrecht Rechtsanwälte,2
Erbschaft Schenkung; Erbschaftsteuer; BGBAT; ELWI-FAMR,2
Wohnungseigentum; Schadensersatz; SchuldrechtAT; Zivilverfahrensrecht,2
Sachenrecht; Zivilverfahrensrecht; Familienrecht,2
Versicherungsrecht; Schuldverhältnisse; SchuldrechtAT,2
Rechnungslegung; SchuldrechtAT; Versicherungsrecht,2
Zivilverfahrensrecht; EDV-Recht; Berufsrecht Rechtsanwälte; Berufsrecht Steuerberater,2
Erbschaft Schenkung; Urheberrecht Markenrecht Patentrecht,2
Berufsrecht Rechtsanwälte; Schuldverhältnisse; BGBAT; Bankrecht Kreditrecht,2
EDV-Recht; EU-Recht; Schadensersatz,2
Bankrecht Kreditrecht; SchuldrechtAT; BGBAT; Sachenrecht,2
SchuldrechtAT; EDV-Recht; Öffentliches Recht,2
Wettbewerbsrecht Kartellrecht; SchuldrechtAT; EDV-Recht,2
SchuldrechtAT; Zivilverfahrensrecht; Berufsrecht Rechtsanwälte,2
Berufsrecht Rechtsanwälte; Berufsrecht Steuerberater; Wettbewerbsrecht Kartellrecht,2
Verfahrensrecht/Abgabenordnung; Berufsrecht Rechtsanwälte,2
Strafrecht; Erbschaft Schenkung,2
Erbschaft Schenkung; SchuldrechtAT; Zivilverfahrensrecht,2
Zivilverfahrensrecht; Neue Bundesländer; Sachenrecht,2
Berufsrecht Rechtsanwälte; Berufsrecht Steuerberater; Öffentliches Recht,2
Bankrecht Kreditrecht; Sachenrecht; BGBAT,2
Erbschaft Schenkung; Erbschaftsteuer; BGBAT; Bankrecht Kreditrecht,2
Bankrecht Kreditrecht; BGBAT; Werkvertrag,2
Rechnungslegung; Einkommensteuer/Lohnsteuer/Kirchensteuer; Körperschaftsteuer,2
SchuldrechtAT; Arbeitsrecht,2
Schadensersatz; BGBAT; Bankrecht Kreditrecht; ELWI-FAMR,2
Miete Pacht; Versicherungsrecht; SchuldrechtAT,2
Bankrecht Kreditrecht; Werkvertrag; Sachenrecht,2
Öffentliches Recht; BGBAT; SchuldrechtAT,2
Schadensersatz; Insolvenzrecht; Zivilverfahrensrecht,2
Miete Pacht; Schadensersatz; Schuldverhältnisse,2
Kauf Tausch Leasing; BGBAT; Zivilverfahrensrecht,2
Kauf Tausch Leasing; Bankrecht Kreditrecht; Insolvenzrecht,2
EDV-Recht; EDV-Recht; Urheberrecht Markenrecht Patentrecht,2
Erbschaft Schenkung; Erbschaft Schenkung; Berufsrecht Rechtsanwälte,2
Bankrecht Kreditrecht; Schadensersatz; Schuldverhältnisse,2
Schuldverhältnisse; Sozialrecht,2
Werkvertrag; SchuldrechtAT; BGBAT; Bankrecht Kreditrecht,2
Wettbewerbsrecht Kartellrecht; Öffentliches Recht; EDV-Recht,2
Berufsrecht Rechtsanwälte; Erbschaft Schenkung; Schadensersatz,2
Berufsrecht Rechtsanwälte; Handelsrecht Gesellschaftsrecht; Insolvenzrecht; Handelsrecht Gesellschaftsrecht; Insolvenzrecht,2
Familienrecht; Zivilverfahrensrecht; Berufsrecht Rechtsanwälte; ELWI-FAMR; ELWI-FAMR,2
Berufsrecht Rechtsanwälte; Ausländisches Recht,2
Kauf Tausch Leasing; Erbschaft Schenkung,2
Wettbewerbsrecht Kartellrecht; EDV-Recht; BGBAT,2
Schadensersatz; SchuldrechtAT; Arbeitsrecht,2
Berufsrecht Steuerberater; Bankrecht Kreditrecht,2
Schuldverhältnisse; SchuldrechtAT; Schadensersatz,2
Insolvenzrecht; Zivilverfahrensrecht; Familienrecht,2
Versicherungsrecht; Umsatzsteuer,2
Handelsrecht Gesellschaftsrecht; ELWI-FAMR,2
Schadensersatz; Bankrecht Kreditrecht; Sachenrecht; SchuldrechtAT,2
Familienrecht; Öffentliches Recht; ELWI-FAMR,2
Urheberrecht Markenrecht Patentrecht; Öffentliches Recht; EU-Recht,1
Berufsrecht Rechtsanwälte; Zivilverfahrensrecht; Arbeitsrecht; Schuldverhältnisse,1
Erbschaft Schenkung; Erbschaft Schenkung; Zivilverfahrensrecht; Familienrecht,1
Arbeitsrecht; SchuldrechtAT; EDV-Recht,1
Bankrecht Kreditrecht; Schadensersatz; Schadensersatz; SchuldrechtAT,1
Steuerstrafrecht; Sozialrecht; Strafrecht; Arbeitsrecht,1
Berufsrecht Steuerberater; Berufsrecht Rechtsanwälte; Wettbewerbsrecht Kartellrecht; Verfahrensrecht/Abgabenordnung; Schadensersatz,1
Zivilverfahrensrecht; SchuldrechtAT; Sachenrecht,1
Verfahrensrecht/Abgabenordnung; Steuerstrafrecht; Info; ELWI-STAP,1
Rechnungslegung; Arbeitsrecht,1
BGBAT; SchuldrechtAT; Schuldverhältnisse; Kauf Tausch Leasing; EDV-Recht,1
Insolvenzrecht; Bankrecht Kreditrecht; Berufsrecht Rechtsanwälte; Schadensersatz,1
Miete Pacht; Berufsrecht Rechtsanwälte; Erbschaft Schenkung; Familienrecht; ELWI-FAMR,1
Insolvenzrecht; Bankrecht Kreditrecht; Handelsrecht Gesellschaftsrecht,1
Erbschaft Schenkung; Zivilverfahrensrecht; Insolvenzrecht,1
Bankrecht Kreditrecht; BGBAT; SchuldrechtAT; ELWI-Lohn,1
Schadensersatz; SchuldrechtAT; Wirtschaftsprüfung; Info,1
Berufsrecht Rechtsanwälte; Insolvenzrecht; Zivilverfahrensrecht; Handelsrecht Gesellschaftsrecht,1
Arbeitsrecht; Insolvenzrecht; Zivilverfahrensrecht; Insolvenzrecht; Zivilverfahrensrecht,1
Zivilverfahrensrecht; Arbeitsrecht; Handelsrecht Gesellschaftsrecht,1
Rechnungslegung; Handelsrecht Gesellschaftsrecht; ELWI-Lohn,1
Kauf Tausch Leasing; Bankrecht Kreditrecht; BGBAT; Erbschaftsteuer,1
Schadensersatz; Schuldverhältnisse; Öffentliches Recht,1
Kauf Tausch Leasing; Berufsrecht Rechtsanwälte; SchuldrechtAT; Sachenrecht; Insolvenzrecht; Neue Bundesländer,1
Sachenrecht; BGBAT; Insolvenzrecht,1
BGBAT; Schadensersatz; Handelsrecht Gesellschaftsrecht; Steuerstrafrecht,1
Rechnungslegung; Rechnungslegung; Berufsrecht Rechtsanwälte; Insolvenzrecht,1
SchuldrechtAT; Urheberrecht Markenrecht Patentrecht; EDV-Recht,1
Insolvenzrecht; Zivilverfahrensrecht; Berufsrecht Rechtsanwälte; Berufsrecht Steuerberater,1
SchuldrechtAT; Handelsrecht Gesellschaftsrecht; ELWI-FAMR,1
Wohnungseigentum; Zivilverfahrensrecht; Berufsrecht Rechtsanwälte,1
Berufsrecht Rechtsanwälte; Neue Bundesländer; Sachenrecht,1
Schuldverhältnisse; Berufsrecht Rechtsanwälte; Info,1
Berufsrecht Rechtsanwälte; Schadensersatz; SchuldrechtAT; BGBAT; Werkvertrag; Schuldverhältnisse; Schadensersatz; SchuldrechtAT; BGBAT; Werkvertrag; Schuldverhältnisse,1
Handelsrecht Gesellschaftsrecht; Familienrecht; Erbschaftsteuer; Familienrecht; Erbschaftsteuer; ELWI-FAMR,1
Handelsrecht Gesellschaftsrecht; Handelsrecht Gesellschaftsrecht; Insolvenzrecht; Bankrecht Kreditrecht; SchuldrechtAT; Insolvenzrecht; Bankrecht Kreditrecht; SchuldrechtAT,1
Zivilverfahrensrecht; EU-Recht; Wettbewerbsrecht Kartellrecht,1
Bankrecht Kreditrecht; Handelsrecht Gesellschaftsrecht; Schadensersatz; Zivilverfahrensrecht,1
Zivilverfahrensrecht; Zivilverfahrensrecht; ELWI-FAMR,1
BGBAT; SchuldrechtAT; Schadensersatz; Info,1
Werkvertrag; Schadensersatz; Neue Bundesländer,1
Bankrecht Kreditrecht; Berufsrecht Rechtsanwälte; Insolvenzrecht,1
Bankrecht Kreditrecht; EU-Recht; Urheberrecht Markenrecht Patentrecht,1
BGBAT; Familienrecht; SchuldrechtAT; ELWI-FAMR,1
Berufsrecht Steuerberater; Steuerstrafrecht; Strafrecht,1
BGBAT; Verfahrensrecht/Abgabenordnung; Familienrecht,1
Bankrecht Kreditrecht; BGBAT; Handelsrecht Gesellschaftsrecht,1
Berufsrecht Rechtsanwälte; SchuldrechtAT; Schadensersatz; SchuldrechtAT; Schadensersatz,1
Einkommensteuer/Lohnsteuer/Kirchensteuer; Zivilverfahrensrecht; Bankrecht Kreditrecht,1
SchuldrechtAT; Einkommensteuer/Lohnsteuer/Kirchensteuer; Lohnsteuer,1
SchuldrechtAT; Schadensersatz; SchuldrechtAT; Schadensersatz,1
BGBAT; SchuldrechtAT; Handelsrecht Gesellschaftsrecht; Zivilverfahrensrecht; Bankrecht Kreditrecht,1
Bankrecht Kreditrecht; SchuldrechtAT; Sachenrecht; Zivilverfahrensrecht; Bankrecht Kreditrecht,1
Schadensersatz; SchuldrechtAT; BGBAT; Zivilverfahrensrecht,1
Schuldverhältnisse; Kauf Tausch Leasing; Zivilverfahrensrecht; Bankrecht Kreditrecht,1
Neue Bundesländer; Strafrecht,1
SchuldrechtAT; Schadensersatz; Miete Pacht; Zivilverfahrensrecht,1
Berufsrecht Rechtsanwälte; Insolvenzrecht; SchuldrechtAT; Schuldverhältnisse; Schadensersatz,1
Zivilverfahrensrecht; BGBAT; Handelsrecht Gesellschaftsrecht; Zivilverfahrensrecht; BGBAT; Handelsrecht Gesellschaftsrecht,1
SchuldrechtAT; EDV-Recht; BGBAT,1
Rechnungslegung; Schadensersatz; Rechnungslegung; Handelsrecht Gesellschaftsrecht,1
Berufsrecht Steuerberater; Wirtschaftsprüfung; Verfahrensrecht/Abgabenordnung,1
Werkvertrag; Werkvertrag; SchuldrechtAT; Schadensersatz,1
BGBAT; SchuldrechtAT; Familienrecht; Verfahrensrecht/Abgabenordnung,1
BGBAT; Bankrecht Kreditrecht; SchuldrechtAT; Sachenrecht; Schadensersatz,1
Steuerstrafrecht; Verfahrensrecht/Abgabenordnung; Öffentliches Recht; Bankrecht Kreditrecht,1
Miete Pacht; BGBAT; Bankrecht Kreditrecht; SchuldrechtAT,1
Berufsrecht Rechtsanwälte; BGBAT; ELWI-FAMR,1
Erbschaft Schenkung; Erbschaftsteuer; Zivilverfahrensrecht; SchuldrechtAT; BGBAT,1
Reisevertrag; Zivilverfahrensrecht; EU-Recht; Verfahrensrecht/Abgabenordnung; Öffentliches Recht,1
Berufsrecht Rechtsanwälte; Insolvenzrecht; Zivilverfahrensrecht; Versicherungsrecht,1
Öffentliches Recht; BGBAT; SchuldrechtAT; Schadensersatz; Wettbewerbsrecht Kartellrecht; EDV-Recht,1
EU-Recht; Zivilverfahrensrecht; Sachenrecht,1
SchuldrechtAT; Handelsrecht Gesellschaftsrecht; Versicherungsrecht; Schadensersatz,1
Erbschaft Schenkung; EDV-Recht,1
Schadensersatz; Erbschaft Schenkung; SchuldrechtAT,1
Kauf Tausch Leasing; Bankrecht Kreditrecht; Insolvenzrecht; ELWI-FAMR,1
Schadensersatz; Zivilverfahrensrecht; Öffentliches Recht,1
EU-Recht; BGBAT; SchuldrechtAT; Schadensersatz; Sachenrecht; Wettbewerbsrecht Kartellrecht; Zivilverfahrensrecht,1
"Berufsrecht Rechtsanwälte; BGBAT; Öffentliches
Recht",1
Versicherungsrecht; Handelsrecht Gesellschaftsrecht; SchuldrechtAT,1
Miete Pacht; Einkommensteuer/Lohnsteuer/Kirchensteuer,1
Neue Bundesländer; Zivilverfahrensrecht; Sachenrecht; BGBAT,1
Arbeitsrecht; Strafrecht; Rechnungslegung; Einkommensteuer/Lohnsteuer/Kirchensteuer,1
Zivilverfahrensrecht; Handelsrecht Gesellschaftsrecht; ELWI-STAP,1
Verfahrensrecht/Abgabenordnung; Zivilverfahrensrecht; EDV-Recht,1
Kauf Tausch Leasing; Schadensersatz; Erbschaft Schenkung; Erbschaftsteuer,1
Sachenrecht; Schadensersatz; Bankrecht Kreditrecht; SchuldrechtAT; Zivilverfahrensrecht,1
Handelsrecht Gesellschaftsrecht; Handelsrecht Gesellschaftsrecht; Erbschaft Schenkung; SchuldrechtAT,1
SchuldrechtAT; Grundsteuer,1
Steuerstrafrecht; Zivilverfahrensrecht; Schadensersatz; Steuerstrafrecht; Zivilverfahrensrecht; Schadensersatz,1
Berufsrecht Steuerberater; Wirtschaftsprüfung; Handelsrecht Gesellschaftsrecht; Schadensersatz; Handelsrecht Gesellschaftsrecht; Schadensersatz,1
Urheberrecht Markenrecht Patentrecht; Schadensersatz; Werkvertrag,1
Berufsrecht Rechtsanwälte; Handelsrecht Gesellschaftsrecht; Insolvenzrecht; Rechnungslegung,1
BGBAT; Erbschaftsteuer; Erbschaft Schenkung; SchuldrechtAT,1
Handelsrecht Gesellschaftsrecht; Berufsrecht Steuerberater; SchuldrechtAT; Wirtschaftsprüfung; Bankrecht Kreditrecht,1
BGBAT; SchuldrechtAT; Bankrecht Kreditrecht; Kauf Tausch Leasing,1
Insolvenzrecht; Bankrecht Kreditrecht; BGBAT,1
Neue Bundesländer; Berufsrecht Rechtsanwälte; Zivilverfahrensrecht,1
Umsatzsteuer; Verfahrensrecht/Abgabenordnung,1
Berufsrecht Rechtsanwälte; Insolvenzrecht; Zivilverfahrensrecht; BGBAT,1
Versicherungsrecht; BGBAT; SchuldrechtAT; Ausländisches Recht,1
BGBAT; Landwirtschaftsrecht; Neue Bundesländer; Zivilverfahrensrecht,1
Umsatzsteuer; Erbschaftsteuer,1
Einkommensteuer/Lohnsteuer/Kirchensteuer; Lohnsteuer; Zivilverfahrensrecht; EU-Recht; Familienrecht,1
Strafrecht; Sozialversicherungsrecht; BGBAT; Steuerstrafrecht; Schadensersatz; Insolvenzrecht,1
Strafrecht; Insolvenzrecht; Rechnungslegung,1
Handelsrecht Gesellschaftsrecht; Miete Pacht; Miete Pacht,1
SchuldrechtAT; Schadensersatz; EDV-Recht; Urheberrecht Markenrecht Patentrecht; Zivilverfahrensrecht,1
Handelsrecht Gesellschaftsrecht; Berufsrecht Rechtsanwälte; Berufsrecht Steuerberater; Wirtschaftsprüfung; Insolvenzrecht,1
Arbeitsrecht; Sozialversicherungsrecht; Sozialrecht,1
Arbeitsrecht; ELWI-Lohn,1
Berufsrecht Steuerberater; Berufsrecht Rechtsanwälte; Umsatzsteuer; Insolvenzrecht; Verfahrensrecht/Abgabenordnung; Handelsrecht Gesellschaftsrecht,1
Zivilverfahrensrecht; Wohnungseigentum; Steuerstrafrecht,1
BGBAT; Sachenrecht; Familienrecht; Bankrecht Kreditrecht,1
Reisevertrag; Wettbewerbsrecht Kartellrecht; SchuldrechtAT,1
EDV-Recht; SchuldrechtAT; Schadensersatz; EDV-Recht,1
Miete Pacht; Zivilverfahrensrecht; BGBAT,1
Zivilverfahrensrecht; Schadensersatz; Schuldverhältnisse; BGBAT,1
Öffentliches Recht; Schadensersatz; Handelsrecht Gesellschaftsrecht,1
Kauf Tausch Leasing; Urheberrecht Markenrecht Patentrecht; Zivilverfahrensrecht,1
Handelsrecht Gesellschaftsrecht; Schadensersatz; SchuldrechtAT; Wettbewerbsrecht Kartellrecht,1
BGBAT; SchuldrechtAT; Kauf Tausch Leasing; EDV-Recht,1
Zivilverfahrensrecht; SchuldrechtAT; Schuldverhältnisse,1
EDV-Recht; BGBAT; Schadensersatz,1
Sachenrecht; Bankrecht Kreditrecht; Schadensersatz; Insolvenzrecht; Zivilverfahrensrecht,1
Erbschaftsteuer; Erbschaft Schenkung; Insolvenzrecht; Erbschaftsteuer; Erbschaft Schenkung; Insolvenzrecht,1
Sozialversicherungsrecht; Insolvenzrecht; Zivilverfahrensrecht; Insolvenzrecht; Zivilverfahrensrecht,1
Lohnsteuer; Einkommensteuer/Lohnsteuer/Kirchensteuer; Verfahrensrecht/Abgabenordnung; Handelsrecht Gesellschaftsrecht,1
Ausländisches Recht; Schuldverhältnisse; BGBAT,1
Berufsrecht Rechtsanwälte; Insolvenzrecht; Schadensersatz; Sachenrecht; Zivilverfahrensrecht; Insolvenzrecht; Schadensersatz; Sachenrecht; Zivilverfahrensrecht,1
Insolvenzrecht; Verfahrensrecht/Abgabenordnung; BGBAT; Sachenrecht,1
Insolvenzrecht; SchuldrechtAT; Zivilverfahrensrecht,1
Schadensersatz; SchuldrechtAT; Bankrecht Kreditrecht; Wettbewerbsrecht Kartellrecht,1
Wohnungseigentum; Erbschaft Schenkung; SchuldrechtAT; Neue Bundesländer; ELWI-FAMR,1
SchuldrechtAT; Schuldverhältnisse; Schadensersatz; Zivilverfahrensrecht,1
Berufsrecht Steuerberater; Berufsrecht Rechtsanwälte; Handelsrecht Gesellschaftsrecht; Schadensersatz; SchuldrechtAT; Schadensersatz; SchuldrechtAT,1
Bankrecht Kreditrecht; Schuldverhältnisse; SchuldrechtAT; BGBAT; EDV-Recht,1
Zivilverfahrensrecht; Bankrecht Kreditrecht; Handelsrecht Gesellschaftsrecht; SchuldrechtAT,1
Handelsrecht Gesellschaftsrecht; Familienrecht; Handelsrecht Gesellschaftsrecht; Familienrecht; ELWI-FAMR; ELWI-FAMR,1
Wirtschaftsprüfung; Rechnungslegung; Handelsrecht Gesellschaftsrecht; Bankrecht Kreditrecht; Öffentliches Recht; Versicherungsrecht,1
BGBAT; SchuldrechtAT; Schuldverhältnisse; Erbschaft Schenkung,1
Bankrecht Kreditrecht; SchuldrechtAT; BGBAT; Werkvertrag,1
Sachenrecht; Werkvertrag; Zivilverfahrensrecht; Werkvertrag; Zivilverfahrensrecht,1
Berufsrecht Rechtsanwälte; Rechnungslegung; Einkommensteuer/Lohnsteuer/Kirchensteuer; Handelsrecht Gesellschaftsrecht,1
Strafrecht; Steuerstrafrecht; Schadensersatz,1
Berufsrecht Rechtsanwälte; Erbschaftsteuer; Erbschaft Schenkung; Zivilverfahrensrecht; BGBAT; Schadensersatz; SchuldrechtAT; Schuldverhältnisse; Erbschaftsteuer; Erbschaft Schenkung; Zivilverfahrensrecht; BGBAT; Schadensersatz; SchuldrechtAT; Schuldverhältnisse,1
Rechnungslegung; Bankrecht Kreditrecht; BGBAT; SchuldrechtAT,1
Werkvertrag; Berufsrecht Rechtsanwälte,1
EDV-Recht; Urheberrecht Markenrecht Patentrecht; SchuldrechtAT; Schadensersatz,1
Handelsrecht Gesellschaftsrecht; BGBAT; Bankrecht Kreditrecht; Zivilverfahrensrecht,1
Handelsrecht Gesellschaftsrecht; Umsatzsteuer; Berufsrecht Rechtsanwälte; Berufsrecht Steuerberater; Wirtschaftsprüfung; SchuldrechtAT; Schuldverhältnisse,1
Handelsrecht Gesellschaftsrecht; Erbschaft Schenkung; Zivilverfahrensrecht,1
Schadensersatz; SchuldrechtAT; BGBAT; Kauf Tausch Leasing; Werkvertrag,1
Schadensersatz; BGBAT; SchuldrechtAT; Handelsrecht Gesellschaftsrecht; Bankrecht Kreditrecht,1
SchuldrechtAT; Zivilverfahrensrecht; BGBAT; Handelsrecht Gesellschaftsrecht; Bankrecht Kreditrecht,1
BGBAT; Handelsrecht Gesellschaftsrecht; Zivilverfahrensrecht; Erbschaftsteuer; BGBAT; Handelsrecht Gesellschaftsrecht; Zivilverfahrensrecht; Erbschaftsteuer,1
Berufsrecht Steuerberater; Berufsrecht Rechtsanwälte; Wirtschaftsprüfung; ELWI-Lohn,1
Urheberrecht Markenrecht Patentrecht; Bankrecht Kreditrecht,1
Erbschaft Schenkung; Schadensersatz; BGBAT; Verfahrensrecht/Abgabenordnung,1
Schadensersatz; Schadensersatz; Wettbewerbsrecht Kartellrecht,1
BGBAT; Wettbewerbsrecht Kartellrecht; BGBAT; Wettbewerbsrecht Kartellrecht,1
Insolvenzrecht; Zivilverfahrensrecht; Schuldverhältnisse; Berufsrecht Rechtsanwälte,1
Rechnungslegung; Wirtschaftsprüfung; Handelsrecht Gesellschaftsrecht; BGBAT; Berufsrecht Rechtsanwälte; Berufsrecht Steuerberater,1
Sozialrecht; Arbeitsrecht; SchuldrechtAT; Handelsrecht Gesellschaftsrecht; Öffentliches Recht,1
Handelsrecht Gesellschaftsrecht; Schuldverhältnisse; Schuldverhältnisse; Bankrecht Kreditrecht,1
Zivilverfahrensrecht; Handelsrecht Gesellschaftsrecht; SchuldrechtAT; Bankrecht Kreditrecht; Schadensersatz,1
Werkvertrag; Arbeitsrecht; Werkvertrag; ELWI-Lohn,1
Kauf Tausch Leasing; EU-Recht; Zivilverfahrensrecht; Neue Bundesländer,1
Handelsrecht Gesellschaftsrecht; Schadensersatz; SchuldrechtAT; SchuldrechtAT,1
Rechnungslegung; Insolvenzrecht; Berufsrecht Steuerberater; Schuldverhältnisse; Schadensersatz; SchuldrechtAT; Berufsrecht Steuerberater,1
Erbschaft Schenkung; Landwirtschaftsrecht; SchuldrechtAT,1
Schadensersatz; Sozialrecht; Sozialversicherungsrecht; Versicherungsrecht; Öffentliches Recht,1
Schuldverhältnisse; EDV-Recht; SchuldrechtAT,1
Urheberrecht Markenrecht Patentrecht; SchuldrechtAT; Schadensersatz; Sachenrecht,1
Berufsrecht Steuerberater; BGBAT; BGBAT,1
Handelsrecht Gesellschaftsrecht; Einkommensteuer/Lohnsteuer/Kirchensteuer,1
Rechnungslegung; Urheberrecht Markenrecht Patentrecht; EDV-Recht,1
EDV-Recht; Verfahrensrecht/Abgabenordnung; Zivilverfahrensrecht; Berufsrecht Rechtsanwälte; Ausländisches Recht; Ausländisches Steuerrecht,1
Versicherungsrecht; Berufsrecht Rechtsanwälte; Berufsrecht Steuerberater; Berufsrecht Rechtsanwälte,1
Insolvenzrecht; Verfahrensrecht/Abgabenordnung; Öffentliches Recht; Zivilverfahrensrecht; Insolvenzrecht,1
Erbschaft Schenkung; Berufsrecht Rechtsanwälte; Insolvenzrecht,1
Berufsrecht Rechtsanwälte; Schadensersatz; SchuldrechtAT; EDV-Recht,1
Berufsrecht Steuerberater; Bankrecht Kreditrecht; Schadensersatz; Zivilverfahrensrecht,1
Schadensersatz; Versicherungsrecht; Berufsrecht Rechtsanwälte,1
EDV-Recht; BGBAT; Urheberrecht Markenrecht Patentrecht,1
Kauf Tausch Leasing; Miete Pacht; Bankrecht Kreditrecht,1
Steuerstrafrecht; Körperschaftsteuer; Handelsrecht Gesellschaftsrecht,1
Kauf Tausch Leasing; SchuldrechtAT; EDV-Recht; Bankrecht Kreditrecht; SchuldrechtAT,1
Einkommensteuer/Lohnsteuer/Kirchensteuer; Versicherungsrecht,1
Familienrecht; Handelsrecht Gesellschaftsrecht; ELWI-FAMR,1
SchuldrechtAT; Miete Pacht; Sachenrecht; Wohnungseigentum,1
SchuldrechtAT; Schadensersatz; Zivilverfahrensrecht; Versicherungsrecht,1
Miete Pacht; SchuldrechtAT; Handelsrecht Gesellschaftsrecht,1
Insolvenzrecht; Insolvenzrecht; Arbeitsrecht,1
Schadensersatz; Reisevertrag; Sozialversicherungsrecht; Sozialrecht,1
Erbschaft Schenkung; Schadensersatz; Zivilverfahrensrecht,1
Schadensersatz; Zivilverfahrensrecht; Wohnungseigentum; Berufsrecht Rechtsanwälte,1
Arbeitsrecht; SchuldrechtAT; ELWI-Lohn,1
Werkvertrag; Schadensersatz; Werkvertrag,1
Rechnungslegung; BGBAT; SchuldrechtAT,1
Zivilverfahrensrecht; EDV-Recht; SchuldrechtAT; Kauf Tausch Leasing,1
Zivilverfahrensrecht; Insolvenzrecht; Neue Bundesländer; Zivilverfahrensrecht; Insolvenzrecht; Neue Bundesländer,1
Zivilverfahrensrecht; Schadensersatz; SchuldrechtAT; BGBAT; Zivilverfahrensrecht; Schadensersatz; SchuldrechtAT; BGBAT,1
Strafrecht; Bankrecht Kreditrecht; Schuldverhältnisse,1
Handelsrecht Gesellschaftsrecht; Versicherungsrecht; Schadensersatz; SchuldrechtAT,1
Schadensersatz; Schadensersatz; Sachenrecht,1
Sozialversicherungsrecht; Schadensersatz; BGBAT,1
Zivilverfahrensrecht; Insolvenzrecht; Bankrecht Kreditrecht,1
Einkommensteuer/Lohnsteuer/Kirchensteuer; Erbschaftsteuer; Bewertung,1
Arbeitsrecht; Sozialrecht; Sozialversicherungsrecht; Versicherungsrecht,1
Wohnungseigentum; Schadensersatz; SchuldrechtAT; Kauf Tausch Leasing; Miete Pacht,1
Berufsrecht Steuerberater; Rechnungslegung; Schadensersatz; Insolvenzrecht; Zivilverfahrensrecht,1
Schadensersatz; Versicherungsrecht; Steuerstrafrecht,1
Rechnungslegung; Miete Pacht; Handelsrecht Gesellschaftsrecht; Miete Pacht; Handelsrecht Gesellschaftsrecht,1
Schadensersatz; Kauf Tausch Leasing; Miete Pacht; Umsatzsteuer; Bankrecht Kreditrecht,1
Zollrecht; Schadensersatz; ELWI-STAP,1
Berufsrecht Steuerberater; Berufsrecht Rechtsanwälte; EU-Recht,1
Schadensersatz; Erbschaft Schenkung; Erbschaftsteuer; SchuldrechtAT,1
Sachenrecht; Schadensersatz; Öffentliches Recht,1
Werkvertrag; SchuldrechtAT; Zivilverfahrensrecht,1
Schadensersatz; Verfahrensrecht/Abgabenordnung; Handelsrecht Gesellschaftsrecht; Gewerbesteuer; Gewerbesteuer,1
SchuldrechtAT; Bankrecht Kreditrecht; Schuldverhältnisse; SchuldrechtAT; Bankrecht Kreditrecht; Schuldverhältnisse,1
Miete Pacht; Schuldverhältnisse; SchuldrechtAT,1
Insolvenzrecht; Zivilverfahrensrecht; Urheberrecht Markenrecht Patentrecht,1
Lohnsteuer; Einkommensteuer/Lohnsteuer/Kirchensteuer; Strafrecht,1
Lohnsteuer; Lohnsteuer; Rechnungslegung; Einkommensteuer/Lohnsteuer/Kirchensteuer; Umsatzsteuer,1
EDV-Recht; Berufsrecht Rechtsanwälte; Berufsrecht Steuerberater,1
Einkommensteuer/Lohnsteuer/Kirchensteuer; Handelsrecht Gesellschaftsrecht; Info,1
Erbschaft Schenkung; EU-Recht; Zivilverfahrensrecht; Sachenrecht,1
Bankrecht Kreditrecht; Insolvenzrecht; SchuldrechtAT,1
Landwirtschaftsrecht; Sachenrecht; Öffentliches Recht,1
Schuldverhältnisse; Erbschaft Schenkung; Schadensersatz; SchuldrechtAT,1
Schadensersatz; Kauf Tausch Leasing; Schuldverhältnisse,1
Strafrecht; Zollrecht,1
Sozialversicherungsrecht; Insolvenzrecht; Handelsrecht Gesellschaftsrecht,1
Erbschaft Schenkung; SchuldrechtAT; Erbschaftsteuer; Zivilverfahrensrecht,1
Schuldverhältnisse; Zivilverfahrensrecht; Bankrecht Kreditrecht,1
Lohnsteuer; Lohnsteuer; Familienrecht; Einkommensteuer/Lohnsteuer/Kirchensteuer,1
Familienrecht; Einkommensteuer/Lohnsteuer/Kirchensteuer; ELWI-FAMR,1
Handelsrecht Gesellschaftsrecht; Bankrecht Kreditrecht; Zivilverfahrensrecht; BGBAT,1
Berufsrecht Rechtsanwälte; Erbschaftsteuer; Erbschaft Schenkung; Schadensersatz; BGBAT; Erbschaftsteuer; Erbschaft Schenkung; Schadensersatz; BGBAT,1
Schuldverhältnisse; EU-Recht,1
Kauf Tausch Leasing; Insolvenzrecht; Schadensersatz; Rechnungslegung; Wirtschaftsprüfung,1
Umsatzsteuer; Körperschaftsteuer; Einkommensteuer/Lohnsteuer/Kirchensteuer; Gewerbesteuer,1
Zollrecht; EU-Recht; Miete Pacht,1
BGBAT; Handelsrecht Gesellschaftsrecht; Berufsrecht Rechtsanwälte,1
Schadensersatz; Insolvenzrecht; Sachenrecht,1
Wettbewerbsrecht Kartellrecht; Handelsrecht Gesellschaftsrecht; Schuldverhältnisse,1
Bankrecht Kreditrecht; Steuerstrafrecht; Urheberrecht Markenrecht Patentrecht; EDV-Recht,1
Rechnungslegung; Werkvertrag,1
Berufsrecht Steuerberater; Wirtschaftsprüfung; Handelsrecht Gesellschaftsrecht; Handelsrecht Gesellschaftsrecht,1
Kauf Tausch Leasing; Handelsrecht Gesellschaftsrecht; EDV-Recht,1
Werkvertrag; Sozialrecht; Sozialversicherungsrecht; Schadensersatz,1
SchuldrechtAT; EU-Recht; EDV-Recht,1
Handelsrecht Gesellschaftsrecht; Insolvenzrecht; SchuldrechtAT,1
Verfahrensrecht/Abgabenordnung; Kauf Tausch Leasing; SchuldrechtAT; Schadensersatz,1
Einkommensteuer/Lohnsteuer/Kirchensteuer; Berufsrecht Steuerberater; Wirtschaftsprüfung; Schadensersatz; SchuldrechtAT; Schadensersatz; SchuldrechtAT,1
Gewerbesteuer; Bankrecht Kreditrecht; SchuldrechtAT; Bankrecht Kreditrecht; SchuldrechtAT,1
Schadensersatz; Handelsrecht Gesellschaftsrecht; Sachenrecht,1
Wettbewerbsrecht Kartellrecht; Handelsrecht Gesellschaftsrecht; SchuldrechtAT,1
Bankrecht Kreditrecht; Strafrecht; BGBAT,1
EDV-Recht; Öffentliches Recht; Sozialrecht,1
Wettbewerbsrecht Kartellrecht; SchuldrechtAT; Kauf Tausch Leasing,1
BGBAT; Sachenrecht; Erbschaft Schenkung; Zivilverfahrensrecht,1
"Schadensersatz; Zivilverfahrensrecht; Kauf
Tausch Leasing",1
Sachenrecht; Bankrecht Kreditrecht; SchuldrechtAT; Handelsrecht Gesellschaftsrecht; Wettbewerbsrecht Kartellrecht; Insolvenzrecht; Bankrecht Kreditrecht; SchuldrechtAT; Handelsrecht Gesellschaftsrecht; Wettbewerbsrecht Kartellrecht; Insolvenzrecht,1
EDV-Recht; Zivilverfahrensrecht; EU-Recht,1
BGBAT; Landwirtschaftsrecht,1
Rechnungslegung; Handelsrecht Gesellschaftsrecht; Insolvenzrecht; Schadensersatz,1
Kauf Tausch Leasing; SchuldrechtAT; Wettbewerbsrecht Kartellrecht,1
Wirtschaftsprüfung; Kauf Tausch Leasing; Handelsrecht Gesellschaftsrecht,1
Bankrecht Kreditrecht; SchuldrechtAT; Wettbewerbsrecht Kartellrecht,1
Wettbewerbsrecht Kartellrecht; EU-Recht; SchuldrechtAT,1
Umsatzsteuer; Schadensersatz; SchuldrechtAT; Zivilverfahrensrecht,1
SchuldrechtAT; Versicherungsrecht; Arbeitsrecht,1
Insolvenzrecht; Berufsrecht Rechtsanwälte; Berufsrecht Steuerberater; Handelsrecht Gesellschaftsrecht,1
Steuerstrafrecht; Verbrauchsteuern,1
Erbschaft Schenkung; Erbschaftsteuer; SchuldrechtAT; BGBAT,1
BGBAT; Handelsrecht Gesellschaftsrecht; Familienrecht; Bankrecht Kreditrecht,1
Bankrecht Kreditrecht; Schadensersatz; Zivilverfahrensrecht; SchuldrechtAT,1
Erbschaft Schenkung; Erbschaftsteuer; Zivilverfahrensrecht; BGBAT; Insolvenzrecht,1
BGBAT; Schadensersatz; Zivilverfahrensrecht; Bankrecht Kreditrecht,1
Einkommensteuer/Lohnsteuer/Kirchensteuer; Zivilverfahrensrecht; Berufsrecht Steuerberater,1
Erbschaftsteuer; Einkommensteuer/Lohnsteuer/Kirchensteuer,1
Berufsrecht Rechtsanwälte; Einkommensteuer/Lohnsteuer/Kirchensteuer; Berufsrecht Steuerberater,1
Berufsrecht Rechtsanwälte; Sachenrecht; EU-Recht,1
Sachenrecht; Strafrecht,1
Berufsrecht Rechtsanwälte; Umsatzsteuer; Insolvenzrecht; Schadensersatz; Insolvenzrecht; Schadensersatz,1
Berufsrecht Rechtsanwälte; Insolvenzrecht; Neue Bundesländer; Familienrecht; Erbschaft Schenkung,1
Berufsrecht Steuerberater; Zivilverfahrensrecht; EU-Recht,1
Steuerstrafrecht; BGBAT; BGBAT,1
Schuldverhältnisse; SchuldrechtAT; Bankrecht Kreditrecht,1
Rechnungslegung; Neue Bundesländer; Neue Bundesländer,1
Öffentliches Recht; Schadensersatz; Zivilverfahrensrecht,1
SchuldrechtAT; BGBAT; Bankrecht Kreditrecht; Schadensersatz,1
Öffentliches Recht; EU-Recht; Berufsrecht Rechtsanwälte,1
Einkommensteuer/Lohnsteuer/Kirchensteuer; ELWI-STAP,1
Urheberrecht Markenrecht Patentrecht; EDV-Recht; Strafrecht,1
Strafrecht; Bankrecht Kreditrecht; EU-Recht,1
EU-Recht; Sachenrecht; Schuldverhältnisse,1
Familienrecht; Rechnungslegung; Arbeitsrecht,1
Landwirtschaftsrecht; Erbschaft Schenkung; Neue Bundesländer; Sachenrecht; BGBAT; Erbschaftsteuer,1
Schadensersatz; Erbschaft Schenkung; Erbschaftsteuer; Erbschaftsteuer,1
Berufsrecht Rechtsanwälte; BGBAT; Bankrecht Kreditrecht; Handelsrecht Gesellschaftsrecht,1
Sachenrecht; Neue Bundesländer; Schuldverhältnisse,1
Handelsrecht Gesellschaftsrecht; Urheberrecht Markenrecht Patentrecht,1
Miete Pacht; Wohnungseigentum; Schuldverhältnisse,1
Erbschaft Schenkung; Insolvenzrecht; Handelsrecht Gesellschaftsrecht; Zivilverfahrensrecht; Berufsrecht Rechtsanwälte,1
Sachenrecht; SchuldrechtAT; Handelsrecht Gesellschaftsrecht; SchuldrechtAT; Handelsrecht Gesellschaftsrecht,1
Erbschaftsteuer; Erbschaft Schenkung; SchuldrechtAT; Bankrecht Kreditrecht,1
Urheberrecht Markenrecht Patentrecht; Sachenrecht; EDV-Recht,1
Schadensersatz; SchuldrechtAT; Bankrecht Kreditrecht; Werkvertrag,1
Einkommensteuer/Lohnsteuer/Kirchensteuer; Umsatzsteuer; Strafrecht; Steuerstrafrecht,1
Familienrecht; Sachenrecht; Zivilverfahrensrecht; ELWI-FAMR,1
Miete Pacht; EU-Recht,1
Miete Pacht; Miete Pacht; Landwirtschaftsrecht; Neue Bundesländer,1
Bankrecht Kreditrecht; Handelsrecht Gesellschaftsrecht; Versicherungsrecht,1
Berufsrecht Steuerberater; Steuerstrafrecht; Verfahrensrecht/Abgabenordnung; ELWI-STAP,1
Erbschaft Schenkung; Familienrecht; Erbschaftsteuer; Einkommensteuer/Lohnsteuer/Kirchensteuer,1
SchuldrechtAT; Miete Pacht; Info,1
Berufsrecht Rechtsanwälte; Ausländisches Recht; Ausländisches Steuerrecht,1
Berufsrecht Rechtsanwälte; Berufsrecht Steuerberater; Familienrecht; ELWI-FAMR,1
Berufsrecht Rechtsanwälte; Erbschaft Schenkung; Erbschaftsteuer; Schuldverhältnisse,1
Urheberrecht Markenrecht Patentrecht; Urheberrecht Markenrecht Patentrecht,1
EDV-Recht; Öffentliches Recht; Schadensersatz; Sachenrecht,1
SchuldrechtAT; Schadensersatz; Schuldverhältnisse; Zivilverfahrensrecht,1
Arbeitsrecht; Öffentliches Recht; SchuldrechtAT; BGBAT; Sozialrecht,1
Werkvertrag; Schadensersatz; SchuldrechtAT; Zivilverfahrensrecht,1
Zivilverfahrensrecht; Handelsrecht Gesellschaftsrecht; Landwirtschaftsrecht; Neue Bundesländer,1
BGBAT; SchuldrechtAT; Schuldverhältnisse; Familienrecht; ELWI-FAMR,1
Miete Pacht; Insolvenzrecht; Zivilverfahrensrecht; Bankrecht Kreditrecht,1
Zivilverfahrensrecht; Urheberrecht Markenrecht Patentrecht; SchuldrechtAT,1
Öffentliches Recht; Strafrecht; Handelsrecht Gesellschaftsrecht,1
Schadensersatz; Rechnungslegung; Handelsrecht Gesellschaftsrecht; Zivilverfahrensrecht; Handelsrecht Gesellschaftsrecht; Zivilverfahrensrecht,1
Berufsrecht Rechtsanwälte; Sachenrecht; Neue Bundesländer; BGBAT,1
Kauf Tausch Leasing; SchuldrechtAT; EDV-Recht; Wettbewerbsrecht Kartellrecht,1
Schadensersatz; BGBAT; Zivilverfahrensrecht; Versicherungsrecht,1
Insolvenzrecht; Rechnungslegung; Wirtschaftsprüfung; Handelsrecht Gesellschaftsrecht,1
EDV-Recht; Öffentliches Recht; Strafrecht; Verfahrensrecht/Abgabenordnung,1
Sozialversicherungsrecht; SchuldrechtAT; Miete Pacht,1
Schadensersatz; EDV-Recht; BGBAT,1
Wirtschaftsprüfung; Berufsrecht Rechtsanwälte; Zivilverfahrensrecht,1
Handelsrecht Gesellschaftsrecht; SchuldrechtAT; Schadensersatz; Wirtschaftsprüfung,1
Urheberrecht Markenrecht Patentrecht; Kauf Tausch Leasing; EDV-Recht,1
Bankrecht Kreditrecht; SchuldrechtAT; Zivilverfahrensrecht; BGBAT; Schuldverhältnisse,1
Strafrecht; Sozialversicherungsrecht; Handelsrecht Gesellschaftsrecht; Schadensersatz,1
Rechnungslegung; Wettbewerbsrecht Kartellrecht; Zivilverfahrensrecht,1
Berufsrecht Rechtsanwälte; Berufsrecht Steuerberater; Schadensersatz; Info,1
Einkommensteuer/Lohnsteuer/Kirchensteuer; Lohnsteuer; Strafrecht; Verfahrensrecht/Abgabenordnung; Steuerstrafrecht,1
Umsatzsteuer; BGBAT; SchuldrechtAT; Werkvertrag,1
Insolvenzrecht; Rechnungslegung; Handelsrecht Gesellschaftsrecht; Schadensersatz; Handelsrecht Gesellschaftsrecht; Schadensersatz,1
Schadensersatz; SchuldrechtAT; Miete Pacht; Kauf Tausch Leasing,1
BGBAT; Schadensersatz; SchuldrechtAT; Miete Pacht; Sachenrecht,1
Bankrecht Kreditrecht; Sachenrecht; Schuldverhältnisse,1
Schadensersatz; Bankrecht Kreditrecht; BGBAT; EDV-Recht,1
Berufsrecht Rechtsanwälte; Handelsrecht Gesellschaftsrecht; EU-Recht,1
Werkvertrag; SchuldrechtAT; BGBAT; Arbeitsrecht; Schuldverhältnisse,1
Berufsrecht Rechtsanwälte; BGBAT; Schadensersatz; Zivilverfahrensrecht,1
EU-Recht; Zollrecht; Steuerstrafrecht,1
Bankrecht Kreditrecht; Schadensersatz; BGBAT; BGBAT,1
SchuldrechtAT; Schadensersatz; Kauf Tausch Leasing; EDV-Recht,1
Sozialversicherungsrecht; Insolvenzrecht; Sozialrecht; Zivilverfahrensrecht,1
Zollrecht; EDV-Recht; Wettbewerbsrecht Kartellrecht,1
Sozialversicherungsrecht; Handelsrecht Gesellschaftsrecht; Insolvenzrecht,1
Bankrecht Kreditrecht; Schuldverhältnisse; Schadensersatz; Handelsrecht Gesellschaftsrecht,1
Schadensersatz; SchuldrechtAT; Schuldverhältnisse; Zivilverfahrensrecht; Bankrecht Kreditrecht,1
Berufsrecht Steuerberater; Werkvertrag; Werkvertrag,1
Zivilverfahrensrecht; Rechnungslegung,1
Berufsrecht Steuerberater; BGBAT; Schuldverhältnisse; Erbschaftsteuer; BGBAT; Schuldverhältnisse; Erbschaftsteuer,1
Bankrecht Kreditrecht; Arbeitsrecht; Handelsrecht Gesellschaftsrecht,1
Sozialversicherungsrecht; Schadensersatz; Zivilverfahrensrecht,1
Schadensersatz; SchuldrechtAT; Sozialrecht; Sozialversicherungsrecht; Versicherungsrecht,1
Berufsrecht Rechtsanwälte; Sachenrecht; Zivilverfahrensrecht; SchuldrechtAT; Schadensersatz; Zivilverfahrensrecht; SchuldrechtAT; Schadensersatz,1
Lohnsteuer; Lohnsteuer; Lohnsteuer; Berufsrecht Rechtsanwälte; Einkommensteuer/Lohnsteuer/Kirchensteuer,1
Werkvertrag; Schuldverhältnisse; BGBAT,1
Berufsrecht Steuerberater; Zivilverfahrensrecht; Berufsrecht Rechtsanwälte,1
Einkommensteuer/Lohnsteuer/Kirchensteuer; Rechnungslegung; Erbschaftsteuer; Körperschaftsteuer,1
Miete Pacht; Insolvenzrecht; Insolvenzrecht,1
Familienrecht; ELWI-FAMR; Zivilverfahrensrecht; Strafrecht; ELWI-FAMR,1
Verfahrensrecht/Abgabenordnung; Umsatzsteuer; Einkommensteuer/Lohnsteuer/Kirchensteuer; Außensteuerrecht; Körperschaftsteuer; Erbschaftsteuer,1
Neue Bundesländer; Schuldverhältnisse; Schadensersatz,1
Berufsrecht Steuerberater; Bankrecht Kreditrecht; BGBAT,1
Kauf Tausch Leasing; Sachenrecht; Schuldverhältnisse,1
Kauf Tausch Leasing; Zivilverfahrensrecht; BGBAT,1
Einkommensteuer/Lohnsteuer/Kirchensteuer; Rechnungslegung; Lohnsteuer; Verfahrensrecht/Abgabenordnung; Körperschaftsteuer,1
Schadensersatz; Handelsrecht Gesellschaftsrecht; Kauf Tausch Leasing; Zivilverfahrensrecht; Handelsrecht Gesellschaftsrecht; Kauf Tausch Leasing; Zivilverfahrensrecht,1
SchuldrechtAT; Schuldverhältnisse; BGBAT; Bankrecht Kreditrecht,1
EU-Recht; Miete Pacht,1
Familienrecht; Rechnungslegung; Handelsrecht Gesellschaftsrecht,1
Berufsrecht Rechtsanwälte; Zivilverfahrensrecht; SchuldrechtAT; Bankrecht Kreditrecht; Schadensersatz,1
Berufsrecht Rechtsanwälte; Berufsrecht Steuerberater; Bankrecht Kreditrecht; Wirtschaftsprüfung; Schadensersatz,1
Wettbewerbsrecht Kartellrecht; Handelsrecht Gesellschaftsrecht; EU-Recht,1
SchuldrechtAT; Kauf Tausch Leasing; SchuldrechtAT,1
Erbschaft Schenkung; Zivilverfahrensrecht; Erbschaftsteuer; BGBAT,1
Öffentliches Recht; Strafrecht; Sachenrecht,1
Insolvenzrecht; Urheberrecht Markenrecht Patentrecht; Zivilverfahrensrecht,1
Kauf Tausch Leasing; Insolvenzrecht; SchuldrechtAT; Insolvenzrecht,1
Bankrecht Kreditrecht; Kauf Tausch Leasing; Schadensersatz,1
Umsatzsteuer; Zivilverfahrensrecht; SchuldrechtAT; Zivilverfahrensrecht; SchuldrechtAT,1
"EDV-Recht; SchuldrechtAT; Kauf
Tausch Leasing; Wettbewerbsrecht Kartellrecht",1
Sachenrecht; BGBAT; Zivilverfahrensrecht,1
Wohnungseigentum; Schadensersatz; SchuldrechtAT; Miete Pacht,1
Miete Pacht; Zivilverfahrensrecht; Schadensersatz; SchuldrechtAT; Schuldverhältnisse; Handelsrecht Gesellschaftsrecht; Wohnungseigentum,1
Arbeitsrecht; Zivilverfahrensrecht; Handelsrecht Gesellschaftsrecht; ELWI-Lohn,1
Bankrecht Kreditrecht; SchuldrechtAT; Werkvertrag; Zivilverfahrensrecht,1
Werkvertrag; SchuldrechtAT; EDV-Recht; Kauf Tausch Leasing,1
EU-Recht; Zollrecht; Neue Bundesländer,1
Umsatzsteuer; Berufsrecht Rechtsanwälte; Insolvenzrecht,1
EDV-Recht; BGBAT; Schuldverhältnisse,1
Schadensersatz; Berufsrecht Rechtsanwälte; Berufsrecht Steuerberater,1
Neue Bundesländer; Sachenrecht; Schadensersatz; Zivilverfahrensrecht,1
Umsatzsteuer; BGBAT; Bankrecht Kreditrecht; SchuldrechtAT; BGBAT; Bankrecht Kreditrecht; SchuldrechtAT,1
"Berufsrecht Steuerberater; Berufsrecht
Rechtsanwälte",1
EU-Recht; Öffentliches Recht; Reisevertrag; Wettbewerbsrecht Kartellrecht; EDV-Recht; Arbeitsrecht; EU-Recht,1
Sozialversicherungsrecht; Strafrecht; Steuerstrafrecht,1
Sozialversicherungsrecht; Sozialrecht; Schadensersatz; Öffentliches Recht,1
Schadensersatz; Wettbewerbsrecht Kartellrecht; SchuldrechtAT,1
Zivilverfahrensrecht; Miete Pacht; Wohnungseigentum,1
Berufsrecht Rechtsanwälte; Kauf Tausch Leasing; SchuldrechtAT; Zivilverfahrensrecht,1
Berufsrecht Rechtsanwälte; BGBAT; Handelsrecht Gesellschaftsrecht,1
"EDV-Recht; Urheberrecht
Markenrecht Patentrecht; SchuldrechtAT",1
Zivilverfahrensrecht; BGBAT; SchuldrechtAT; Handelsrecht Gesellschaftsrecht,1
Insolvenzrecht; Sachenrecht; Schadensersatz; Zivilverfahrensrecht; Insolvenzrecht; Sachenrecht; Schadensersatz; Zivilverfahrensrecht,1
Erbschaftsteuer; Erbschaftsteuer; Erbschaftsteuer,1
Miete Pacht; SchuldrechtAT; Versicherungsrecht,1
Berufsrecht Rechtsanwälte; Schadensersatz; Zivilverfahrensrecht; BGBAT; Schadensersatz; Zivilverfahrensrecht; BGBAT,1
Insolvenzrecht; Berufsrecht Rechtsanwälte; Schadensersatz; SchuldrechtAT,1
Erbschaft Schenkung; Erbschaftsteuer; Bankrecht Kreditrecht; BGBAT,1
BGBAT; Umsatzsteuer; Insolvenzrecht; Werkvertrag; LEXPUB,1
Steuerstrafrecht; Strafrecht; Bankrecht Kreditrecht,1
Schadensersatz; Handelsrecht Gesellschaftsrecht; Rechnungslegung; Wirtschaftsprüfung,1
Arbeitsrecht; Sozialrecht; EU-Recht,1
Kauf Tausch Leasing; Berufsrecht Rechtsanwälte; Zivilverfahrensrecht; BGBAT; SchuldrechtAT; Schadensersatz,1
Wohnungseigentum; BGBAT; Versicherungsrecht,1
BGBAT; EDV-Recht; Zivilverfahrensrecht; Berufsrecht Rechtsanwälte,1
Zivilverfahrensrecht; Handelsrecht Gesellschaftsrecht; Berufsrecht Rechtsanwälte,1
Miete Pacht; Miete Pacht; Neue Bundesländer; BGBAT,1
Bankrecht Kreditrecht; Sachenrecht; Zivilverfahrensrecht; Berufsrecht Rechtsanwälte,1
Schadensersatz; SchuldrechtAT; Zivilverfahrensrecht; Bankrecht Kreditrecht,1
Schadensersatz; Bankrecht Kreditrecht; SchuldrechtAT; Zivilverfahrensrecht; Bankrecht Kreditrecht; Handelsrecht Gesellschaftsrecht,1
Sozialrecht; Miete Pacht; SchuldrechtAT,1
Wohnungseigentum; Erbschaft Schenkung; Erbschaft Schenkung,1
Strafrecht; Lohnsteuer; Einkommensteuer/Lohnsteuer/Kirchensteuer; Steuerstrafrecht; Verfahrensrecht/Abgabenordnung; Steuerliche Betriebsprüfung,1
Familienrecht; Zivilverfahrensrecht; Neue Bundesländer,1
Einkommensteuer/Lohnsteuer/Kirchensteuer; Umsatzsteuer; Verfahrensrecht/Abgabenordnung; Einkommensteuer/Lohnsteuer/Kirchensteuer,1
Steuerstrafrecht; Verbrauchsteuern; Strafrecht,1
Handelsrecht Gesellschaftsrecht; Rechnungslegung; Wirtschaftsprüfung; BGBAT,1
Familienrecht; BGBAT; Zivilverfahrensrecht; ELWI-FAMR,1
Handelsrecht Gesellschaftsrecht; Familienrecht; ELWI-FAMR; ELWI-FAMR,1
EDV-Recht; BGBAT; Schadensersatz; Handelsrecht Gesellschaftsrecht; Zivilverfahrensrecht,1
BGBAT; SchuldrechtAT; Kauf Tausch Leasing; Bankrecht Kreditrecht,1
SchuldrechtAT; Kauf Tausch Leasing; SchuldrechtAT; Kauf Tausch Leasing,1
EDV-Recht; EDV-Recht,1
Familienrecht; Familienrecht; Zivilverfahrensrecht,1
Berufsrecht Steuerberater; Umsatzsteuer; BGBAT; Sachenrecht,1
Versicherungsrecht; Berufsrecht Rechtsanwälte; BGBAT; Schadensersatz,1
Versicherungsrecht; BGBAT; Versicherungsrecht; BGBAT,1
Neue Bundesländer; Familienrecht; BGBAT; ELWI-FAMR,1
Sonstiges Steuerrecht; Einkommensteuer/Lohnsteuer/Kirchensteuer; Umsatzsteuer,1
Berufsrecht Rechtsanwälte; Schadensersatz; Bankrecht Kreditrecht; Handelsrecht Gesellschaftsrecht; Bankrecht Kreditrecht; Handelsrecht Gesellschaftsrecht,1
Berufsrecht Steuerberater; Berufsrecht Rechtsanwälte; Einkommensteuer/Lohnsteuer/Kirchensteuer,1
Familienrecht; Sachenrecht; Zivilverfahrensrecht,1
Urheberrecht Markenrecht Patentrecht; EDV-Recht; SchuldrechtAT; Zivilverfahrensrecht,1
Miete Pacht; Berufsrecht Rechtsanwälte; Bankrecht Kreditrecht,1
Sozialversicherungsrecht; Zivilverfahrensrecht; Sozialrecht; Wettbewerbsrecht Kartellrecht,1
Schadensersatz; Sachenrecht; Berufsrecht Rechtsanwälte,1
Handelsrecht Gesellschaftsrecht; EDV-Recht; Schadensersatz; SchuldrechtAT; Wettbewerbsrecht Kartellrecht,1
Rechnungslegung; Versicherungsrecht,1
Zivilverfahrensrecht; BGBAT; Werkvertrag,1
Bankrecht Kreditrecht; Sachenrecht; SchuldrechtAT; BGBAT,1
Zivilverfahrensrecht; Familienrecht; Insolvenzrecht; ELWI-FAMR,1
Berufsrecht Rechtsanwälte; Berufsrecht Steuerberater; Wirtschaftsprüfung; BGBAT; Schadensersatz; BGBAT; Schadensersatz,1
SchuldrechtAT; Kauf Tausch Leasing; Bankrecht Kreditrecht; Handelsrecht Gesellschaftsrecht; Insolvenzrecht,1
Bankrecht Kreditrecht; BGBAT; Schadensersatz; SchuldrechtAT; Handelsrecht Gesellschaftsrecht,1
Zivilverfahrensrecht; Versicherungsrecht; Bankrecht Kreditrecht,1
Versicherungsrecht; Sachenrecht; Zivilverfahrensrecht,1
Arbeitsrecht; Schuldverhältnisse; BGBAT; Zivilverfahrensrecht; EU-Recht,1
Schadensersatz; BGBAT; Versicherungsrecht,1
Strafrecht; Sozialrecht; Sozialversicherungsrecht; Steuerstrafrecht,1
Bankrecht Kreditrecht; Miete Pacht; Sachenrecht,1
Bankrecht Kreditrecht; BGBAT; Werkvertrag; Insolvenzrecht,1
Umsatzsteuer; BGBAT; Sozialrecht; Sozialversicherungsrecht,1
Steuerstrafrecht; Verfahrensrecht/Abgabenordnung; Bankrecht Kreditrecht,1
EDV-Recht; Urheberrecht Markenrecht Patentrecht; EU-Recht,1
Berufsrecht Steuerberater; EDV-Recht; Info,1
Berufsrecht Rechtsanwälte; Insolvenzrecht; Neue Bundesländer; Schuldverhältnisse,1
Arbeitsrecht; Berufsrecht Rechtsanwälte; EDV-Recht,1
Zivilverfahrensrecht; SchuldrechtAT; Erbschaft Schenkung,1
Zivilverfahrensrecht; Wohnungseigentum; Insolvenzrecht,1
Rechnungslegung; Einkommensteuer/Lohnsteuer/Kirchensteuer; Körperschaftsteuer; Strafrecht; Verfahrensrecht/Abgabenordnung; Steuerstrafrecht,1
Neue Bundesländer; Sachenrecht; SchuldrechtAT,1
Zivilverfahrensrecht; Erbschaftsteuer; Erbschaft Schenkung; ELWI-FAMR,1
Bankrecht Kreditrecht; SchuldrechtAT; Werkvertrag; Bankrecht Kreditrecht; SchuldrechtAT; Werkvertrag,1
Rechnungslegung; Handelsrecht Gesellschaftsrecht; Schadensersatz; Bankrecht Kreditrecht,1
Sozialrecht; Sozialversicherungsrecht; Miete Pacht,1
Zivilverfahrensrecht; SchuldrechtAT; Insolvenzrecht,1
SchuldrechtAT; Handelsrecht Gesellschaftsrecht; Sachenrecht; Bankrecht Kreditrecht,1
Insolvenzrecht; Handelsrecht Gesellschaftsrecht; Info,1
Bankrecht Kreditrecht; Arbeitsrecht,1
Berufsrecht Rechtsanwälte; Berufsrecht Steuerberater; Wirtschaftsprüfung; Schadensersatz; Schadensersatz,1
Berufsrecht Rechtsanwälte; SchuldrechtAT; Insolvenzrecht,1
Kauf Tausch Leasing; Neue Bundesländer; SchuldrechtAT,1
Familienrecht; Schadensersatz; SchuldrechtAT; Berufsrecht Rechtsanwälte,1
Zivilverfahrensrecht; Wettbewerbsrecht Kartellrecht; Versicherungsrecht; Berufsrecht Rechtsanwälte,1
Insolvenzrecht; Berufsrecht Rechtsanwälte; Versicherungsrecht,1
Berufsrecht Steuerberater; Insolvenzrecht; Berufsrecht Rechtsanwälte,1
Schuldverhältnisse; Schadensersatz; Handelsrecht Gesellschaftsrecht,1
Bankrecht Kreditrecht; Schadensersatz; SchuldrechtAT; EU-Recht,1
Rechnungslegung; Einkommensteuer/Lohnsteuer/Kirchensteuer; Körperschaftsteuer; Verfahrensrecht/Abgabenordnung,1
SchuldrechtAT; Miete Pacht; BGBAT,1
Schadensersatz; Bankrecht Kreditrecht; SchuldrechtAT; Werkvertrag; Bankrecht Kreditrecht; SchuldrechtAT; Werkvertrag,1
Sachenrecht; Handelsrecht Gesellschaftsrecht; Strafrecht,1
EU-Recht; Schadensersatz; Schuldverhältnisse,1
Versicherungsrecht; SchuldrechtAT; Schadensersatz; BGBAT; Umsatzsteuer,1
Handelsrecht Gesellschaftsrecht; Handelsrecht Gesellschaftsrecht; Insolvenzrecht,1
Berufsrecht Rechtsanwälte; SchuldrechtAT; BGBAT; Schadensersatz; Bankrecht Kreditrecht,1
ELWI-FAMR; Schadensersatz; BGBAT,1
Schuldverhältnisse; Handelsrecht Gesellschaftsrecht; Handelsrecht Gesellschaftsrecht,1
Wohnungseigentum; Verfahrensrecht/Abgabenordnung,1
Berufsrecht Rechtsanwälte; BGBAT; Zivilverfahrensrecht; Handelsrecht Gesellschaftsrecht,1
Steuerstrafrecht; Einkommensteuer/Lohnsteuer/Kirchensteuer; Handelsrecht Gesellschaftsrecht; Umsatzsteuer; Verfahrensrecht/Abgabenordnung,1
Landwirtschaftsrecht; Handelsrecht Gesellschaftsrecht,1
SchuldrechtAT; Handelsrecht Gesellschaftsrecht; Schadensersatz; Sachenrecht; Bankrecht Kreditrecht; Zivilverfahrensrecht,1
Handelsrecht Gesellschaftsrecht; Handelsrecht Gesellschaftsrecht; Schadensersatz; Bankrecht Kreditrecht; BGBAT; Bankrecht Kreditrecht; BGBAT,1
SchuldrechtAT; Sachenrecht; Schadensersatz,1
Bankrecht Kreditrecht; Schuldverhältnisse; Berufsrecht Rechtsanwälte; Insolvenzrecht,1
Familienrecht; BGBAT; SchuldrechtAT; ELWI-FAMR,1
EDV-Recht; SchuldrechtAT; Schuldverhältnisse; Kauf Tausch Leasing; Schadensersatz; BGBAT,1
Verfahrensrecht/Abgabenordnung; Schadensersatz,1
Familienrecht; Zivilverfahrensrecht; Versicherungsrecht,1
Bankrecht Kreditrecht; SchuldrechtAT; ELWI-REWE,1
BGBAT; SchuldrechtAT; Handelsrecht Gesellschaftsrecht; Kauf Tausch Leasing; Wettbewerbsrecht Kartellrecht,1
Kauf Tausch Leasing; SchuldrechtAT; Miete Pacht; Zivilverfahrensrecht,1
Zivilverfahrensrecht; Familienrecht; Strafrecht,1
Kauf Tausch Leasing; Handelsrecht Gesellschaftsrecht; Erbschaft Schenkung; Sachenrecht,1
Handelsrecht Gesellschaftsrecht; BGBAT; SchuldrechtAT; BGBAT; SchuldrechtAT,1
SchuldrechtAT; Arbeitsrecht; Handelsrecht Gesellschaftsrecht; Öffentliches Recht,1
Insolvenzrecht; Wirtschaftsprüfung,1
Arbeitsrecht; Einkommensteuer/Lohnsteuer/Kirchensteuer; Rechnungslegung,1
Einkommensteuer/Lohnsteuer/Kirchensteuer; Lohnsteuer; Berufsrecht Rechtsanwälte; Berufsrecht Steuerberater; Familienrecht; Insolvenzrecht; ELWI-FAMR,1
Kauf Tausch Leasing; Wohnungseigentum; Werkvertrag,1
BGBAT; Schuldverhältnisse; EDV-Recht,1
Berufsrecht Rechtsanwälte; Berufsrecht Steuerberater; Schadensersatz; BGBAT,1
Wettbewerbsrecht Kartellrecht; Sachenrecht; EDV-Recht,1
EU-Recht; Zivilverfahrensrecht; Strafrecht,1
EDV-Recht; BGBAT; Wettbewerbsrecht Kartellrecht,1
Kauf Tausch Leasing; SchuldrechtAT; Schuldverhältnisse; Sachenrecht,1
Kauf Tausch Leasing; Kauf Tausch Leasing; Umsatzsteuer; SchuldrechtAT,1
Miete Pacht; Schadensersatz; EDV-Recht,1
Insolvenzrecht; Werkvertrag; Bankrecht Kreditrecht,1
Sachenrecht; Bankrecht Kreditrecht; Handelsrecht Gesellschaftsrecht; BGBAT,1
Wettbewerbsrecht Kartellrecht; EDV-Recht; Handelsrecht Gesellschaftsrecht,1
Berufsrecht Rechtsanwälte; Insolvenzrecht; Neue Bundesländer; Insolvenzrecht; Neue Bundesländer,1
Insolvenzrecht; Zivilverfahrensrecht; Handelsrecht Gesellschaftsrecht,1
Schuldverhältnisse; Erbschaft Schenkung; Sozialrecht,1
Schuldverhältnisse; Schadensersatz; SchuldrechtAT; Zivilverfahrensrecht,1
Zivilverfahrensrecht; Insolvenzrecht; LEXPUB,1
Steuerstrafrecht; Handelsrecht Gesellschaftsrecht; Strafrecht,1
Insolvenzrecht; Zivilverfahrensrecht; Schadensersatz; Insolvenzrecht; Zivilverfahrensrecht; Schadensersatz,1
Öffentliches Recht; Bankrecht Kreditrecht; Sachenrecht,1
Erbschaftsteuer; Erbschaft Schenkung; Erbschaftsteuer; Handelsrecht Gesellschaftsrecht,1
Handelsrecht Gesellschaftsrecht; Schadensersatz; Wirtschaftsprüfung; Berufsrecht Rechtsanwälte; Berufsrecht Steuerberater,1
Sachenrecht; Zivilverfahrensrecht; Bankrecht Kreditrecht; Familienrecht,1
Schadensersatz; Bankrecht Kreditrecht; Handelsrecht Gesellschaftsrecht; Bankrecht Kreditrecht; Handelsrecht Gesellschaftsrecht,1
Arbeitsrecht; Bankrecht Kreditrecht,1
BGBAT; Schadensersatz; Bankrecht Kreditrecht; Sachenrecht; ELWI-FAMR,1
Erbschaft Schenkung; Erbschaftsteuer; Erbschaftsteuer; Erbschaftsteuer,1
Zivilverfahrensrecht; Wohnungseigentum; Miete Pacht,1
Schadensersatz; Arbeitsrecht; Wohnungseigentum,1
Sachenrecht; Bankrecht Kreditrecht; Schuldverhältnisse,1
Zivilverfahrensrecht; Familienrecht; Berufsrecht Steuerberater,1
Steuerstrafrecht; Bankrecht Kreditrecht; Schuldverhältnisse,1
SchuldrechtAT; SchuldrechtAT; Arbeitsrecht,1
Familienrecht; Bankrecht Kreditrecht; SchuldrechtAT; ELWI-FAMR,1
Umsatzsteuer; EU-Recht,1
Körperschaftsteuer; Rechnungslegung; Einkommensteuer/Lohnsteuer/Kirchensteuer,1
Bankrecht Kreditrecht; Berufsrecht Rechtsanwälte; SchuldrechtAT,1
Handelsrecht Gesellschaftsrecht; Schadensersatz; SchuldrechtAT; Zivilverfahrensrecht,1
SchuldrechtAT; Umsatzsteuer,1
Berufsrecht Rechtsanwälte; Schadensersatz; SchuldrechtAT; Schuldverhältnisse; Handelsrecht Gesellschaftsrecht; Schadensersatz; SchuldrechtAT; Schuldverhältnisse; Handelsrecht Gesellschaftsrecht,1
Sachenrecht; BGBAT; BGBAT,1
Sachenrecht; Erbschaftsteuer; Erbschaft Schenkung,1
Insolvenzrecht; Zivilverfahrensrecht; Yellowmap,1
Verfahrensrecht/Abgabenordnung; Steuerstrafrecht; Steuerliche Betriebsprüfung,1
Handelsrecht Gesellschaftsrecht; Bankrecht Kreditrecht; SchuldrechtAT; Schadensersatz,1
Strafrecht; Sozialrecht; EDV-Recht,1
Erbschaft Schenkung; Erbschaftsteuer; SchuldrechtAT; ELWI-FAMR,1
Urheberrecht Markenrecht Patentrecht; EDV-Recht; Schadensersatz,1
Insolvenzrecht; Insolvenzrecht; Zivilverfahrensrecht; Bankrecht Kreditrecht; Handelsrecht Gesellschaftsrecht,1
Sozialrecht; Sozialversicherungsrecht; Handelsrecht Gesellschaftsrecht; Arbeitsrecht,1
SchuldrechtAT; Bankrecht Kreditrecht; Schadensersatz; Sachenrecht; BGBAT; Handelsrecht Gesellschaftsrecht,1
Handelsrecht Gesellschaftsrecht; Versicherungsrecht; Rechnungslegung,1
Wirtschaftsprüfung; Schuldverhältnisse; Schuldverhältnisse,1
Berufsrecht Rechtsanwälte; Berufsrecht Steuerberater; Wirtschaftsprüfung; Insolvenzrecht; Verfahrensrecht/Abgabenordnung; Handelsrecht Gesellschaftsrecht,1
BGBAT; SchuldrechtAT; Schadensersatz; Kauf Tausch Leasing; EDV-Recht,1
BGBAT; Arbeitsrecht,1
Wettbewerbsrecht Kartellrecht; Handelsrecht Gesellschaftsrecht; Versicherungsrecht,1
Schadensersatz; Bankrecht Kreditrecht; SchuldrechtAT; Sachenrecht; Zivilverfahrensrecht,1
BGBAT; Familienrecht; Erbschaft Schenkung,1
Berufsrecht Rechtsanwälte; Werkvertrag; EDV-Recht; Schadensersatz,1
Schuldverhältnisse; Bankrecht Kreditrecht; BGBAT,1
Schadensersatz; Insolvenzrecht; Handelsrecht Gesellschaftsrecht,1
Schuldverhältnisse; Schadensersatz; SchuldrechtAT; Berufsrecht Rechtsanwälte,1
Insolvenzrecht; Versicherungsrecht; Sachenrecht; Insolvenzrecht; Versicherungsrecht; Sachenrecht,1
Handelsrecht Gesellschaftsrecht; Schadensersatz; Zivilverfahrensrecht; Handelsrecht Gesellschaftsrecht; Schadensersatz; Zivilverfahrensrecht,1
Umsatzsteuer; EU-Recht; EU-indirekte Steuern; Miete Pacht; Landwirtschaftsrecht,1
Zivilverfahrensrecht; Schadensersatz; Familienrecht,1
Verfahrensrecht/Abgabenordnung; Einkommensteuer/Lohnsteuer/Kirchensteuer; Rechnungslegung,1
SchuldrechtAT; Miete Pacht; Kauf Tausch Leasing,1
Schuldverhältnisse; Erbschaft Schenkung; ELWI-FAMR,1
Berufsrecht Steuerberater; Berufsrecht Rechtsanwälte; Wirtschaftsprüfung; BGBAT; BGBAT,1
SchuldrechtAT; Handelsrecht Gesellschaftsrecht; BGBAT; SchuldrechtAT; Handelsrecht Gesellschaftsrecht; BGBAT,1
Schadensersatz; SchuldrechtAT; BGBAT; EDV-Recht,1
Berufsrecht Rechtsanwälte; Berufsrecht Steuerberater; Wettbewerbsrecht Kartellrecht; SchuldrechtAT; Wettbewerbsrecht Kartellrecht; SchuldrechtAT,1
SchuldrechtAT; Bankrecht Kreditrecht; Handelsrecht Gesellschaftsrecht; Zivilverfahrensrecht; Schuldverhältnisse,1
EDV-Recht; Strafrecht; Verfahrensrecht/Abgabenordnung,1
Berufsrecht Rechtsanwälte; Schadensersatz; Zivilverfahrensrecht; Sachenrecht; Zivilverfahrensrecht; Sachenrecht,1
Kauf Tausch Leasing; Bankrecht Kreditrecht; SchuldrechtAT; Bankrecht Kreditrecht; SchuldrechtAT,1
Handelsrecht Gesellschaftsrecht; Wettbewerbsrecht Kartellrecht; Zivilverfahrensrecht,1
Neue Bundesländer; Handelsrecht Gesellschaftsrecht; Körperschaftsteuer,1
Strafrecht; Verfahrensrecht/Abgabenordnung; Einkommensteuer/Lohnsteuer/Kirchensteuer; Sozialrecht; Sozialversicherungsrecht,1
Insolvenzrecht; Handelsrecht Gesellschaftsrecht; Erbschaft Schenkung,1
Insolvenzrecht; Berufsrecht Rechtsanwälte; Berufsrecht Rechtsanwälte,1
Schadensersatz; Berufsrecht Steuerberater; ELWI-STAP,1
Werkvertrag; BGBAT; Werkvertrag; BGBAT,1
Wettbewerbsrecht Kartellrecht; EDV-Recht; EU-Recht,1
Sozialversicherungsrecht; Versicherungsrecht; Zivilverfahrensrecht,1
Einkommensteuer/Lohnsteuer/Kirchensteuer; Erbschaftsteuer; Handelsrecht Gesellschaftsrecht,1
Zivilverfahrensrecht; Insolvenzrecht; Schuldverhältnisse,1
Kauf Tausch Leasing; BGBAT; Bankrecht Kreditrecht,1
Berufsrecht Steuerberater; Zivilverfahrensrecht; SchuldrechtAT,1
Insolvenzrecht; Schadensersatz; Zivilverfahrensrecht; Schadensersatz; Zivilverfahrensrecht,1
EDV-Recht; SchuldrechtAT; Bankrecht Kreditrecht; BGBAT,1
Neue Bundesländer; Handelsrecht Gesellschaftsrecht; Handelsrecht Gesellschaftsrecht,1
Bankrecht Kreditrecht; BGBAT; Insolvenzrecht,1
Schadensersatz; BGBAT; SchuldrechtAT; Kauf Tausch Leasing; Handelsrecht Gesellschaftsrecht,1
Wettbewerbsrecht Kartellrecht; SchuldrechtAT; Miete Pacht,1
Sozialversicherungsrecht; Handelsrecht Gesellschaftsrecht; Schadensersatz,1
Umsatzsteuer; Steuerstrafrecht; ELWI-STAP,1
SchuldrechtAT; Schadensersatz; Schuldverhältnisse,1
Wohnungseigentum; SchuldrechtAT; Kauf Tausch Leasing,1
Kauf Tausch Leasing; Berufsrecht Rechtsanwälte; Schadensersatz,1
Arbeitsrecht; Schuldverhältnisse; Zivilverfahrensrecht,1
Landwirtschaftsrecht; Zivilverfahrensrecht; Sachenrecht; Handelsrecht Gesellschaftsrecht,1
Insolvenzrecht; BGBAT; SchuldrechtAT; Schadensersatz,1
Bankrecht Kreditrecht; SchuldrechtAT; Handelsrecht Gesellschaftsrecht; Zivilverfahrensrecht; Bankrecht Kreditrecht; SchuldrechtAT; Handelsrecht Gesellschaftsrecht; Zivilverfahrensrecht,1
Handelsrecht Gesellschaftsrecht; Schadensersatz; Insolvenzrecht,1
Sachenrecht; Wohnungseigentum; Miete Pacht,1
Öffentliches Recht; EDV-Recht; Urheberrecht Markenrecht Patentrecht,1
Einkommensteuer/Lohnsteuer/Kirchensteuer; Lohnsteuer; BGBAT; Familienrecht; BGBAT; Familienrecht,1
Erbschaft Schenkung; Familienrecht; Erbschaftsteuer; ELWI-FAMR; ELWI-FAMR,1
Berufsrecht Rechtsanwälte; Schadensersatz; Insolvenzrecht; SchuldrechtAT; Insolvenzrecht; SchuldrechtAT,1
Sachenrecht; Schadensersatz; Bankrecht Kreditrecht; Insolvenzrecht; SchuldrechtAT,1
Insolvenzrecht; BGBAT; SchuldrechtAT; Schadensersatz; Zivilverfahrensrecht,1
Schadensersatz; Versicherungsrecht; Öffentliches Recht,1
Insolvenzrecht; Berufsrecht Rechtsanwälte; EU-Recht,1
Berufsrecht Steuerberater; Berufsrecht Rechtsanwälte; Strafrecht; Steuerstrafrecht; Verfahrensrecht/Abgabenordnung,1
Sachenrecht; Werkvertrag; Schadensersatz; SchuldrechtAT; Werkvertrag; Schadensersatz; SchuldrechtAT,1
Sachenrecht; Zivilverfahrensrecht; SchuldrechtAT; Grunderwerbsteuer,1
Miete Pacht; Berufsrecht Rechtsanwälte; EDV-Recht; LEXPUB,1
Miete Pacht; Kauf Tausch Leasing; Info,1
Handelsrecht Gesellschaftsrecht; Zivilverfahrensrecht; Wettbewerbsrecht Kartellrecht,1
Einkommensteuer/Lohnsteuer/Kirchensteuer; Berufsrecht Steuerberater; Schadensersatz; Zivilverfahrensrecht; Schadensersatz; Zivilverfahrensrecht,1
Insolvenzrecht; BGBAT; Bankrecht Kreditrecht; Sachenrecht; Insolvenzrecht; BGBAT; Bankrecht Kreditrecht; Sachenrecht,1
Neue Bundesländer; Familienrecht; Sozialrecht; BGBAT; ELWI-FAMR,1
Handelsrecht Gesellschaftsrecht; Wirtschaftsprüfung; Berufsrecht Rechtsanwälte; Berufsrecht Steuerberater,1
Werkvertrag; BGBAT; Zivilverfahrensrecht; Schadensersatz,1
Strafrecht; Handelsrecht Gesellschaftsrecht; Rechnungslegung; Ausländisches Recht; Ausländisches Steuerrecht,1
EU-Recht; Umsatzsteuer; Verfahrensrecht/Abgabenordnung,1
BGBAT; Schadensersatz; Handelsrecht Gesellschaftsrecht; Zivilverfahrensrecht,1
Insolvenzrecht; Zivilverfahrensrecht; Wirtschaftsprüfung,1
SchuldrechtAT; Schuldverhältnisse; Zivilverfahrensrecht,1
Familienrecht; Zivilverfahrensrecht; Öffentliches Recht; ELWI-FAMR,1
Rechnungslegung; Handelsrecht Gesellschaftsrecht; Neue Bundesländer; Insolvenzrecht,1
Handelsrecht Gesellschaftsrecht; Sozialrecht; Sozialversicherungsrecht; Einkommensteuer/Lohnsteuer/Kirchensteuer; Umsatzsteuer,1
Öffentliches Recht; Sozialrecht; SchuldrechtAT; Versicherungsrecht,1
Insolvenzrecht; Zivilverfahrensrecht; Wettbewerbsrecht Kartellrecht,1
Zivilverfahrensrecht; Sachenrecht; Öffentliches Recht,1
Bankrecht Kreditrecht; Sachenrecht; Zivilverfahrensrecht; SchuldrechtAT,1
Urheberrecht Markenrecht Patentrecht; EDV-Recht; BGBAT,1
Schadensersatz; Schadensersatz; Neue Bundesländer,1
Kauf Tausch Leasing; SchuldrechtAT; Bankrecht Kreditrecht; Versicherungsrecht,1
Rechnungslegung; Sachenrecht; Handelsrecht Gesellschaftsrecht; Zivilverfahrensrecht; Bankrecht Kreditrecht,1
EU-Recht; Zivilverfahrensrecht; Familienrecht,1
Berufsrecht Rechtsanwälte; Bankrecht Kreditrecht; SchuldrechtAT; Insolvenzrecht; Bankrecht Kreditrecht; SchuldrechtAT; Insolvenzrecht,1
Schadensersatz; Zivilverfahrensrecht; SchuldrechtAT; Bankrecht Kreditrecht,1
Wettbewerbsrecht Kartellrecht; Bankrecht Kreditrecht; Urheberrecht Markenrecht Patentrecht,1
Einkommensteuer/Lohnsteuer/Kirchensteuer; Erbschaftsteuer; Erbschaft Schenkung; Erbschaftsteuer; Erbschaft Schenkung,1
Berufsrecht Rechtsanwälte; Erbschaft Schenkung; Neue Bundesländer; BGBAT,1
Miete Pacht; Sachenrecht; Schadensersatz; SchuldrechtAT; Wohnungseigentum,1
Versicherungsrecht; Strafrecht,1
Handelsrecht Gesellschaftsrecht; Sachenrecht; Neue Bundesländer,1
Landwirtschaftsrecht; Sachenrecht; Zivilverfahrensrecht; Neue Bundesländer,1
Reisevertrag; Wettbewerbsrecht Kartellrecht; Kauf Tausch Leasing,1
Sachenrecht; Kauf Tausch Leasing; SchuldrechtAT; Wohnungseigentum,1
Berufsrecht Rechtsanwälte; Schadensersatz; BGBAT; Bankrecht Kreditrecht; SchuldrechtAT; BGBAT; Bankrecht Kreditrecht; SchuldrechtAT,1
SchuldrechtAT; Insolvenzrecht; Zivilverfahrensrecht; SchuldrechtAT; Insolvenzrecht; Zivilverfahrensrecht,1
Werkvertrag; Schuldverhältnisse; Schadensersatz; Werkvertrag; Schuldverhältnisse; Schadensersatz,1
Schadensersatz; Sozialrecht; Sozialversicherungsrecht; Versicherungsrecht,1
Bankrecht Kreditrecht; BGBAT; SchuldrechtAT; Zivilverfahrensrecht,1
Insolvenzrecht; Zivilverfahrensrecht; Schadensersatz; Handelsrecht Gesellschaftsrecht,1
Sonstiges Recht; Familienrecht; Öffentliches Recht,1
"Schadensersatz; Berufsrecht
Rechtsanwälte",1
Urheberrecht Markenrecht Patentrecht; Arbeitsrecht; SchuldrechtAT,1
Rechnungslegung; Handelsrecht Gesellschaftsrecht; Insolvenzrecht; EU-Recht; Zivilverfahrensrecht,1
Sozialrecht; Sozialversicherungsrecht; Öffentliches Recht,1
Öffentliches Recht; Strafrecht; Berufsrecht Rechtsanwälte,1
Handelsrecht Gesellschaftsrecht; Zivilverfahrensrecht; Schadensersatz; Zivilverfahrensrecht; Schadensersatz,1
Familienrecht; BGBAT; Neue Bundesländer,1
Berufsrecht Steuerberater; Berufsrecht Rechtsanwälte; Wettbewerbsrecht Kartellrecht; Wettbewerbsrecht Kartellrecht,1
Rechnungslegung; Schuldverhältnisse; Insolvenzrecht; Schuldverhältnisse; Insolvenzrecht,1
Wirtschaftsprüfung; Berufsrecht Steuerberater; Wettbewerbsrecht Kartellrecht,1
Familienrecht; Ausländisches Recht,1
Berufsrecht Rechtsanwälte; EU-Recht; Wettbewerbsrecht Kartellrecht,1
EDV-Recht; SchuldrechtAT; Kauf Tausch Leasing; Bankrecht Kreditrecht; BGBAT,1
Handelsrecht Gesellschaftsrecht; Handelsrecht Gesellschaftsrecht; Erbschaftsteuer; Erbschaft Schenkung; Erbschaftsteuer; Erbschaft Schenkung,1
Wettbewerbsrecht Kartellrecht; Schadensersatz; EU-Recht,1
Landwirtschaftsrecht; Sachenrecht; Miete Pacht,1
SchuldrechtAT; Schuldverhältnisse; Sozialrecht; Sozialversicherungsrecht,1
Handelsrecht Gesellschaftsrecht; BGBAT; Schadensersatz; SchuldrechtAT; Werkvertrag,1
Erbschaft Schenkung; Erbschaftsteuer; Insolvenzrecht,1
Strafrecht; Öffentliches Recht; Strafrecht,1
Berufsrecht Rechtsanwälte; Strafrecht; Steuerstrafrecht; Bankrecht Kreditrecht; ELWI-STAP,1
Berufsrecht Steuerberater; SchuldrechtAT; BGBAT; SchuldrechtAT; BGBAT,1
Kauf Tausch Leasing; Miete Pacht; SchuldrechtAT; Bankrecht Kreditrecht,1
Versicherungsrecht; SchuldrechtAT; Schuldverhältnisse,1
Schadensersatz; SchuldrechtAT; Bankrecht Kreditrecht; Info,1
Berufsrecht Rechtsanwälte; Berufsrecht Steuerberater; Zivilverfahrensrecht; EDV-Recht,1
Sozialrecht; Sozialversicherungsrecht; Erbschaft Schenkung,1
Arbeitsrecht; Zivilverfahrensrecht; EDV-Recht,1
Sozialrecht; Sozialversicherungsrecht; Versicherungsrecht,1
Kauf Tausch Leasing; Bankrecht Kreditrecht; EDV-Recht,1
Familienrecht; Familienrecht; Handelsrecht Gesellschaftsrecht; Rechnungslegung,1
BGBAT; EDV-Recht; SchuldrechtAT; Berufsrecht Rechtsanwälte; Berufsrecht Steuerberater,1
Reisevertrag; Miete Pacht; SchuldrechtAT,1
Schadensersatz; Urheberrecht Markenrecht Patentrecht; EDV-Recht; Wettbewerbsrecht Kartellrecht; Zivilverfahrensrecht,1
Handelsrecht Gesellschaftsrecht; SchuldrechtAT; Zivilverfahrensrecht; Handelsrecht Gesellschaftsrecht; SchuldrechtAT; Zivilverfahrensrecht,1
Berufsrecht Rechtsanwälte; Schadensersatz; Insolvenzrecht; Sachenrecht; Handelsrecht Gesellschaftsrecht; Insolvenzrecht; Sachenrecht; Handelsrecht Gesellschaftsrecht,1
Berufsrecht Steuerberater; Schadensersatz; Steuerstrafrecht; ELWI-STAP,1
BGBAT; SchuldrechtAT; Schadensersatz; Bankrecht Kreditrecht; Sachenrecht,1
Schadensersatz; Neue Bundesländer; BGBAT,1
BGBAT; Handelsrecht Gesellschaftsrecht; Erbschaft Schenkung,1
Zivilverfahrensrecht; EU-Recht; Kauf Tausch Leasing; SchuldrechtAT,1
Sachenrecht; Erbschaftsteuer; Erbschaft Schenkung; Zivilverfahrensrecht,1
BGBAT; Schadensersatz; Neue Bundesländer; Wettbewerbsrecht Kartellrecht; Urheberrecht Markenrecht Patentrecht,1
EDV-Recht; Urheberrecht Markenrecht Patentrecht; Wettbewerbsrecht Kartellrecht; Zivilverfahrensrecht,1
Schadensersatz; SchuldrechtAT; Schadensersatz; Zivilverfahrensrecht,1
SchuldrechtAT; Schadensersatz; Berufsrecht Steuerberater,1
Miete Pacht; Familienrecht; Zivilverfahrensrecht,1
Schadensersatz; EDV-Recht; Wettbewerbsrecht Kartellrecht,1
Miete Pacht; Zivilverfahrensrecht; Versicherungsrecht; SchuldrechtAT,1
Berufsrecht Rechtsanwälte; Schadensersatz; SchuldrechtAT; Sachenrecht; Zivilverfahrensrecht; Schadensersatz; SchuldrechtAT; Sachenrecht; Zivilverfahrensrecht,1
Verfahrensrecht/Abgabenordnung; Steuerstrafrecht; Einkommensteuer/Lohnsteuer/Kirchensteuer; Verfahrensrecht/Abgabenordnung,1
Berufsrecht Rechtsanwälte; Rechnungslegung; Insolvenzrecht; Handelsrecht Gesellschaftsrecht; Miete Pacht,1
Insolvenzrecht; Handelsrecht Gesellschaftsrecht; Yellowmap,1
Berufsrecht Steuerberater; Schadensersatz; SchuldrechtAT; Kauf Tausch Leasing; Schadensersatz; SchuldrechtAT; Kauf Tausch Leasing,1
Einkommensteuer/Lohnsteuer/Kirchensteuer; Erbschaft Schenkung; Erbschaftsteuer,1
Berufsrecht Rechtsanwälte; BGBAT; Schuldverhältnisse; Schadensersatz; SchuldrechtAT; BGBAT; Schuldverhältnisse; Schadensersatz; SchuldrechtAT,1
Einkommensteuer/Lohnsteuer/Kirchensteuer; Körperschaftsteuer; Gewerbesteuer; Gewerbesteuer; Umsatzsteuer; Verfahrensrecht/Abgabenordnung,1
Körperschaftsteuer; Einkommensteuer/Lohnsteuer/Kirchensteuer; Rechnungslegung,1
Insolvenzrecht; Bankrecht Kreditrecht; Schadensersatz; Einkommensteuer/Lohnsteuer/Kirchensteuer,1
Schadensersatz; Berufsrecht Rechtsanwälte; Strafrecht,1
Wohnungseigentum; Sachenrecht; SchuldrechtAT,1
Kauf Tausch Leasing; Neue Bundesländer; BGBAT,1
BGBAT; Bankrecht Kreditrecht; Miete Pacht; Arbeitsrecht; Schuldverhältnisse; EDV-Recht; Zivilverfahrensrecht,1
Kauf Tausch Leasing; Bankrecht Kreditrecht; SchuldrechtAT; BGBAT,1
Handelsrecht Gesellschaftsrecht; Rechnungslegung; Strafrecht,1
BGBAT; Erbschaft Schenkung; Schuldverhältnisse,1
Erbschaft Schenkung; SchuldrechtAT; Bankrecht Kreditrecht; Schadensersatz,1
Schadensersatz; Wirtschaftsprüfung; Schuldverhältnisse; Handelsrecht Gesellschaftsrecht,1
Insolvenzrecht; Schadensersatz; Verfahrensrecht/Abgabenordnung; Handelsrecht Gesellschaftsrecht,1
Erbschaft Schenkung; EU-Recht,1
EU-Recht; Öffentliches Recht; Verfahrensrecht/Abgabenordnung,1
Wirtschaftsprüfung; Berufsrecht Rechtsanwälte; Wettbewerbsrecht Kartellrecht; Berufsrecht Steuerberater,1
SchuldrechtAT; Urheberrecht Markenrecht Patentrecht; Wettbewerbsrecht Kartellrecht,1
Neue Bundesländer; BGBAT; Erbschaft Schenkung; Neue Bundesländer,1
Sozialversicherungsrecht; Sozialrecht; BGBAT,1
EU-Recht; Verkehrsteuern,1
Zivilverfahrensrecht; Handelsrecht Gesellschaftsrecht; Wettbewerbsrecht Kartellrecht,1
SchuldrechtAT; Schadensersatz; Berufsrecht Rechtsanwälte; Zivilverfahrensrecht,1
BGBAT; Arbeitsrecht; Werkvertrag,1
Steuerstrafrecht; Verfahrensrecht/Abgabenordnung; Einkommensteuer/Lohnsteuer/Kirchensteuer; Gewerbesteuer,1
Berufsrecht Rechtsanwälte; Wirtschaftsprüfung; Insolvenzrecht,1
Zivilverfahrensrecht; Sozialrecht; Sozialversicherungsrecht; Berufsrecht Rechtsanwälte,1
Lohnsteuer; Schadensersatz; Familienrecht; Einkommensteuer/Lohnsteuer/Kirchensteuer; Info; ELWI-FAMR,1
Sozialversicherungsrecht; Sozialrecht; Schadensersatz; BGBAT,1
Bankrecht Kreditrecht; Kauf Tausch Leasing; Wettbewerbsrecht Kartellrecht,1
Rechnungslegung; Insolvenzrecht; ELWI-Lohn,1
Schuldverhältnisse; SchuldrechtAT; Berufsrecht Rechtsanwälte; Zivilverfahrensrecht,1
Miete Pacht; Schadensersatz; SchuldrechtAT; Versicherungsrecht,1
Zivilverfahrensrecht; Handelsrecht Gesellschaftsrecht; Bankrecht Kreditrecht; Zivilverfahrensrecht; Handelsrecht Gesellschaftsrecht; Bankrecht Kreditrecht,1
Miete Pacht; Sachenrecht; Insolvenzrecht,1
Wettbewerbsrecht Kartellrecht; Schadensersatz; BGBAT,1
Rechnungslegung; Handelsrecht Gesellschaftsrecht; SchuldrechtAT,1
Strafrecht; Handelsrecht Gesellschaftsrecht; SchuldrechtAT; Schadensersatz,1
Handelsrecht Gesellschaftsrecht; ELWI-FAMR; Familienrecht; ELWI-Lohn,1
Berufsrecht Rechtsanwälte; Kauf Tausch Leasing; Insolvenzrecht; Insolvenzrecht,1
Insolvenzrecht; Urheberrecht Markenrecht Patentrecht; Handelsrecht Gesellschaftsrecht; Insolvenzrecht; Urheberrecht Markenrecht Patentrecht; Handelsrecht Gesellschaftsrecht,1
Wettbewerbsrecht Kartellrecht; Urheberrecht Markenrecht Patentrecht; Schadensersatz; Sachenrecht,1
Insolvenzrecht; Bankrecht Kreditrecht; Zivilverfahrensrecht,1
Schadensersatz; BGBAT; BGBAT,1
EU-Recht; Wettbewerbsrecht Kartellrecht; EDV-Recht,1
Rechnungslegung; Handelsrecht Gesellschaftsrecht; Zivilverfahrensrecht; Bankrecht Kreditrecht; Zivilverfahrensrecht,1
Handelsrecht Gesellschaftsrecht; Bankrecht Kreditrecht; Schadensersatz; Wirtschaftsprüfung,1
BGBAT; SchuldrechtAT; Sachenrecht; Bankrecht Kreditrecht,1
BGBAT; Schadensersatz; Arbeitsrecht; Steuerstrafrecht; Verfahrensrecht/Abgabenordnung,1
Kauf Tausch Leasing; BGBAT; SchuldrechtAT; Werkvertrag; Schadensersatz,1
Schadensersatz; Landwirtschaftsrecht; Sachenrecht,1
Insolvenzrecht; Sachenrecht; Berufsrecht Rechtsanwälte,1
Insolvenzrecht; Handelsrecht Gesellschaftsrecht; Insolvenzrecht,1
Handelsrecht Gesellschaftsrecht; Insolvenzrecht; Berufsrecht Steuerberater,1
SchuldrechtAT; BGBAT; Arbeitsrecht; Handelsrecht Gesellschaftsrecht,1
Kauf Tausch Leasing; Wohnungseigentum; Zivilverfahrensrecht,1
Urheberrecht Markenrecht Patentrecht; Schadensersatz; SchuldrechtAT; Zivilverfahrensrecht,1
Bankrecht Kreditrecht; Steuerstrafrecht,1
Erbschaftsteuer; Öffentliches Recht,1
Einkommensteuer/Lohnsteuer/Kirchensteuer; Körperschaftsteuer; Einkommensteuer/Lohnsteuer/Kirchensteuer,1
Familienrecht; BGBAT; Familienrecht; BGBAT,1
EU-Recht; Öffentliches Recht; Versicherungsrecht,1
Lohnsteuer; Verfahrensrecht/Abgabenordnung; Einkommensteuer/Lohnsteuer/Kirchensteuer,1
Bankrecht Kreditrecht; SchuldrechtAT; Schuldverhältnisse; Insolvenzrecht,1
Miete Pacht; Wohnungseigentum; Insolvenzrecht; Zivilverfahrensrecht,1
Berufsrecht Rechtsanwälte; Schadensersatz; Erbschaft Schenkung; Erbschaftsteuer; Zivilverfahrensrecht; Erbschaftsteuer,1
Bankrecht Kreditrecht; Werkvertrag; Zivilverfahrensrecht,1
Sozialrecht; Sozialversicherungsrecht; Verfahrensrecht/Abgabenordnung; Zivilverfahrensrecht; Insolvenzrecht,1
Schadensersatz; Insolvenzrecht; Versicherungsrecht; Zivilverfahrensrecht; Insolvenzrecht; Versicherungsrecht; Zivilverfahrensrecht,1
SchuldrechtAT; Werkvertrag; Sachenrecht; Wohnungseigentum,1
EDV-Recht; Bankrecht Kreditrecht; SchuldrechtAT; Kauf Tausch Leasing,1
Familienrecht; Wohnungseigentum; Zivilverfahrensrecht,1
EDV-Recht; Berufsrecht Rechtsanwälte; Insolvenzrecht; Handelsrecht Gesellschaftsrecht; Miete Pacht,1
BGBAT; SchuldrechtAT; Erbschaft Schenkung; Familienrecht,1
Bankrecht Kreditrecht; Öffentliches Recht; Schadensersatz,1
Berufsrecht Rechtsanwälte; Steuerstrafrecht; Strafrecht,1
Schadensersatz; BGBAT; SchuldrechtAT; Handelsrecht Gesellschaftsrecht; Bankrecht Kreditrecht; BGBAT; SchuldrechtAT; Handelsrecht Gesellschaftsrecht; Bankrecht Kreditrecht,1
BGBAT; Verfahrensrecht/Abgabenordnung; Zivilverfahrensrecht,1
Miete Pacht; Schadensersatz; Umsatzsteuer; Miete Pacht; Schadensersatz; SchuldrechtAT; ELWI-FAMR,1
Schadensersatz; Umsatzsteuer; Insolvenzrecht,1
Rechnungslegung; Bankrecht Kreditrecht; Schadensersatz; SchuldrechtAT,1
Handelsrecht Gesellschaftsrecht; Zivilverfahrensrecht; Schuldverhältnisse; BGBAT,1
Kauf Tausch Leasing; Erbschaft Schenkung; Neue Bundesländer; SchuldrechtAT,1
Öffentliches Recht; Kauf Tausch Leasing; Sachenrecht,1
Handelsrecht Gesellschaftsrecht; Neue Bundesländer; Sachenrecht; BGBAT,1
Berufsrecht Steuerberater; Verfahrensrecht/Abgabenordnung,1
Berufsrecht Rechtsanwälte; Zivilverfahrensrecht; Schuldverhältnisse; SchuldrechtAT,1
Sachenrecht; SchuldrechtAT; Schadensersatz,1
Berufsrecht Steuerberater; SchuldrechtAT; Schadensersatz; SchuldrechtAT; Schadensersatz,1
Erbschaft Schenkung; Erbschaftsteuer; SchuldrechtAT; Neue Bundesländer; Erbschaftsteuer,1
Berufsrecht Rechtsanwälte; Schadensersatz; Öffentliches Recht,1
Schadensersatz; Bankrecht Kreditrecht; SchuldrechtAT; Familienrecht,1
Lohnsteuer; Sozialrecht; Sozialversicherungsrecht; Einkommensteuer/Lohnsteuer/Kirchensteuer,1
Berufsrecht Rechtsanwälte; Familienrecht; ELWI-FAMR; ELWI-FAMR,1
SchuldrechtAT; Bankrecht Kreditrecht; Neue Bundesländer; Handelsrecht Gesellschaftsrecht; SchuldrechtAT; Bankrecht Kreditrecht; Neue Bundesländer; Handelsrecht Gesellschaftsrecht,1
Einkommensteuer/Lohnsteuer/Kirchensteuer; Miete Pacht,1
Rechnungslegung; SchuldrechtAT; Handelsrecht Gesellschaftsrecht; SchuldrechtAT; Handelsrecht Gesellschaftsrecht,1
Schuldverhältnisse; SchuldrechtAT; Neue Bundesländer; Sachenrecht; BGBAT,1
SchuldrechtAT; Kauf Tausch Leasing; Schuldverhältnisse; Neue Bundesländer,1
Schuldverhältnisse; Wirtschaftsprüfung; SchuldrechtAT,1
EDV-Recht; Öffentliches Recht; Steuerstrafrecht,1
Versicherungsrecht; Berufsrecht Rechtsanwälte; SchuldrechtAT,1
Werkvertrag; SchuldrechtAT; Schadensersatz; Werkvertrag; Zivilverfahrensrecht,1
Sonstiges Recht; Strafrecht,1
Schadensersatz; Handelsrecht Gesellschaftsrecht; Erbschaftsteuer,1
Berufsrecht Rechtsanwälte; Handelsrecht Gesellschaftsrecht; Versicherungsrecht,1
Kauf Tausch Leasing; SchuldrechtAT; Berufsrecht Rechtsanwälte; Zivilverfahrensrecht,1
Zivilverfahrensrecht; Bankrecht Kreditrecht; Schadensersatz; SchuldrechtAT,1
Werkvertrag; Schuldverhältnisse; Schadensersatz,1
Sozialrecht; Strafrecht,1
Bankrecht Kreditrecht; EDV-Recht; Schadensersatz; Handelsrecht Gesellschaftsrecht,1
BGBAT; SchuldrechtAT; Familienrecht; ELWI-FAMR; ELWI-FAMR,1
BGBAT; EDV-Recht; Schuldverhältnisse,1
Erbschaftsteuer; Handelsrecht Gesellschaftsrecht,1
SchuldrechtAT; Versicherungsrecht; EU-Recht,1
Urheberrecht Markenrecht Patentrecht; BGBAT; EDV-Recht,1
Berufsrecht Steuerberater; Info,1
Berufsrecht Rechtsanwälte; Zivilverfahrensrecht; Insolvenzrecht; Wohnungseigentum,1
"EDV-Recht; Wettbewerbsrecht
Kartellrecht",1
Berufsrecht Rechtsanwälte; Wettbewerbsrecht Kartellrecht; Schuldverhältnisse,1
Werkvertrag; EDV-Recht; Zivilverfahrensrecht,1
Außensteuerrecht,1
Insolvenzrecht; Erbschaft Schenkung; Yellowmap,1
BGBAT; Wettbewerbsrecht Kartellrecht; Reisevertrag,1
SchuldrechtAT; Kauf Tausch Leasing; Wohnungseigentum,1
SchuldrechtAT; EDV-Recht; Ausländisches Recht,1
Arbeitsrecht; Einkommensteuer/Lohnsteuer/Kirchensteuer; Lohnsteuer,1
Schadensersatz; Schadensersatz; Handelsrecht Gesellschaftsrecht,1
Miete Pacht; Kauf Tausch Leasing; Berufsrecht Rechtsanwälte; Insolvenzrecht; Zivilverfahrensrecht; Handelsrecht Gesellschaftsrecht,1
Bankrecht Kreditrecht; ELWI-REWE,1
Familienrecht; Handelsrecht Gesellschaftsrecht; Rechnungslegung; ELWI-FAMR; ELWI-FAMR,1
Zivilverfahrensrecht; Kauf Tausch Leasing; SchuldrechtAT,1
BGBAT; Wohnungseigentum; Schadensersatz,1
Insolvenzrecht; Wirtschaftsprüfung; Rechnungslegung; Handelsrecht Gesellschaftsrecht; Handelsrecht Gesellschaftsrecht,1
Zivilverfahrensrecht; Schadensersatz; Berufsrecht Rechtsanwälte; Kauf Tausch Leasing,1
SchuldrechtAT; Arbeitsrecht; Schuldverhältnisse; Handelsrecht Gesellschaftsrecht,1
Insolvenzrecht; Handelsrecht Gesellschaftsrecht; EU-Recht,1
Wohnungseigentum; SchuldrechtAT; Kauf Tausch Leasing; Zivilverfahrensrecht,1
Erbschaft Schenkung; Erbschaftsteuer; BGBAT; Zivilverfahrensrecht; SchuldrechtAT; Sachenrecht,1
Miete Pacht; Schadensersatz; Zivilverfahrensrecht; Miete Pacht,1
Familienrecht; Bankrecht Kreditrecht,1
Schadensersatz; Versicherungsrecht; Sachenrecht,1
Miete Pacht; BGBAT; Schadensersatz; SchuldrechtAT,1
Insolvenzrecht; SchuldrechtAT; Miete Pacht,1
Miete Pacht; Miete Pacht; Schadensersatz; Bankrecht Kreditrecht; SchuldrechtAT; Landwirtschaftsrecht; Neue Bundesländer,1
Sozialrecht; Sozialversicherungsrecht; SchuldrechtAT,1
Berufsrecht Steuerberater; Zivilverfahrensrecht; BGBAT,1
Berufsrecht Rechtsanwälte; Öffentliches Recht; Strafrecht,1
Schadensersatz; Zivilverfahrensrecht; Bankrecht Kreditrecht; Berufsrecht Rechtsanwälte,1
Berufsrecht Steuerberater; Wirtschaftsprüfung; BGBAT; Zivilverfahrensrecht; BGBAT; Zivilverfahrensrecht,1
Insolvenzrecht; Zivilverfahrensrecht; Schadensersatz; SchuldrechtAT,1
BGBAT; SchuldrechtAT; Neue Bundesländer; Zivilverfahrensrecht,1
Zivilverfahrensrecht; Sachenrecht; Erbschaft Schenkung,1
BGBAT; Miete Pacht; Umsatzsteuer,1
SchuldrechtAT; Werkvertrag; BGBAT,1
EU-Recht; Kauf Tausch Leasing; SchuldrechtAT,1
Handelsrecht Gesellschaftsrecht; Öffentliches Recht; Schuldverhältnisse,1
Handelsrecht Gesellschaftsrecht; Erbschaft Schenkung; Insolvenzrecht,1
Wohnungseigentum; BGBAT; SchuldrechtAT,1
Lohnsteuer; Einkommensteuer/Lohnsteuer/Kirchensteuer; ELWI-STAP; Steuerstrafrecht; ELWI-STAP,1
Steuerstrafrecht; Schadensersatz; Bankrecht Kreditrecht,1
Insolvenzrecht; Schadensersatz; SchuldrechtAT; Insolvenzrecht; Schadensersatz; SchuldrechtAT,1
Wettbewerbsrecht Kartellrecht; Bankrecht Kreditrecht; Versicherungsrecht; EDV-Recht,1
Rechnungslegung; Handelsrecht Gesellschaftsrecht; Neue Bundesländer; Handelsrecht Gesellschaftsrecht; Neue Bundesländer,1
Werkvertrag; SchuldrechtAT; Bankrecht Kreditrecht,1
Werkvertrag; BGBAT; Schadensersatz; Info,1
Schuldverhältnisse; BGBAT; Erbschaft Schenkung; Schadensersatz; SchuldrechtAT,1
SchuldrechtAT; Bankrecht Kreditrecht; Sachenrecht; Zivilverfahrensrecht,1
Zivilverfahrensrecht; Erbschaft Schenkung; Familienrecht,1
Urheberrecht Markenrecht Patentrecht; Info,1
EDV-Recht; SchuldrechtAT; Kauf Tausch Leasing; Wettbewerbsrecht Kartellrecht,1
Miete Pacht; Rechnungslegung; Handelsrecht Gesellschaftsrecht; Insolvenzrecht,1
EU-Recht; EDV-Recht; Handelsrecht Gesellschaftsrecht,1
Handelsrecht Gesellschaftsrecht; Schuldverhältnisse; BGBAT,1
BGBAT; Familienrecht; Miete Pacht,1
SchuldrechtAT; Bankrecht Kreditrecht; Sonstiges Steuerrecht; Sonstiges Steuerrecht,1
Werkvertrag; EU-Recht,1
Umsatzsteuer; Umsatzsteuer; Schadensersatz; SchuldrechtAT,1
Berufsrecht Rechtsanwälte; Insolvenzrecht; Sozialrecht; Sozialversicherungsrecht,1
BGBAT; Handelsrecht Gesellschaftsrecht; SchuldrechtAT; BGBAT; Handelsrecht Gesellschaftsrecht; SchuldrechtAT,1
Handelsrecht Gesellschaftsrecht; Wirtschaftsprüfung; Schadensersatz,1
Umsatzsteuer; Kauf Tausch Leasing; Zivilverfahrensrecht,1
Schadensersatz; EDV-Recht; SchuldrechtAT; Werkvertrag,1
Schadensersatz; EU-Recht; Öffentliches Recht,1
Erbschaft Schenkung; BGBAT; SchuldrechtAT; Familienrecht; ELWI-FAMR,1
Handelsrecht Gesellschaftsrecht; Bankrecht Kreditrecht; SchuldrechtAT; Sachenrecht; Zivilverfahrensrecht; Handelsrecht Gesellschaftsrecht; Bankrecht Kreditrecht; SchuldrechtAT; Sachenrecht; Zivilverfahrensrecht; ELWI-FAMR,1
Öffentliches Recht; Arbeitsrecht; Sozialrecht,1
Zivilverfahrensrecht; Wettbewerbsrecht Kartellrecht; Berufsrecht Rechtsanwälte,1
Berufsrecht Rechtsanwälte; Kauf Tausch Leasing; Strafrecht; Handelsrecht Gesellschaftsrecht,1
Schuldverhältnisse; BGBAT; Erbschaftsteuer; Erbschaft Schenkung,1
EDV-Recht; BGBAT; SchuldrechtAT; Schadensersatz,1
Arbeitsrecht; Arbeitsrecht; Arbeitsrecht,1
BGBAT; Handelsrecht Gesellschaftsrecht; Handelsrecht Gesellschaftsrecht,1
Bewertung; Familienrecht,1
"Zivilverfahrensrecht; Miete
Pacht; Sachenrecht",1
Verfahrensrecht/Abgabenordnung; Umsatzsteuer; Berufsrecht Rechtsanwälte,1
Berufsrecht Rechtsanwälte; Insolvenzrecht; Versicherungsrecht; Handelsrecht Gesellschaftsrecht,1
Miete Pacht; Zivilverfahrensrecht; SchuldrechtAT; Handelsrecht Gesellschaftsrecht,1
Handelsrecht Gesellschaftsrecht; Schadensersatz; Strafrecht,1
Einkommensteuer/Lohnsteuer/Kirchensteuer; Zivilverfahrensrecht,1
Einkommensteuer/Lohnsteuer/Kirchensteuer; Schadensersatz; SchuldrechtAT; Schadensersatz; SchuldrechtAT,1
Miete Pacht; Miete Pacht; Zivilverfahrensrecht; Landwirtschaftsrecht,1
Bankrecht Kreditrecht; Schadensersatz; SchuldrechtAT; Berufsrecht Steuerberater,1
Sachenrecht; Zivilverfahrensrecht; Familienrecht; ELWI-FAMR,1
Sozialversicherungsrecht; Arbeitsrecht; Schuldverhältnisse; BGBAT; SchuldrechtAT; Sozialrecht,1
Zivilverfahrensrecht; Schadensersatz; Info,1
BGBAT; Schadensersatz; Urheberrecht Markenrecht Patentrecht,1
Doppelbesteuerungsabkommen; Kauf Tausch Leasing; Berufsrecht Rechtsanwälte; BGBAT,1
Schadensersatz; Bankrecht Kreditrecht; Werkvertrag; SchuldrechtAT,1
Miete Pacht; Miete Pacht; BGBAT,1
Lohnsteuer; Öffentliches Recht,1
Handelsrecht Gesellschaftsrecht; Insolvenzrecht; Neue Bundesländer; Landwirtschaftsrecht,1
Einkommensteuer/Lohnsteuer/Kirchensteuer; Erbschaftsteuer; Grunderwerbsteuer; Familienrecht,1
Schadensersatz; Arbeitsrecht; Bankrecht Kreditrecht; Zivilverfahrensrecht,1
Schadensersatz; Schuldverhältnisse; Versicherungsrecht,1
Handelsrecht Gesellschaftsrecht; Kauf Tausch Leasing,1
Insolvenzrecht; Rechnungslegung; Strafrecht,1
Öffentliches Recht; Sonstiges Recht; Schadensersatz; SchuldrechtAT,1
Schadensersatz; Sachenrecht; Schuldverhältnisse,1
Schadensersatz; Schuldverhältnisse; SchuldrechtAT,1
Bankrecht Kreditrecht; Schadensersatz; SchuldrechtAT; Wirtschaftsprüfung,1
Miete Pacht; Miete Pacht; Landwirtschaftsrecht,1
BGBAT; Zivilverfahrensrecht; ELWI-FAMR,1
BGBAT; Strafrecht; Öffentliches Recht,1
Schadensersatz; SchuldrechtAT; Werkvertrag; BGBAT; Schadensersatz; SchuldrechtAT; Werkvertrag; BGBAT,1
Handelsrecht Gesellschaftsrecht; Berufsrecht Rechtsanwälte; Strafrecht,1
EU-Recht; Zivilverfahrensrecht; Schadensersatz,1
Familienrecht; Zivilverfahrensrecht; Insolvenzrecht; Schadensersatz,1
Schadensersatz; BGBAT; Kauf Tausch Leasing; Bankrecht Kreditrecht; Schuldverhältnisse,1
Erbschaft Schenkung; Erbschaftsteuer; SchuldrechtAT; Sachenrecht,1
SchuldrechtAT; BGBAT; EDV-Recht,1
Wirtschaftsprüfung; Handelsrecht Gesellschaftsrecht; Rechnungslegung,1
Berufsrecht Steuerberater; Berufsrecht Rechtsanwälte; Steuerstrafrecht; Verfahrensrecht/Abgabenordnung,1
Kauf Tausch Leasing; Handelsrecht Gesellschaftsrecht; Bankrecht Kreditrecht,1
Miete Pacht; BGBAT; Schadensersatz; SchuldrechtAT; Verfahrensrecht/Abgabenordnung,1
Wettbewerbsrecht Kartellrecht; EU-Recht; Umsatzsteuer; Werkvertrag; EDV-Recht; BGBAT; Öffentliches Recht,1
Zivilverfahrensrecht; Schadensersatz; BGBAT; Bankrecht Kreditrecht,1
Erbschaft Schenkung; Zivilverfahrensrecht; Berufsrecht Rechtsanwälte,1
Handelsrecht Gesellschaftsrecht; Insolvenzrecht; Sozialversicherungsrecht; Schadensersatz,1
Zivilverfahrensrecht; EDV-Recht; SchuldrechtAT; Bankrecht Kreditrecht,1
Verfahrensrecht/Abgabenordnung; Zivilverfahrensrecht; EDV-Recht; Arbeitsrecht; Öffentliches Recht; Sozialrecht; Berufsrecht Rechtsanwälte; Berufsrecht Steuerberater,1
SchuldrechtAT; Schadensersatz; Öffentliches Recht,1
Zivilverfahrensrecht; BGBAT; Handelsrecht Gesellschaftsrecht; Bankrecht Kreditrecht,1
Erbschaft Schenkung; Erbschaftsteuer; Schuldverhältnisse; Zivilverfahrensrecht,1
Urheberrecht Markenrecht Patentrecht; Berufsrecht Steuerberater,1
Sozialrecht; Sozialversicherungsrecht; Arbeitsrecht; Insolvenzrecht,1
Schadensersatz; Schuldverhältnisse; Schuldverhältnisse,1
Sachenrecht; Strafrecht; Steuerstrafrecht,1
Umsatzsteuer; EDV-Recht; Berufsrecht Rechtsanwälte; Berufsrecht Steuerberater,1
Schadensersatz; Wohnungseigentum; Zivilverfahrensrecht,1
Steuerliche Betriebsprüfung; Schadensersatz; Berufsrecht Steuerberater; BGBAT; BGBAT,1
Insolvenzrecht; ELWI-FAMR,1
LEXPUB; Berufsrecht Steuerberater; EDV-Recht,1
Berufsrecht Rechtsanwälte; Versicherungsrecht; Schadensersatz; Zivilverfahrensrecht; Versicherungsrecht; Schadensersatz; Zivilverfahrensrecht,1
Steuerstrafrecht; ELWI-STAP; ELWI-STAP,1
Sachenrecht; SchuldrechtAT; Bankrecht Kreditrecht; Wettbewerbsrecht Kartellrecht,1
SchuldrechtAT; EU-Recht; Bankrecht Kreditrecht,1
Lohnsteuer; Verfahrensrecht/Abgabenordnung; Steuerstrafrecht; Einkommensteuer/Lohnsteuer/Kirchensteuer,1
Berufsrecht Rechtsanwälte; BGBAT; Bankrecht Kreditrecht; SchuldrechtAT; Schuldverhältnisse; Insolvenzrecht; BGBAT; Bankrecht Kreditrecht; SchuldrechtAT; Schuldverhältnisse; Insolvenzrecht,1
Urheberrecht Markenrecht Patentrecht; Schuldverhältnisse; EDV-Recht,1
Insolvenzrecht; BGBAT; Sachenrecht; Erbschaftsteuer; Insolvenzrecht; BGBAT; Sachenrecht; Erbschaftsteuer,1
BGBAT; Bankrecht Kreditrecht; SchuldrechtAT; Zivilverfahrensrecht,1
Berufsrecht Rechtsanwälte; Kauf Tausch Leasing; Sachenrecht; Schadensersatz,1
Arbeitsrecht; Rechnungslegung,1
Schadensersatz; Strafrecht,1
Berufsrecht Rechtsanwälte; Berufsrecht Steuerberater; Wirtschaftsprüfung; Handelsrecht Gesellschaftsrecht; Handelsrecht Gesellschaftsrecht,1
Handelsrecht Gesellschaftsrecht; BGBAT; Zivilverfahrensrecht; ELWI-REWE; ELWI-FAMR,1
Berufsrecht Steuerberater; Wirtschaftsprüfung; Rechnungslegung; Handelsrecht Gesellschaftsrecht; SchuldrechtAT; Bankrecht Kreditrecht,1
Öffentliches Recht; Sonstiges Recht; Zivilverfahrensrecht,1
Schadensersatz; Sachenrecht; Handelsrecht Gesellschaftsrecht,1
Zivilverfahrensrecht; Handelsrecht Gesellschaftsrecht; Zivilverfahrensrecht; Handelsrecht Gesellschaftsrecht; Schadensersatz,1
Kauf Tausch Leasing; Schadensersatz; Versicherungsrecht,1
EDV-Recht; SchuldrechtAT; Urheberrecht Markenrecht Patentrecht,1
Einkommensteuer/Lohnsteuer/Kirchensteuer; Lohnsteuer; Schadensersatz; SchuldrechtAT; Zivilverfahrensrecht; Schadensersatz; SchuldrechtAT; Zivilverfahrensrecht,1
Familienrecht; Berufsrecht Rechtsanwälte; SchuldrechtAT,1
Miete Pacht; Wettbewerbsrecht Kartellrecht; Kauf Tausch Leasing,1
Berufsrecht Rechtsanwälte; Zivilverfahrensrecht; Insolvenzrecht; Bankrecht Kreditrecht; BGBAT; Zivilverfahrensrecht; Insolvenzrecht; Bankrecht Kreditrecht; BGBAT,1
Miete Pacht; Miete Pacht; Kauf Tausch Leasing; Zivilverfahrensrecht,1
Schuldverhältnisse; SchuldrechtAT; Bankrecht Kreditrecht; Schuldverhältnisse; SchuldrechtAT; Bankrecht Kreditrecht,1
Reisevertrag; Versicherungsrecht,1
EU-Recht; Zollrecht; Steuerstrafrecht; Steuerstrafrecht,1
EU-Recht; Verbrauchsteuern,1
Insolvenzrecht; Schadensersatz; SchuldrechtAT; Bankrecht Kreditrecht; Sachenrecht,1
SchuldrechtAT; Zivilverfahrensrecht; Urheberrecht Markenrecht Patentrecht,1
EU-Recht; Versicherungsrecht,1
SchuldrechtAT; Werkvertrag; Schadensersatz,1
BGBAT; Zivilverfahrensrecht; BGBAT; Zivilverfahrensrecht; ELWI-Lohn,1
Bankrecht Kreditrecht; SchuldrechtAT; BGBAT; Schadensersatz,1
Erbschaft Schenkung; Erbschaftsteuer; SchuldrechtAT; Bankrecht Kreditrecht,1
Wohnungseigentum; Miete Pacht; Öffentliches Recht; Familienrecht,1
Miete Pacht; Werkvertrag,1
SchuldrechtAT; Neue Bundesländer; Sachenrecht,1
Lohnsteuer; Lohnsteuer; Sachenrecht; Zivilverfahrensrecht; Einkommensteuer/Lohnsteuer/Kirchensteuer,1
SchuldrechtAT; Schadensersatz; Neue Bundesländer,1
Miete Pacht; Zivilverfahrensrecht; Sachenrecht,1
Handelsrecht Gesellschaftsrecht; Schadensersatz; Insolvenzrecht; Insolvenzrecht,1
Bankrecht Kreditrecht; Familienrecht,1
Schadensersatz; Berufsrecht Rechtsanwälte; Insolvenzrecht; BGBAT,1
SchuldrechtAT; BGBAT; EDV-Recht; Öffentliches Recht,1
Sachenrecht; Berufsrecht Rechtsanwälte,1
Öffentliches Recht; Rechnungslegung; Wirtschaftsprüfung; Gewerbesteuer,1
Berufsrecht Steuerberater; Einkommensteuer/Lohnsteuer/Kirchensteuer; Zivilverfahrensrecht,1
EU-Recht; EU-Recht; Zivilverfahrensrecht,1
BGBAT; SchuldrechtAT; Handelsrecht Gesellschaftsrecht; Erbschaftsteuer; BGBAT; SchuldrechtAT; Handelsrecht Gesellschaftsrecht; Erbschaftsteuer,1
Bankrecht Kreditrecht; BGBAT; SchuldrechtAT; Schadensersatz; Zivilverfahrensrecht,1
Schadensersatz; EDV-Recht; Öffentliches Recht,1
Landwirtschaftsrecht; Miete Pacht; Familienrecht; ELWI-FAMR,1
Rechnungslegung; Schuldverhältnisse,1
Berufsrecht Rechtsanwälte; Einkommensteuer/Lohnsteuer/Kirchensteuer; Rechnungslegung; Umsatzsteuer,1
Insolvenzrecht; Miete Pacht; Kauf Tausch Leasing; Zivilverfahrensrecht,1
Versicherungsrecht; Zivilverfahrensrecht; SchuldrechtAT; Berufsrecht Rechtsanwälte,1
Strafrecht; Wettbewerbsrecht Kartellrecht; EDV-Recht,1
Erbschaft Schenkung; Bankrecht Kreditrecht; Erbschaftsteuer,1
Berufsrecht Rechtsanwälte; Berufsrecht Steuerberater; BGBAT; Schadensersatz; SchuldrechtAT; BGBAT; Schadensersatz; SchuldrechtAT,1
SchuldrechtAT; Zivilverfahrensrecht; Ausländisches Recht,1
BGBAT; Insolvenzrecht; BGBAT; Insolvenzrecht,1
Schadensersatz; Arbeitsrecht; Bankrecht Kreditrecht; BGBAT; Zivilverfahrensrecht,1
Kauf Tausch Leasing; Berufsrecht Rechtsanwälte; Neue Bundesländer; BGBAT; SchuldrechtAT; Sachenrecht; Zivilverfahrensrecht,1
Versicherungsrecht; Wettbewerbsrecht Kartellrecht,1
SchuldrechtAT; Bankrecht Kreditrecht; Schuldverhältnisse; Schadensersatz,1
Arbeitsrecht; Zivilverfahrensrecht; Insolvenzrecht,1
Strafrecht; Öffentliches Recht; Ausländisches Recht,1
Bankrecht Kreditrecht; Rechnungslegung; Handelsrecht Gesellschaftsrecht,1
Sachenrecht; Versicherungsrecht; Bankrecht Kreditrecht,1
Lohnsteuer; Verfahrensrecht/Abgabenordnung,1
Insolvenzrecht; Handelsrecht Gesellschaftsrecht; BGBAT; Insolvenzrecht; Handelsrecht Gesellschaftsrecht; BGBAT,1
Miete Pacht; Landwirtschaftsrecht; Schadensersatz,1
SchuldrechtAT; Schadensersatz; Urheberrecht Markenrecht Patentrecht,1
Zivilverfahrensrecht; Einkommensteuer/Lohnsteuer/Kirchensteuer; Lohnsteuer,1
Berufsrecht Rechtsanwälte; Zivilverfahrensrecht; SchuldrechtAT; Schuldverhältnisse,1
EU-Recht; EDV-Recht; Öffentliches Recht,1
SchuldrechtAT; Schuldverhältnisse; BGBAT; Bankrecht Kreditrecht; ELWI-FAMR,1
Sozialversicherungsrecht; Berufsrecht Steuerberater; Berufsrecht Rechtsanwälte; Sozialrecht,1
SchuldrechtAT; Kauf Tausch Leasing; Umsatzsteuer; Einkommensteuer/Lohnsteuer/Kirchensteuer,1
Wettbewerbsrecht Kartellrecht; EU-Recht; Schadensersatz,1
Umsatzsteuer; Steuerstrafrecht; Verfahrensrecht/Abgabenordnung; Strafrecht,1
Familienrecht; Zivilverfahrensrecht; Sachenrecht,1
EU-Recht; BGBAT; Schadensersatz,1
EDV-Recht; Schadensersatz; BGBAT; SchuldrechtAT; Schuldverhältnisse,1
Arbeitsrecht; Handelsrecht Gesellschaftsrecht; Versicherungsrecht; Schuldverhältnisse,1
Berufsrecht Rechtsanwälte; Kauf Tausch Leasing; BGBAT; Schuldverhältnisse,1
Kauf Tausch Leasing; Bankrecht Kreditrecht; Insolvenzrecht; Neue Bundesländer,1
Umsatzsteuer; SchuldrechtAT; Werkvertrag,1
Berufsrecht Rechtsanwälte; Berufsrecht Rechtsanwälte; Strafrecht,1
SchuldrechtAT; Bankrecht Kreditrecht; Sachenrecht; Verfahrensrecht/Abgabenordnung,1
EU-Recht; EDV-Recht; Öffentliches Recht; Handelsrecht Gesellschaftsrecht,1
Wettbewerbsrecht Kartellrecht; BGBAT; EDV-Recht,1
EU-Recht; Urheberrecht Markenrecht Patentrecht; Wettbewerbsrecht Kartellrecht,1
BGBAT; Landwirtschaftsrecht; Zivilverfahrensrecht,1
Schadensersatz; Handelsrecht Gesellschaftsrecht; SchuldrechtAT; Bankrecht Kreditrecht; Handelsrecht Gesellschaftsrecht; SchuldrechtAT; Bankrecht Kreditrecht,1
"SchuldrechtAT; Sachenrecht; Bankrecht
Kreditrecht",1
Sozialversicherungsrecht; Berufsrecht Steuerberater,1
Miete Pacht; Miete Pacht; Sachenrecht,1
Wettbewerbsrecht Kartellrecht; Kauf Tausch Leasing; Zivilverfahrensrecht,1
Wirtschaftsprüfung; Zivilverfahrensrecht; Handelsrecht Gesellschaftsrecht,1
Sozialrecht; Verfahrensrecht/Abgabenordnung,1
Kauf Tausch Leasing; Neue Bundesländer; Erbschaft Schenkung; Erbschaftsteuer,1
BGBAT; SchuldrechtAT; Schadensersatz; EDV-Recht; Öffentliches Recht,1
Wettbewerbsrecht Kartellrecht; Öffentliches Recht; Strafrecht,1
Insolvenzrecht; Sozialrecht; Sozialversicherungsrecht,1
Handelsrecht Gesellschaftsrecht; Schadensersatz; Wirtschaftsprüfung,1
Körperschaftsteuer; Steuerstrafrecht; Steuerstrafrecht,1
Wettbewerbsrecht Kartellrecht; SchuldrechtAT; Zivilverfahrensrecht; BGBAT; Reisevertrag,1
Sachenrecht; Bankrecht Kreditrecht; Insolvenzrecht,1
Berufsrecht Rechtsanwälte; Schuldverhältnisse; Berufsrecht Rechtsanwälte,1
SchuldrechtAT; Bankrecht Kreditrecht; Schuldverhältnisse; Sachenrecht,1
Insolvenzrecht; Schadensersatz; Zivilverfahrensrecht; Berufsrecht Rechtsanwälte,1
Sozialversicherungsrecht; Berufsrecht Rechtsanwälte; Insolvenzrecht; Schadensersatz; Zivilverfahrensrecht,1
Strafrecht; Verfahrensrecht/Abgabenordnung; Steuerliche Betriebsprüfung; Steuerstrafrecht,1
Schadensersatz; Berufsrecht Rechtsanwälte; EDV-Recht; SchuldrechtAT; Urheberrecht Markenrecht Patentrecht,1
SchuldrechtAT; Insolvenzrecht; Berufsrecht Rechtsanwälte,1
BGBAT; Schadensersatz; EDV-Recht,1
Kauf Tausch Leasing; Handelsrecht Gesellschaftsrecht; SchuldrechtAT,1
Öffentliches Recht; SchuldrechtAT; Insolvenzrecht; Berufsrecht Rechtsanwälte,1
Steuerstrafrecht; Verfahrensrecht/Abgabenordnung; ELWI-STAP,1
Bankrecht Kreditrecht; SchuldrechtAT; Kauf Tausch Leasing; BGBAT,1
Landwirtschaftsrecht; Sachenrecht; BGBAT; Kauf Tausch Leasing,1
Zivilverfahrensrecht; EU-Recht; Versicherungsrecht,1
Wettbewerbsrecht Kartellrecht; Info,1
Insolvenzrecht; Bankrecht Kreditrecht; Schuldverhältnisse; Bankrecht Kreditrecht; Schuldverhältnisse,1
Werkvertrag; BGBAT; SchuldrechtAT; Insolvenzrecht,1
Schadensersatz; Zivilverfahrensrecht; SchuldrechtAT; Schadensersatz,1
Handelsrecht Gesellschaftsrecht; Schadensersatz; Schadensersatz,1
Berufsrecht Steuerberater; Berufsrecht Rechtsanwälte; Schadensersatz; Wettbewerbsrecht Kartellrecht; Handelsrecht Gesellschaftsrecht; Wettbewerbsrecht Kartellrecht; Handelsrecht Gesellschaftsrecht,1
Landwirtschaftsrecht; Öffentliches Recht; Neue Bundesländer,1
Kauf Tausch Leasing; BGBAT; Neue Bundesländer; Zivilverfahrensrecht,1
EU-Recht; Urheberrecht Markenrecht Patentrecht; Neue Bundesländer; Öffentliches Recht,1
Öffentliches Recht; Verfahrensrecht/Abgabenordnung; EU-Recht,1
Schadensersatz; Erbschaft Schenkung; SchuldrechtAT; Familienrecht,1
BGBAT; Neue Bundesländer; Bankrecht Kreditrecht,1
Schadensersatz; SchuldrechtAT; Schuldverhältnisse; Familienrecht,1
Rechnungslegung; Strafrecht; Handelsrecht Gesellschaftsrecht; Steuerstrafrecht,1
Berufsrecht Rechtsanwälte; Kauf Tausch Leasing; SchuldrechtAT; Schadensersatz,1
Schadensersatz; Handelsrecht Gesellschaftsrecht; BGBAT; Bankrecht Kreditrecht; SchuldrechtAT; Handelsrecht Gesellschaftsrecht; BGBAT; Bankrecht Kreditrecht; SchuldrechtAT,1
Bankrecht Kreditrecht; Schadensersatz; Schadensersatz; Zivilverfahrensrecht,1
Sozialversicherungsrecht; Sozialrecht; Wettbewerbsrecht Kartellrecht,1
Berufsrecht Rechtsanwälte; Sachenrecht; Schadensersatz,1
Handelsrecht Gesellschaftsrecht; Schadensersatz; SchuldrechtAT; Arbeitsrecht,1
Sozialversicherungsrecht; Strafrecht,1
Einkommensteuer/Lohnsteuer/Kirchensteuer; Familienrecht; Zivilverfahrensrecht,1
Miete Pacht; Handelsrecht Gesellschaftsrecht; Sachenrecht,1
Neue Bundesländer; Familienrecht; ELWI-FAMR,1
Bankrecht Kreditrecht; Handelsrecht Gesellschaftsrecht; Berufsrecht Rechtsanwälte,1
Verfahrensrecht/Abgabenordnung; Sachenrecht,1
Zivilverfahrensrecht; Berufsrecht Rechtsanwälte; Wirtschaftsprüfung,1
Schadensersatz; SchuldrechtAT; Berufsrecht Rechtsanwälte; Berufsrecht Steuerberater; Steuerstrafrecht; Berufsrecht Rechtsanwälte,1
Handelsrecht Gesellschaftsrecht; Sachenrecht; Handelsrecht Gesellschaftsrecht; Sachenrecht,1
Versicherungsrecht; Reisevertrag; SchuldrechtAT; Miete Pacht,1
Berufsrecht Rechtsanwälte; Insolvenzrecht; Miete Pacht; Handelsrecht Gesellschaftsrecht,1
Arbeitsrecht; SchuldrechtAT; Schuldverhältnisse; Öffentliches Recht; Sozialrecht,1
Insolvenzrecht; Schadensersatz; Handelsrecht Gesellschaftsrecht; Insolvenzrecht; Schadensersatz; Handelsrecht Gesellschaftsrecht,1
Wohnungseigentum; Sachenrecht; Handelsrecht Gesellschaftsrecht,1
Kauf Tausch Leasing; SchuldrechtAT; BGBAT; Schadensersatz,1
Sachenrecht; Neue Bundesländer; Zivilverfahrensrecht,1
Handelsrecht Gesellschaftsrecht; Zivilverfahrensrecht; Insolvenzrecht; Handelsrecht Gesellschaftsrecht; Zivilverfahrensrecht; Insolvenzrecht,1
Zivilverfahrensrecht; Sonstiges Recht; Öffentliches Recht; Wettbewerbsrecht Kartellrecht,1
Urheberrecht Markenrecht Patentrecht; Wettbewerbsrecht Kartellrecht; Schadensersatz; Zivilverfahrensrecht,1
Handelsrecht Gesellschaftsrecht; BGBAT; Neue Bundesländer; Handelsrecht Gesellschaftsrecht; BGBAT; Neue Bundesländer,1
Zivilverfahrensrecht; Berufsrecht Rechtsanwälte; Öffentliches Recht,1
Handelsrecht Gesellschaftsrecht; Berufsrecht Rechtsanwälte; Öffentliches Recht; Wettbewerbsrecht Kartellrecht,1
Berufsrecht Rechtsanwälte; Zivilverfahrensrecht; BGBAT; Sachenrecht,1
Schadensersatz; Schadensersatz; SchuldrechtAT; Kauf Tausch Leasing,1
Sachenrecht; ELWI-FAMR,1
BGBAT; Insolvenzrecht; Berufsrecht Rechtsanwälte,1
Kauf Tausch Leasing; Zivilverfahrensrecht; Bankrecht Kreditrecht; Sachenrecht,1
Berufsrecht Rechtsanwälte; Wettbewerbsrecht Kartellrecht; Zivilverfahrensrecht; Schadensersatz; Wettbewerbsrecht Kartellrecht; Zivilverfahrensrecht; Schadensersatz,1
Urheberrecht Markenrecht Patentrecht; Schadensersatz; Wettbewerbsrecht Kartellrecht,1
Körperschaftsteuer; Einkommensteuer/Lohnsteuer/Kirchensteuer; Umsatzsteuer; Grunderwerbsteuer,1
Schadensersatz; Berufsrecht Rechtsanwälte; Urheberrecht Markenrecht Patentrecht; EDV-Recht,1
Schadensersatz; Familienrecht; Erbschaft Schenkung,1
Sozialversicherungsrecht; BGBAT; Schuldverhältnisse; Insolvenzrecht,1
SchuldrechtAT; Bankrecht Kreditrecht; Schuldverhältnisse; Schadensersatz; Zivilverfahrensrecht,1
Sachenrecht; Schadensersatz; Wettbewerbsrecht Kartellrecht,1
SchuldrechtAT; BGBAT; EDV-Recht; Kauf Tausch Leasing,1
Berufsrecht Rechtsanwälte; Verfahrensrecht/Abgabenordnung; Umsatzsteuer,1
Berufsrecht Steuerberater; Berufsrecht Rechtsanwälte; Familienrecht,1
Insolvenzrecht; Strafrecht; Handelsrecht Gesellschaftsrecht,1
Bankrecht Kreditrecht; ELWI-FAMR,1
Zivilverfahrensrecht; Familienrecht; BGBAT; Wettbewerbsrecht Kartellrecht; Berufsrecht Rechtsanwälte,1
Handelsrecht Gesellschaftsrecht; EDV-Recht; SchuldrechtAT,1
Erbschaft Schenkung; Versicherungsrecht,1
Familienrecht; Wohnungseigentum,1
Erbschaft Schenkung; EDV-Recht; Öffentliches Recht; Strafrecht; Sozialrecht; Sozialversicherungsrecht,1
Wohnungseigentum; BGBAT; Sachenrecht; Zivilverfahrensrecht,1
Sachenrecht; Bankrecht Kreditrecht; Insolvenzrecht; SchuldrechtAT,1
SchuldrechtAT; Schadensersatz; Bankrecht Kreditrecht; Miete Pacht,1
Werkvertrag; SchuldrechtAT; Werkvertrag,1
Schadensersatz; Handelsrecht Gesellschaftsrecht; Berufsrecht Rechtsanwälte; Insolvenzrecht,1
Familienrecht; Sozialrecht; Neue Bundesländer; Sozialversicherungsrecht,1
Reisevertrag; SchuldrechtAT; Insolvenzrecht,1
Bankrecht Kreditrecht; Strafrecht; EU-Recht,1
Zivilverfahrensrecht; Reisevertrag; Schadensersatz,1
Wettbewerbsrecht Kartellrecht; Schadensersatz; SchuldrechtAT; Wettbewerbsrecht Kartellrecht; Schadensersatz; SchuldrechtAT,1
Reisevertrag; EDV-Recht,1
Steuerstrafrecht; Arbeitsrecht; Einkommensteuer/Lohnsteuer/Kirchensteuer,1
Wettbewerbsrecht Kartellrecht; EDV-Recht; SchuldrechtAT; Kauf Tausch Leasing,1
Handelsrecht Gesellschaftsrecht; Zivilverfahrensrecht; Arbeitsrecht,1
Bankrecht Kreditrecht; Arbeitsrecht; Schuldverhältnisse,1
Sozialversicherungsrecht; Berufsrecht Rechtsanwälte; Sozialrecht,1
Urheberrecht Markenrecht Patentrecht; Handelsrecht Gesellschaftsrecht; Schadensersatz; Verfahrensrecht/Abgabenordnung; Zivilverfahrensrecht,1
Einkommensteuer/Lohnsteuer/Kirchensteuer; Verfahrensrecht/Abgabenordnung; SchuldrechtAT; Bankrecht Kreditrecht; Schadensersatz,1
Sachenrecht; Schuldverhältnisse; Zivilverfahrensrecht; Bankrecht Kreditrecht,1
Familienrecht; Schuldverhältnisse; Zivilverfahrensrecht; ELWI-FAMR,1
EU-Recht; Schadensersatz; Sachenrecht; Wettbewerbsrecht Kartellrecht; EDV-Recht,1
Bankrecht Kreditrecht; Öffentliches Recht; EU-Recht,1
SchuldrechtAT; Umsatzsteuer; Info,1
Berufsrecht Rechtsanwälte; Familienrecht; Zivilverfahrensrecht; Familienrecht; Zivilverfahrensrecht,1
Insolvenzrecht; Versicherungsrecht; Zivilverfahrensrecht; Öffentliches Recht; Berufsrecht Rechtsanwälte; EDV-Recht,1
Landwirtschaftsrecht; EU-Recht; Wettbewerbsrecht Kartellrecht,1
Familienrecht; Sachenrecht; Erbschaft Schenkung; Erbschaftsteuer,1
Urheberrecht Markenrecht Patentrecht; Zivilverfahrensrecht; EDV-Recht; SchuldrechtAT,1
Zivilverfahrensrecht; Arbeitsrecht; Schuldverhältnisse; Insolvenzrecht,1
Bankrecht Kreditrecht; Schuldverhältnisse; Bankrecht Kreditrecht,1
Einkommensteuer/Lohnsteuer/Kirchensteuer; Körperschaftsteuer; Handelsrecht Gesellschaftsrecht,1
SchuldrechtAT; Bankrecht Kreditrecht; Schuldverhältnisse; Zivilverfahrensrecht,1
Erbschaft Schenkung; Schadensersatz; ELWI-FAMR,1
BGBAT; Schadensersatz; SchuldrechtAT; Schuldverhältnisse; Zivilverfahrensrecht,1
Bankrecht Kreditrecht; Schuldverhältnisse; BGBAT; Öffentliches Recht,1
Lohnsteuer; Schadensersatz; Einkommensteuer/Lohnsteuer/Kirchensteuer,1
Steuerstrafrecht; Berufsrecht Steuerberater; Strafrecht,1
Insolvenzrecht; Kauf Tausch Leasing; Berufsrecht Rechtsanwälte; Zivilverfahrensrecht,1
Werkvertrag; Berufsrecht Rechtsanwälte; Schuldverhältnisse,1
Wohnungseigentum; Zivilverfahrensrecht; BGBAT,1
Schadensersatz; Handelsrecht Gesellschaftsrecht; Insolvenzrecht; Rechnungslegung,1
Versicherungsrecht; SchuldrechtAT; Schadensersatz; BGBAT,1
Steuerstrafrecht; Verfahrensrecht/Abgabenordnung; Einkommensteuer/Lohnsteuer/Kirchensteuer,1
Wettbewerbsrecht Kartellrecht; EDV-Recht; Zivilverfahrensrecht,1
Sachenrecht; Schadensersatz; EDV-Recht,1
Schadensersatz; Berufsrecht Rechtsanwälte; Bankrecht Kreditrecht; SchuldrechtAT; Kauf Tausch Leasing; EU-Recht,1
Verfahrensrecht/Abgabenordnung; Rechnungslegung; Einkommensteuer/Lohnsteuer/Kirchensteuer; Körperschaftsteuer; Erbschaftsteuer; Umsatzsteuer,1
Insolvenzrecht; Neue Bundesländer; Kauf Tausch Leasing,1
Zivilverfahrensrecht; Ausländisches Recht; Ausländisches Steuerrecht,1
Berufsrecht Rechtsanwälte; Berufsrecht Steuerberater; Strafrecht; Handelsrecht Gesellschaftsrecht,1
Kauf Tausch Leasing; Bankrecht Kreditrecht; SchuldrechtAT; Wohnungseigentum,1
"Urheberrecht Markenrecht Patentrecht; EDV-Recht; Ausländisches
Recht",1
Verfahrensrecht/Abgabenordnung; Zivilverfahrensrecht; Öffentliches Recht,1
EU-Recht; Reisevertrag; SchuldrechtAT,1
Schadensersatz; Arbeitsrecht; BGBAT; SchuldrechtAT; Zivilverfahrensrecht,1
SchuldrechtAT; Kauf Tausch Leasing; Umsatzsteuer,1
Bankrecht Kreditrecht; SchuldrechtAT; Sachenrecht; Bankrecht Kreditrecht; SchuldrechtAT; Sachenrecht,1
SchuldrechtAT; Erbschaft Schenkung; Schuldverhältnisse; Schadensersatz; ELWI-FAMR,1
Schadensersatz; Bankrecht Kreditrecht; EDV-Recht; Ausländisches Recht,1
Reisevertrag; Schuldverhältnisse; BGBAT,1
Handelsrecht Gesellschaftsrecht; Werkvertrag; SchuldrechtAT; Kauf Tausch Leasing,1
Berufsrecht Steuerberater; Wirtschaftsprüfung; Umsatzsteuer; Schadensersatz,1
Zivilverfahrensrecht; Öffentliches Recht; EU-Allgemeine/übergreifende Themen; EU-Recht,1
Insolvenzrecht; Urheberrecht Markenrecht Patentrecht; SchuldrechtAT,1
Öffentliches Recht; Doppelbesteuerungsabkommen,1
Erbschaft Schenkung; Erbschaft Schenkung; Zivilverfahrensrecht,1
Berufsrecht Rechtsanwälte; Schadensersatz; Miete Pacht,1
Handelsrecht Gesellschaftsrecht; Familienrecht; Zivilverfahrensrecht,1
SchuldrechtAT; Schuldverhältnisse; Wirtschaftsprüfung,1
Reisevertrag; Sonstiges Recht,1
Außensteuerrecht; Einkommensteuer/Lohnsteuer/Kirchensteuer,1
Berufsrecht Steuerberater; Berufsrecht Rechtsanwälte; Insolvenzrecht; Einkommensteuer/Lohnsteuer/Kirchensteuer; Verfahrensrecht/Abgabenordnung,1
Bankrecht Kreditrecht; Kauf Tausch Leasing; BGBAT,1
Landwirtschaftsrecht; BGBAT,1
Berufsrecht Rechtsanwälte; SchuldrechtAT; Zivilverfahrensrecht; Wettbewerbsrecht Kartellrecht,1
Insolvenzrecht; BGBAT; SchuldrechtAT; Schadensersatz; Handelsrecht Gesellschaftsrecht; Berufsrecht Rechtsanwälte,1
Versicherungsrecht; Zivilverfahrensrecht; Schadensersatz,1
Steuerstrafrecht; Zivilverfahrensrecht; Strafrecht; Wettbewerbsrecht Kartellrecht; Umsatzsteuer,1
Berufsrecht Steuerberater; Berufsrecht Rechtsanwälte; BGBAT; Zivilverfahrensrecht; BGBAT; Zivilverfahrensrecht,1
Sozialrecht; Sozialversicherungsrecht; Versicherungsrecht; Schadensersatz,1
Wohnungseigentum; Schuldverhältnisse; Handelsrecht Gesellschaftsrecht,1
Landwirtschaftsrecht; Miete Pacht; Landwirtschaftsrecht; Miete Pacht,1
Bankrecht Kreditrecht; Schadensersatz; Handelsrecht Gesellschaftsrecht; SchuldrechtAT,1
Zivilverfahrensrecht; Familienrecht; Einkommensteuer/Lohnsteuer/Kirchensteuer,1
Miete Pacht; Wohnungseigentum; Sachenrecht,1
Berufsrecht Rechtsanwälte; ELWI-FAMR,1
Sachenrecht; Insolvenzrecht; Neue Bundesländer; Sachenrecht; Insolvenzrecht; Neue Bundesländer,1
Insolvenzrecht; Werkvertrag; Insolvenzrecht; Werkvertrag,1
EDV-Recht; BGBAT; Schadensersatz; Urheberrecht Markenrecht Patentrecht; Zivilverfahrensrecht,1
Steuerstrafrecht; Erbschaftsteuer; ELWI-STAP,1
Berufsrecht Steuerberater; SchuldrechtAT; Schadensersatz,1
SchuldrechtAT; Handelsrecht Gesellschaftsrecht; Arbeitsrecht,1
Arbeitsrecht; Schuldverhältnisse; Sozialrecht; Sozialversicherungsrecht; Einkommensteuer/Lohnsteuer/Kirchensteuer,1
BGBAT; SchuldrechtAT; Kauf Tausch Leasing; Miete Pacht,1
Familienrecht; Versicherungsrecht; Erbschaftsteuer; Familienrecht; Versicherungsrecht; Erbschaftsteuer; ELWI-FAMR,1
Öffentliches Recht; Schadensersatz; Sachenrecht; EDV-Recht; Urheberrecht Markenrecht Patentrecht,1
Berufsrecht Rechtsanwälte; Bankrecht Kreditrecht; Insolvenzrecht,1
Berufsrecht Rechtsanwälte; Schadensersatz; Werkvertrag; Werkvertrag,1
Schuldverhältnisse; Schadensersatz; Reisevertrag,1
EU-Recht; Zivilverfahrensrecht; Handelsrecht Gesellschaftsrecht,1
Handelsrecht Gesellschaftsrecht; SchuldrechtAT; Bankrecht Kreditrecht; Zivilverfahrensrecht; Handelsrecht Gesellschaftsrecht; SchuldrechtAT; Bankrecht Kreditrecht; Zivilverfahrensrecht,1
Erbschaft Schenkung; Erbschaftsteuer; SchuldrechtAT; Versicherungsrecht; Erbschaftsteuer,1
SchuldrechtAT; Zivilverfahrensrecht; Sozialrecht,1
Berufsrecht Rechtsanwälte; Berufsrecht Steuerberater; Handelsrecht Gesellschaftsrecht; Versicherungsrecht,1
Handelsrecht Gesellschaftsrecht; Bankrecht Kreditrecht; Einkommensteuer/Lohnsteuer/Kirchensteuer,1
Familienrecht; Sachenrecht; BGBAT,1
Berufsrecht Rechtsanwälte; BGBAT; SchuldrechtAT; Schuldverhältnisse; Zivilverfahrensrecht; BGBAT; SchuldrechtAT; Schuldverhältnisse; Zivilverfahrensrecht,1
Insolvenzrecht; Berufsrecht Rechtsanwälte; Bankrecht Kreditrecht; Handelsrecht Gesellschaftsrecht,1
Berufsrecht Rechtsanwälte; Berufsrecht Steuerberater; Steuerstrafrecht,1
Umsatzsteuer; Zivilverfahrensrecht; Öffentliches Recht,1
Lohnsteuer; Verfahrensrecht/Abgabenordnung; Einkommensteuer/Lohnsteuer/Kirchensteuer; Steuerliche Betriebsprüfung,1
Außensteuerrecht; Körperschaftsteuer; Einkommensteuer/Lohnsteuer/Kirchensteuer; Handelsrecht Gesellschaftsrecht; Schadensersatz; BGBAT,1
SchuldrechtAT; Sachenrecht; Wettbewerbsrecht Kartellrecht,1
SchuldrechtAT; Zivilverfahrensrecht; Reisevertrag,1
Schadensersatz; Handelsrecht Gesellschaftsrecht; Insolvenzrecht; Arbeitsrecht,1
Umsatzsteuer; Zivilverfahrensrecht; Schadensersatz; SchuldrechtAT,1
Strafrecht; Steuerstrafrecht; Steuerstrafrecht; ELWI-STAP,1
Sozialversicherungsrecht; SchuldrechtAT; Insolvenzrecht,1
Berufsrecht Rechtsanwälte; Berufsrecht Steuerberater; Schadensersatz; Schadensersatz,1
Gewerbesteuer; Verfahrensrecht/Abgabenordnung,1
Sozialversicherungsrecht; Insolvenzrecht; Schadensersatz; Verfahrensrecht/Abgabenordnung; Handelsrecht Gesellschaftsrecht; ELWI-Lohn,1
Zivilverfahrensrecht; Bankrecht Kreditrecht; Sachenrecht; Insolvenzrecht; Schadensersatz,1
Sozialrecht; Schuldverhältnisse; Schadensersatz; Öffentliches Recht,1
Schadensersatz; Insolvenzrecht; Bankrecht Kreditrecht; Berufsrecht Rechtsanwälte,1
Berufsrecht Rechtsanwälte; Berufsrecht Steuerberater; BGBAT; SchuldrechtAT; Schadensersatz; Zivilverfahrensrecht; BGBAT; SchuldrechtAT; Schadensersatz; Zivilverfahrensrecht,1
Erbschaft Schenkung; Erbschaftsteuer; Kauf Tausch Leasing; Erbschaftsteuer,1
Zivilverfahrensrecht; SchuldrechtAT; Handelsrecht Gesellschaftsrecht; Zivilverfahrensrecht; SchuldrechtAT; Handelsrecht Gesellschaftsrecht,1
Miete Pacht; SchuldrechtAT; Erbschaft Schenkung,1
Öffentliches Recht; Urheberrecht Markenrecht Patentrecht; EDV-Recht,1
Wettbewerbsrecht Kartellrecht; SchuldrechtAT; Wettbewerbsrecht Kartellrecht,1
Schadensersatz; Kauf Tausch Leasing; BGBAT; SchuldrechtAT,1
EDV-Recht; BGBAT; Schadensersatz; SchuldrechtAT; Bankrecht Kreditrecht; Sachenrecht,1
SchuldrechtAT; EU-Recht; Berufsrecht Rechtsanwälte,1
Werkvertrag; Handelsrecht Gesellschaftsrecht; Zivilverfahrensrecht,1
BGBAT; Zivilverfahrensrecht; Handelsrecht Gesellschaftsrecht; Schuldverhältnisse; Bankrecht Kreditrecht,1
Miete Pacht; Versicherungsrecht; BGBAT; SchuldrechtAT,1
Berufsrecht Rechtsanwälte; Berufsrecht Steuerberater; Wirtschaftsprüfung; Schadensersatz; BGBAT; BGBAT,1
BGBAT; Werkvertrag; BGBAT; Werkvertrag,1
Insolvenzrecht; Bankrecht Kreditrecht; Sachenrecht; SchuldrechtAT; Schadensersatz,1
Kauf Tausch Leasing; Wettbewerbsrecht Kartellrecht; BGBAT,1
BGBAT; SchuldrechtAT; Schadensersatz; Bankrecht Kreditrecht; Kauf Tausch Leasing,1
Einkommensteuer/Lohnsteuer/Kirchensteuer; Rechnungslegung; Berufsrecht Steuerberater; Berufsrecht Rechtsanwälte,1
Umsatzsteuer; Kauf Tausch Leasing; BGBAT,1
Schuldverhältnisse; Berufsrecht Rechtsanwälte; Urheberrecht Markenrecht Patentrecht,1
Sachenrecht; Schadensersatz; Versicherungsrecht,1
Miete Pacht; Schadensersatz; SchuldrechtAT; Kauf Tausch Leasing,1
SchuldrechtAT; Schuldverhältnisse; Reisevertrag,1
Berufsrecht Rechtsanwälte; Schadensersatz; Zivilverfahrensrecht; Insolvenzrecht; Neue Bundesländer; Schadensersatz; Zivilverfahrensrecht; Insolvenzrecht; Neue Bundesländer,1
Handelsrecht Gesellschaftsrecht; Bankrecht Kreditrecht; Schadensersatz; Zivilverfahrensrecht,1
Zivilverfahrensrecht; Handelsrecht Gesellschaftsrecht; Schadensersatz; SchuldrechtAT,1
Urheberrecht Markenrecht Patentrecht; Zivilverfahrensrecht; BGBAT,1
Wirtschaftsprüfung; Berufsrecht Steuerberater; EU-Recht; Öffentliches Recht; Schadensersatz,1
Kauf Tausch Leasing; EDV-Recht; Wettbewerbsrecht Kartellrecht,1
Bankrecht Kreditrecht; Schuldverhältnisse; Schadensersatz; SchuldrechtAT; Berufsrecht Rechtsanwälte,1
EDV-Recht; Kauf Tausch Leasing; Wettbewerbsrecht Kartellrecht,1
Berufsrecht Rechtsanwälte; Schuldverhältnisse; BGBAT; Schuldverhältnisse; BGBAT,1
Zivilverfahrensrecht; Miete Pacht; Schuldverhältnisse; Sachenrecht,1
Berufsrecht Rechtsanwälte; BGBAT; SchuldrechtAT; Bankrecht Kreditrecht,1
Berufsrecht Rechtsanwälte; BGBAT; Schadensersatz; SchuldrechtAT; Zivilverfahrensrecht; BGBAT; Schadensersatz; SchuldrechtAT; Zivilverfahrensrecht,1
Öffentliches Recht; Zivilverfahrensrecht; Verfahrensrecht/Abgabenordnung,1
Handelsrecht Gesellschaftsrecht; BGBAT; Schadensersatz,1
SchuldrechtAT; Familienrecht; Erbschaftsteuer; Erbschaft Schenkung,1
EDV-Recht; Öffentliches Recht; Urheberrecht Markenrecht Patentrecht,1
BGBAT; SchuldrechtAT; BGBAT; SchuldrechtAT,1
Berufsrecht Rechtsanwälte; Insolvenzrecht; Werkvertrag; Schadensersatz; Insolvenzrecht; Werkvertrag; Schadensersatz,1
Zivilverfahrensrecht; Erbschaft Schenkung; Landwirtschaftsrecht,1
Familienrecht; SchuldrechtAT; ELWI-FAMR; ELWI-FAMR,1
Neue Bundesländer; Sachenrecht; Bankrecht Kreditrecht; Zivilverfahrensrecht,1
Berufsrecht Steuerberater; Berufsrecht Rechtsanwälte; Wirtschaftsprüfung; Versicherungsrecht; Info,1
Rechnungslegung; Erbschaft Schenkung,1
Sozialrecht; Sozialversicherungsrecht; ELWI-FAMR,1
Schadensersatz; SchuldrechtAT; Öffentliches Recht,1
Verfahrensrecht/Abgabenordnung; Einkommensteuer/Lohnsteuer/Kirchensteuer; Körperschaftsteuer; Erbschaftsteuer; Umsatzsteuer; Grunderwerbsteuer; Erbschaftsteuer,1
Schadensersatz; Handelsrecht Gesellschaftsrecht; Bankrecht Kreditrecht; Zivilverfahrensrecht,1
Sachenrecht; Kauf Tausch Leasing; Bankrecht Kreditrecht; SchuldrechtAT,1
Erbschaftsteuer; Erbschaft Schenkung; Schuldverhältnisse,1
Schadensersatz; Erbschaft Schenkung; Handelsrecht Gesellschaftsrecht,1
Handelsrecht Gesellschaftsrecht; Erbschaftsteuer; Sachenrecht; Zivilverfahrensrecht,1
Familienrecht; SchuldrechtAT; Werkvertrag; ELWI-FAMR,1
Arbeitsrecht; Arbeitsrecht; Insolvenzrecht,1
Werkvertrag; Kauf Tausch Leasing; BGBAT,1
Zivilverfahrensrecht; Sozialrecht; Sozialversicherungsrecht; Arbeitsrecht; Urheberrecht Markenrecht Patentrecht; Berufsrecht Rechtsanwälte,1
Schadensersatz; Familienrecht; Versicherungsrecht,1
Sachenrecht; Erbschaft Schenkung; Miete Pacht,1
EU-Recht; Handelsrecht Gesellschaftsrecht; Handelsrecht Gesellschaftsrecht,1
Bankrecht Kreditrecht; SchuldrechtAT; Schuldverhältnisse; Handelsrecht Gesellschaftsrecht; Zivilverfahrensrecht,1
SchuldrechtAT; Landwirtschaftsrecht; Neue Bundesländer,1
Wohnungseigentum; Zivilverfahrensrecht; Bankrecht Kreditrecht; Sachenrecht,1
Wettbewerbsrecht Kartellrecht; Berufsrecht Rechtsanwälte; Zivilverfahrensrecht; Schadensersatz; SchuldrechtAT,1
Bankrecht Kreditrecht; Neue Bundesländer; SchuldrechtAT; Schadensersatz,1
SchuldrechtAT; ELWI-Lohn,1
Berufsrecht Steuerberater; Berufsrecht Rechtsanwälte; Schadensersatz; Wettbewerbsrecht Kartellrecht; Handelsrecht Gesellschaftsrecht,1
Kauf Tausch Leasing; Landwirtschaftsrecht; Zivilverfahrensrecht; Sachenrecht,1
Schadensersatz; Schadensersatz; Landwirtschaftsrecht; Neue Bundesländer,1
Schadensersatz; SchuldrechtAT; Miete Pacht; Werkvertrag; Wohnungseigentum,1
Schadensersatz; SchuldrechtAT; Schadensersatz; SchuldrechtAT; Arbeitsrecht,1
Berufsrecht Rechtsanwälte; EDV-Recht; Öffentliches Recht,1
Handelsrecht Gesellschaftsrecht; Öffentliches Recht; Berufsrecht Rechtsanwälte,1
Bankrecht Kreditrecht; SchuldrechtAT; Insolvenzrecht; Zivilverfahrensrecht,1
Neue Bundesländer; Sachenrecht; Landwirtschaftsrecht,1
BGBAT; SchuldrechtAT; Bankrecht Kreditrecht; Zivilverfahrensrecht,1
Berufsrecht Rechtsanwälte; Berufsrecht Steuerberater; Rechnungslegung; Zivilverfahrensrecht,1
Bankrecht Kreditrecht; BGBAT; Sachenrecht; Insolvenzrecht; Zivilverfahrensrecht,1
Schuldverhältnisse; Wirtschaftsprüfung,1
Kauf Tausch Leasing; BGBAT; Wohnungseigentum; SchuldrechtAT,1
Strafrecht; Strafrecht; Öffentliches Recht; EDV-Recht,1
Schadensersatz; Werkvertrag; BGBAT,1
Familienrecht; Zivilverfahrensrecht; Berufsrecht Rechtsanwälte; Insolvenzrecht,1
Erbschaft Schenkung; BGBAT; Schadensersatz,1
EU-Recht; Landwirtschaftsrecht,1
Lohnsteuer; Familienrecht; Zivilverfahrensrecht; Einkommensteuer/Lohnsteuer/Kirchensteuer,1
Bankrecht Kreditrecht; Handelsrecht Gesellschaftsrecht; Zivilverfahrensrecht; Handelsrecht Gesellschaftsrecht; Zivilverfahrensrecht,1
Berufsrecht Steuerberater; SchuldrechtAT; Schuldverhältnisse; Schadensersatz,1
Sachenrecht; Schuldverhältnisse; Bankrecht Kreditrecht; SchuldrechtAT,1
Berufsrecht Rechtsanwälte; Kauf Tausch Leasing; BGBAT; BGBAT,1
SchuldrechtAT; Öffentliches Recht; Sonstiges Recht,1
BGBAT; Familienrecht; Wohnungseigentum; ELWI-FAMR,1
Ausländisches Recht; Sozialrecht; Arbeitsrecht; Familienrecht,1
Schadensersatz; Zivilverfahrensrecht; Berufsrecht Steuerberater,1
Werkvertrag; Insolvenzrecht; Werkvertrag,1
Zivilverfahrensrecht; Insolvenzrecht; Sachenrecht,1
Rechnungslegung; Handelsrecht Gesellschaftsrecht; Familienrecht,1
Schuldverhältnisse; Kauf Tausch Leasing; Zivilverfahrensrecht,1
Insolvenzrecht; Versicherungsrecht; Insolvenzrecht; Versicherungsrecht,1
Berufsrecht Rechtsanwälte; LEXPUB,1
Berufsrecht Rechtsanwälte; Insolvenzrecht; BGBAT; Kauf Tausch Leasing; Schuldverhältnisse; Insolvenzrecht; BGBAT; Kauf Tausch Leasing; Schuldverhältnisse; Steuerstrafrecht,1
Familienrecht; Arbeitsrecht; Schuldverhältnisse; Strafrecht,1
Strafrecht; Insolvenzrecht; BGBAT,1
BGBAT; Werkvertrag; Handelsrecht Gesellschaftsrecht,1
Öffentliches Recht; Berufsrecht Rechtsanwälte; Zivilverfahrensrecht,1
Berufsrecht Steuerberater; Handelsrecht Gesellschaftsrecht; Wettbewerbsrecht Kartellrecht; Wettbewerbsrecht Kartellrecht,1
Sonstiges Recht; Schadensersatz,1
Erbschaft Schenkung; Insolvenzrecht; Berufsrecht Rechtsanwälte,1
Rechnungslegung; Bankrecht Kreditrecht; Bankrecht Kreditrecht,1
EDV-Recht; Kauf Tausch Leasing; Werkvertrag,1
Reisevertrag; Kauf Tausch Leasing; Wettbewerbsrecht Kartellrecht,1
Verbrauchsteuern; Insolvenzrecht,1
Öffentliches Recht; Familienrecht; SchuldrechtAT,1
Verbrauchsteuern; Urheberrecht Markenrecht Patentrecht,1
EU-Recht; Öffentliches Recht; Arbeitsrecht,1
Bankrecht Kreditrecht; Sachenrecht; Erbschaftsteuer; Erbschaft Schenkung,1
Handelsrecht Gesellschaftsrecht; Schadensersatz; Insolvenzrecht; Handelsrecht Gesellschaftsrecht; Schadensersatz; Insolvenzrecht,1
Strafrecht; Steuerstrafrecht; ELWI-STAP; ELWI-STAP; ELWI-STAP,1
Insolvenzrecht; Verfahrensrecht/Abgabenordnung; ELWI-STAP,1
Bankrecht Kreditrecht; Schadensersatz; Kauf Tausch Leasing; Zivilverfahrensrecht,1
Umsatzsteuer; BGBAT,1
Sachenrecht; Zivilverfahrensrecht; Zivilverfahrensrecht,1
Schadensersatz; Öffentliches Recht; Handelsrecht Gesellschaftsrecht,1
"Insolvenzrecht; Handelsrecht
Gesellschaftsrecht",1
Sachenrecht; Werkvertrag,1
Berufsrecht Steuerberater; Schadensersatz; Schadensersatz; SchuldrechtAT,1
Schuldverhältnisse; Handelsrecht Gesellschaftsrecht; Zivilverfahrensrecht,1
Schuldverhältnisse; Bankrecht Kreditrecht; Schuldverhältnisse; Bankrecht Kreditrecht,1
Schadensersatz; Neue Bundesländer; Sachenrecht,1
Kauf Tausch Leasing; BGBAT; EU-Recht; Öffentliches Recht,1
Bankrecht Kreditrecht; BGBAT; SchuldrechtAT; Miete Pacht,1
Zivilverfahrensrecht; Berufsrecht Rechtsanwälte; Versicherungsrecht,1
Schadensersatz; Insolvenzrecht; Zivilverfahrensrecht; Schadensersatz; Insolvenzrecht; Zivilverfahrensrecht,1
Sachenrecht; BGBAT; Schadensersatz,1
Strafrecht; SchuldrechtAT; Berufsrecht Rechtsanwälte,1
Landwirtschaftsrecht; Neue Bundesländer; Handelsrecht Gesellschaftsrecht; SchuldrechtAT,1
Familienrecht; Erbschaft Schenkung; Zivilverfahrensrecht; Info; ELWI-FAMR,1
Sozialrecht; Sozialversicherungsrecht; Öffentliches Recht; Öffentliches Recht; Familienrecht,1
Lohnsteuer; Lohnsteuer; Steuerstrafrecht; Einkommensteuer/Lohnsteuer/Kirchensteuer,1
Schadensersatz; SchuldrechtAT; Handelsrecht Gesellschaftsrecht; Zivilverfahrensrecht; Bankrecht Kreditrecht,1
Körperschaftsteuer; Einkommensteuer/Lohnsteuer/Kirchensteuer,1
Berufsrecht Rechtsanwälte; Neue Bundesländer; Neue Bundesländer,1
EU-Recht; EDV-Recht; Wettbewerbsrecht Kartellrecht,1
Zivilverfahrensrecht; Schadensersatz; Urheberrecht Markenrecht Patentrecht,1
Bankrecht Kreditrecht; Werkvertrag; Schuldverhältnisse; Insolvenzrecht,1
Sachenrecht; Zivilverfahrensrecht; SchuldrechtAT; Schadensersatz,1
Miete Pacht; Sachenrecht; Bankrecht Kreditrecht; Insolvenzrecht; Zivilverfahrensrecht,1
Wohnungseigentum; BGBAT; SchuldrechtAT; Schadensersatz; Schuldverhältnisse,1
Werkvertrag; Schadensersatz; SchuldrechtAT; Kauf Tausch Leasing,1
Körperschaftsteuer; Einkommensteuer/Lohnsteuer/Kirchensteuer; Umsatzsteuer; Steuerstrafrecht; Steuerstrafrecht,1
EU-Recht; Zivilverfahrensrecht; Schuldverhältnisse; BGBAT; Info,1
Erbschaftsteuer; Erbschaft Schenkung; Handelsrecht Gesellschaftsrecht; ELWI-FAMR,1
Wettbewerbsrecht Kartellrecht; Zivilverfahrensrecht; Schadensersatz,1
Zivilverfahrensrecht; EDV-Recht; Urheberrecht Markenrecht Patentrecht; EU-Recht; SchuldrechtAT,1
Schadensersatz; BGBAT; Handelsrecht Gesellschaftsrecht; SchuldrechtAT,1
Sozialversicherungsrecht; Sozialrecht; Sozialrecht,1
Insolvenzrecht; BGBAT; Berufsrecht Rechtsanwälte; Zivilverfahrensrecht,1
Arbeitsrecht; Schuldverhältnisse; Berufsrecht Rechtsanwälte; Berufsrecht Steuerberater; Handelsrecht Gesellschaftsrecht,1
Schadensersatz; Zivilverfahrensrecht; SchuldrechtAT; Werkvertrag,1
Erbschaft Schenkung; Erbschaftsteuer; SchuldrechtAT; Erbschaftsteuer,1
BGBAT; Kauf Tausch Leasing; Handelsrecht Gesellschaftsrecht; Schadensersatz,1
Wohnungseigentum; Kauf Tausch Leasing; Miete Pacht,1
Sachenrecht; Werkvertrag; Zivilverfahrensrecht,1
Bankrecht Kreditrecht; Werkvertrag; Schuldverhältnisse; SchuldrechtAT,1
Berufsrecht Rechtsanwälte; Wettbewerbsrecht Kartellrecht; Urheberrecht Markenrecht Patentrecht; Wettbewerbsrecht Kartellrecht; Urheberrecht Markenrecht Patentrecht,1
Handelsrecht Gesellschaftsrecht; Insolvenzrecht; Berufsrecht Rechtsanwälte; Bankrecht Kreditrecht,1
Schadensersatz; Handelsrecht Gesellschaftsrecht; Schuldverhältnisse; BGBAT,1
EDV-Recht; SchuldrechtAT; Kauf Tausch Leasing; BGBAT; Berufsrecht Rechtsanwälte,1
Erbschaftsteuer; Verfahrensrecht/Abgabenordnung; Erbschaft Schenkung,1
Insolvenzrecht; BGBAT; Schadensersatz; Bankrecht Kreditrecht,1
Schadensersatz; SchuldrechtAT; EU-Recht; Zivilverfahrensrecht; Bankrecht Kreditrecht,1
SchuldrechtAT; Arbeitsrecht; Schuldverhältnisse; Sozialrecht; Sozialversicherungsrecht,1
BGBAT; SchuldrechtAT; Familienrecht; Zivilverfahrensrecht,1
Einkommensteuer/Lohnsteuer/Kirchensteuer; Umsatzsteuer; Verfahrensrecht/Abgabenordnung; Steuerstrafrecht,1
Schadensersatz; Schuldverhältnisse; SchuldrechtAT; Bankrecht Kreditrecht,1
Schuldverhältnisse; Schadensersatz; SchuldrechtAT; Bankrecht Kreditrecht,1
Miete Pacht; Miete Pacht; Miete Pacht; Landwirtschaftsrecht; Zivilverfahrensrecht,1
Schadensersatz; Kauf Tausch Leasing; SchuldrechtAT; Zivilverfahrensrecht,1
Strafrecht; Schadensersatz; Schuldverhältnisse,1
Bankrecht Kreditrecht; BGBAT; Schadensersatz; Erbschaftsteuer; BGBAT; Schadensersatz; Erbschaftsteuer,1
SchuldrechtAT; Schuldverhältnisse; Sachenrecht,1
Rechnungslegung; Miete Pacht; SchuldrechtAT; Handelsrecht Gesellschaftsrecht,1
Schadensersatz; Steuerstrafrecht; Schadensersatz; Steuerstrafrecht,1
Berufsrecht Rechtsanwälte; Insolvenzrecht; Schuldverhältnisse; Zivilverfahrensrecht,1
Verfahrensrecht/Abgabenordnung; Öffentliches Recht; EU-Recht,1
BGBAT; Schuldverhältnisse; Neue Bundesländer,1
Berufsrecht Rechtsanwälte; Zivilverfahrensrecht; Bankrecht Kreditrecht; Familienrecht; ELWI-FAMR,1
Kauf Tausch Leasing; Bankrecht Kreditrecht; Zivilverfahrensrecht,1
Insolvenzrecht; Umsatzsteuer; Verfahrensrecht/Abgabenordnung; Handelsrecht Gesellschaftsrecht,1
Schadensersatz; ELWI-Lohn,1
Kauf Tausch Leasing; Strafrecht; Steuerstrafrecht; Umsatzsteuer,1
BGBAT; Erbschaft Schenkung; Schadensersatz,1
Insolvenzrecht; Info; Werkvertrag; Berufsrecht Steuerberater; Berufsrecht Rechtsanwälte,1
Kauf Tausch Leasing; Umsatzsteuer; Wettbewerbsrecht Kartellrecht; Bankrecht Kreditrecht,1
Versicherungsrecht; Schadensersatz; Zivilverfahrensrecht,1
Öffentliches Recht; Zivilverfahrensrecht; SchuldrechtAT,1
Öffentliches Recht; EDV-Recht; Arbeitsrecht,1
Familienrecht; Berufsrecht Rechtsanwälte; Berufsrecht Steuerberater; Zivilverfahrensrecht,1
BGBAT; Schadensersatz; SchuldrechtAT; Schuldverhältnisse,1
Arbeitsrecht; Handelsrecht Gesellschaftsrecht; BGBAT,1
Bankrecht Kreditrecht; Schadensersatz; Berufsrecht Rechtsanwälte,1
Berufsrecht Rechtsanwälte; BGBAT; Kauf Tausch Leasing; Schuldverhältnisse; BGBAT; Kauf Tausch Leasing; Schuldverhältnisse,1
Insolvenzrecht; Handelsrecht Gesellschaftsrecht; Schadensersatz; Zivilverfahrensrecht,1
Zivilverfahrensrecht; Insolvenzrecht; Handelsrecht Gesellschaftsrecht; Zivilverfahrensrecht; Insolvenzrecht; Handelsrecht Gesellschaftsrecht,1
Verfahrensrecht/Abgabenordnung; Zivilverfahrensrecht; Schadensersatz,1
Schuldverhältnisse; BGBAT; SchuldrechtAT,1
Bankrecht Kreditrecht; Erbschaft Schenkung; Erbschaftsteuer; ELWI-FAMR,1
Berufsrecht Steuerberater; Wirtschaftsprüfung; Rechnungslegung,1
Sozialrecht; ELWI-Lohn,1
Grundsteuer; Miete Pacht; Miete Pacht; Zivilverfahrensrecht,1
Lohnsteuer; Einkommensteuer/Lohnsteuer/Kirchensteuer; Körperschaftsteuer,1
SchuldrechtAT; Schadensersatz; Zivilverfahrensrecht; SchuldrechtAT; Schadensersatz; Zivilverfahrensrecht,1
Berufsrecht Rechtsanwälte; Schadensersatz; Insolvenzrecht; Bankrecht Kreditrecht,1
Zivilverfahrensrecht; Schuldverhältnisse; SchuldrechtAT,1
Bankrecht Kreditrecht; Schadensersatz; Handelsrecht Gesellschaftsrecht; Handelsrecht Gesellschaftsrecht,1
Schadensersatz; Erbschaft Schenkung; Familienrecht,1
Berufsrecht Rechtsanwälte; Zivilverfahrensrecht; Verfahrensrecht/Abgabenordnung,1
Öffentliches Recht; Sonstiges Steuerrecht,1
Werkvertrag; Sachenrecht; Zivilverfahrensrecht,1
Erbschaft Schenkung; Schadensersatz; SchuldrechtAT; Öffentliches Recht,1
Familienrecht; Handelsrecht Gesellschaftsrecht; Öffentliches Recht; Einkommensteuer/Lohnsteuer/Kirchensteuer,1
Rechnungslegung; Handelsrecht Gesellschaftsrecht; EU-Recht,1
Miete Pacht; Schadensersatz; SchuldrechtAT; Berufsrecht Rechtsanwälte; Zivilverfahrensrecht,1
Insolvenzrecht; Neue Bundesländer; Berufsrecht Rechtsanwälte; Zivilverfahrensrecht,1
Öffentliches Recht; Sonstiges Recht; Schuldverhältnisse,1
Bankrecht Kreditrecht; EU-Recht; SchuldrechtAT; Handelsrecht Gesellschaftsrecht,1
BGBAT; Sachenrecht; Öffentliches Recht; Wohnungseigentum,1
Kauf Tausch Leasing; Berufsrecht Rechtsanwälte; Zivilverfahrensrecht; Handelsrecht Gesellschaftsrecht; Schuldverhältnisse; Schadensersatz,1
Schadensersatz; EDV-Recht; Berufsrecht Rechtsanwälte; Urheberrecht Markenrecht Patentrecht,1
Wirtschaftsprüfung; Handelsrecht Gesellschaftsrecht; Insolvenzrecht,1
Kauf Tausch Leasing; Sachenrecht; Insolvenzrecht; Sachenrecht; Insolvenzrecht,1
Schadensersatz; Erbschaft Schenkung; Zivilverfahrensrecht,1
Schuldverhältnisse; Erbschaft Schenkung,1
Sachenrecht; Zivilverfahrensrecht; Neue Bundesländer,1
Miete Pacht; Kauf Tausch Leasing; Sachenrecht; Neue Bundesländer,1
Kauf Tausch Leasing; Neue Bundesländer; Sachenrecht; BGBAT,1
Wohnungseigentum; EDV-Recht,1
BGBAT; Bankrecht Kreditrecht; Schuldverhältnisse; Schadensersatz,1
Sonstiges Recht; EU-Recht; EDV-Recht,1
Arbeitsrecht; Bankrecht Kreditrecht; Sozialrecht; Sozialversicherungsrecht; Strafrecht,1
Urheberrecht Markenrecht Patentrecht; Strafrecht,1
Verfahrensrecht/Abgabenordnung; Rechnungslegung; Steuerliche Betriebsprüfung; Einkommensteuer/Lohnsteuer/Kirchensteuer; Grunderwerbsteuer; Körperschaftsteuer; Umsatzsteuer,1
EDV-Recht; Verfahrensrecht/Abgabenordnung; Zivilverfahrensrecht,1
Urheberrecht Markenrecht Patentrecht; Reisevertrag,1
EU-Recht; Öffentliches Recht; Rechnungslegung,1
Berufsrecht Steuerberater; Schadensersatz; Erbschaft Schenkung; Erbschaftsteuer,1
Verfahrensrecht/Abgabenordnung; Zivilverfahrensrecht; BGBAT,1
Schadensersatz; Rechnungslegung; Handelsrecht Gesellschaftsrecht; Neue Bundesländer,1
Handelsrecht Gesellschaftsrecht; Bankrecht Kreditrecht; Sachenrecht,1
Berufsrecht Steuerberater; Bankrecht Kreditrecht; Sachenrecht,1
Handelsrecht Gesellschaftsrecht; Insolvenzrecht; Bankrecht Kreditrecht; SchuldrechtAT; Insolvenzrecht; Bankrecht Kreditrecht; SchuldrechtAT,1
Insolvenzrecht; Steuerstrafrecht; Zivilverfahrensrecht,1
Berufsrecht Rechtsanwälte; BGBAT; Schuldverhältnisse; Schadensersatz; Familienrecht; BGBAT; Schuldverhältnisse; Schadensersatz; Familienrecht,1
Insolvenzrecht; Berufsrecht Rechtsanwälte; Verfahrensrecht/Abgabenordnung; Schadensersatz,1
Berufsrecht Rechtsanwälte; Berufsrecht Steuerberater; Insolvenzrecht; Neue Bundesländer,1
Zivilverfahrensrecht; Insolvenzrecht; Berufsrecht Rechtsanwälte; SchuldrechtAT,1
Rechnungslegung; Handelsrecht Gesellschaftsrecht; SchuldrechtAT; Handelsrecht Gesellschaftsrecht; SchuldrechtAT; ELWI-REWE,1
Arbeitsrecht; SchuldrechtAT; Schadensersatz; SchuldrechtAT; Schadensersatz; ELWI-Lohn,1
Kauf Tausch Leasing; Urheberrecht Markenrecht Patentrecht,1
Einkommensteuer/Lohnsteuer/Kirchensteuer; Lohnsteuer; Berufsrecht Rechtsanwälte; Sozialrecht,1
Insolvenzrecht; Zivilverfahrensrecht; BGBAT,1
Familienrecht; BGBAT; Öffentliches Recht,1
Insolvenzrecht; BGBAT; Zivilverfahrensrecht; Insolvenzrecht; BGBAT; Zivilverfahrensrecht,1
BGBAT; Schadensersatz; Schuldverhältnisse; Bankrecht Kreditrecht,1
BGBAT; SchuldrechtAT; Landwirtschaftsrecht; Neue Bundesländer; Zivilverfahrensrecht,1
"Umsatzsteuer; Kauf
Tausch Leasing; Schadensersatz; Versicherungsrecht",1
Bankrecht Kreditrecht; Neue Bundesländer; BGBAT,1
Lohnsteuer; Einkommensteuer/Lohnsteuer/Kirchensteuer; Erbschaft Schenkung; BGBAT; Erbschaftsteuer; Erbschaftsteuer,1
Lohnsteuer; Berufsrecht Steuerberater; Schadensersatz; Rechnungslegung,1
EU-Recht; Berufsrecht Steuerberater; Berufsrecht Rechtsanwälte,1
Berufsrecht Rechtsanwälte; Berufsrecht Steuerberater; Insolvenzrecht,1
Sachenrecht; SchuldrechtAT; Insolvenzrecht,1
Schadensersatz; SchuldrechtAT; Reisevertrag; Berufsrecht Rechtsanwälte,1
Kauf Tausch Leasing; Landwirtschaftsrecht; Sachenrecht; Zivilverfahrensrecht,1
BGBAT; Schuldverhältnisse; Schadensersatz; EDV-Recht,1
Lohnsteuer; Einkommensteuer/Lohnsteuer/Kirchensteuer; Familienrecht,1
Insolvenzrecht; Schadensersatz; Handelsrecht Gesellschaftsrecht; Zivilverfahrensrecht,1
Bankrecht Kreditrecht; Sachenrecht; BGBAT; Schadensersatz; SchuldrechtAT,1
Handelsrecht Gesellschaftsrecht; Insolvenzrecht; Zivilverfahrensrecht; Handelsrecht Gesellschaftsrecht; Insolvenzrecht; Zivilverfahrensrecht,1
Sozialversicherungsrecht; Berufsrecht Rechtsanwälte; Insolvenzrecht,1
Insolvenzrecht; EDV-Recht; SchuldrechtAT; Wettbewerbsrecht Kartellrecht,1
Bankrecht Kreditrecht; Bankrecht Kreditrecht; SchuldrechtAT,1
Schadensersatz; Öffentliches Recht; Sozialrecht; Sozialversicherungsrecht,1
Strafrecht; Berufsrecht Steuerberater,1
Bankrecht Kreditrecht; SchuldrechtAT; Sachenrecht; BGBAT; Insolvenzrecht,1
Schadensersatz; SchuldrechtAT; Kauf Tausch Leasing; EU-Recht,1
Schadensersatz; Schadensersatz; Versicherungsrecht,1
Berufsrecht Rechtsanwälte; Berufsrecht Rechtsanwälte; BGBAT,1
Berufsrecht Rechtsanwälte; Sonstiges Recht; Ausländisches Recht,1
Erbschaft Schenkung; Wettbewerbsrecht Kartellrecht,1
Lohnsteuer; Arbeitsrecht; Steuerliche Förderungsgesetze,1
Miete Pacht; Miete Pacht; SchuldrechtAT,1
SchuldrechtAT; Werkvertrag; Wettbewerbsrecht Kartellrecht; EDV-Recht,1
SchuldrechtAT; Wettbewerbsrecht Kartellrecht; Versicherungsrecht,1
Berufsrecht Rechtsanwälte; Sachenrecht; Zivilverfahrensrecht; BGBAT,1
"Insolvenzrecht; Berufsrecht
Rechtsanwälte",1
Handelsrecht Gesellschaftsrecht; Wettbewerbsrecht Kartellrecht; SchuldrechtAT,1
Berufsrecht Rechtsanwälte; Insolvenzrecht; Neue Bundesländer; Zivilverfahrensrecht; Sachenrecht; BGBAT; Insolvenzrecht; Neue Bundesländer; Zivilverfahrensrecht; Sachenrecht; BGBAT,1
Bankrecht Kreditrecht; Sachenrecht; BGBAT; Familienrecht,1
Rechnungslegung; Einkommensteuer/Lohnsteuer/Kirchensteuer; Körperschaftsteuer; Umsatzsteuer,1
EDV-Recht; Zivilverfahrensrecht; EDV-Recht,1
Versicherungsrecht; Berufsrecht Rechtsanwälte; Verfahrensrecht/Abgabenordnung,1
Wettbewerbsrecht Kartellrecht; ELWI-Lohn,1
Schadensersatz; Erbschaft Schenkung; Kauf Tausch Leasing,1
Miete Pacht; Zivilverfahrensrecht; Insolvenzrecht,1
"Arbeitsrecht; Berufsrecht
Rechtsanwälte",1
Sachenrecht; Insolvenzrecht; BGBAT; SchuldrechtAT; Insolvenzrecht; BGBAT; SchuldrechtAT,1
Berufsrecht Steuerberater; Wirtschaftsprüfung; Schadensersatz; Handelsrecht Gesellschaftsrecht,1
Strafrecht; Kauf Tausch Leasing,1
BGBAT; SchuldrechtAT; Schadensersatz; Familienrecht; Zivilverfahrensrecht,1
Schadensersatz; SchuldrechtAT; Verfahrensrecht/Abgabenordnung; Umsatzsteuer; Einkommensteuer/Lohnsteuer/Kirchensteuer; Lohnsteuer,1
EDV-Recht; Arbeitsrecht,1
Berufsrecht Rechtsanwälte; Zivilverfahrensrecht; Erbschaftsteuer; Erbschaft Schenkung,1
Berufsrecht Rechtsanwälte; Bankrecht Kreditrecht; Handelsrecht Gesellschaftsrecht; Handelsrecht Gesellschaftsrecht,1
Zivilverfahrensrecht; Handelsrecht Gesellschaftsrecht; BGBAT; SchuldrechtAT,1
Berufsrecht Rechtsanwälte; Insolvenzrecht; Wirtschaftsprüfung,1
Erbschaft Schenkung; Versicherungsrecht; Erbschaftsteuer; Bankrecht Kreditrecht,1
Berufsrecht Rechtsanwälte; Neue Bundesländer; Insolvenzrecht,1
Schuldverhältnisse; Handelsrecht Gesellschaftsrecht; Schadensersatz; SchuldrechtAT,1
Versicherungsrecht; Urheberrecht Markenrecht Patentrecht,1
Bankrecht Kreditrecht; EU-Recht; SchuldrechtAT,1
Sozialrecht; EU-Recht,1
Schadensersatz; SchuldrechtAT; Bankrecht Kreditrecht; Öffentliches Recht,1
Werkvertrag; EDV-Recht; Strafrecht,1
Berufsrecht Steuerberater; Berufsrecht Rechtsanwälte; BGBAT; Handelsrecht Gesellschaftsrecht,1
SchuldrechtAT; Handelsrecht Gesellschaftsrecht; Schuldverhältnisse; SchuldrechtAT; Handelsrecht Gesellschaftsrecht; Schuldverhältnisse,1
SchuldrechtAT; Werkvertrag; Bankrecht Kreditrecht; Berufsrecht Rechtsanwälte,1
Sozialrecht; Sozialversicherungsrecht; Zivilverfahrensrecht,1
Sozialrecht; Ausländisches Recht,1
Berufsrecht Rechtsanwälte; Schadensersatz; Schuldverhältnisse; Bankrecht Kreditrecht,1
Umsatzsteuer; Zivilverfahrensrecht; Kauf Tausch Leasing,1
EDV-Recht; Berufsrecht Rechtsanwälte; Insolvenzrecht,1
Schadensersatz; Zivilverfahrensrecht; Schadensersatz; Zivilverfahrensrecht; Arbeitsrecht,1
BGBAT; Sachenrecht; Insolvenzrecht,1
Erbschaft Schenkung; Familienrecht; SchuldrechtAT; Erbschaftsteuer; ELWI-FAMR,1
EU-Recht; Strafrecht; Steuerstrafrecht,1
Erbschaft Schenkung; Familienrecht; Arbeitsrecht,1
Strafrecht; Berufsrecht Rechtsanwälte; Insolvenzrecht; Schuldverhältnisse,1
BGBAT; Familienrecht; ELWI-FAMR; ELWI-FAMR; ELWI-FAMR,1
EDV-Recht; SchuldrechtAT; Schadensersatz; Urheberrecht Markenrecht Patentrecht,1
Bankrecht Kreditrecht; Schuldverhältnisse; EDV-Recht; SchuldrechtAT,1
Zivilverfahrensrecht; BGBAT; Schadensersatz; SchuldrechtAT,1
Versicherungsrecht; SchuldrechtAT; Schadensersatz; Wirtschaftsprüfung,1
Familienrecht; Familienrecht; SchuldrechtAT,1
BGBAT; SchuldrechtAT; Kauf Tausch Leasing; Werkvertrag; EDV-Recht,1
Zivilverfahrensrecht; EDV-Recht; Urheberrecht Markenrecht Patentrecht; Wettbewerbsrecht Kartellrecht,1
Sozialversicherungsrecht; Insolvenzrecht; Sozialrecht; Arbeitsrecht,1
Kauf Tausch Leasing; SchuldrechtAT; Neue Bundesländer,1
BGBAT; Bankrecht Kreditrecht; Kauf Tausch Leasing; SchuldrechtAT; Handelsrecht Gesellschaftsrecht; Insolvenzrecht,1
Insolvenzrecht; Sachenrecht; Zivilverfahrensrecht; BGBAT; Insolvenzrecht; Sachenrecht; Zivilverfahrensrecht; BGBAT,1
Info; Berufsrecht Steuerberater,1
Schadensersatz; BGBAT; SchuldrechtAT; Sozialrecht; Sozialversicherungsrecht,1
Schadensersatz; Bankrecht Kreditrecht; Insolvenzrecht,1
Familienrecht; Familienrecht; Erbschaft Schenkung; SchuldrechtAT,1
Schadensersatz; SchuldrechtAT; Zivilverfahrensrecht; Kauf Tausch Leasing; Info,1
Öffentliches Recht; Steuerstrafrecht,1
Erbschaft Schenkung; Erbschaftsteuer; Sachenrecht; SchuldrechtAT,1
Einkommensteuer/Lohnsteuer/Kirchensteuer; Lohnsteuer; Sozialrecht; Sozialversicherungsrecht; Verfahrensrecht/Abgabenordnung; Berufsrecht Rechtsanwälte; Berufsrecht Steuerberater,1
Berufsrecht Rechtsanwälte; BGBAT; Schuldverhältnisse; Schadensersatz; Zivilverfahrensrecht,1
Erbschaftsteuer; Erbschaft Schenkung; Familienrecht,1
Familienrecht; Erbschaft Schenkung; Zivilverfahrensrecht,1
Arbeitsrecht; Urheberrecht Markenrecht Patentrecht; Zivilverfahrensrecht; Schadensersatz; SchuldrechtAT,1
BGBAT; Familienrecht; Schuldverhältnisse; Schadensersatz,1
Zollrecht; EU-Recht; Landwirtschaftsrecht; Zivilverfahrensrecht; Miete Pacht,1
Berufsrecht Rechtsanwälte; Zivilverfahrensrecht; Zivilverfahrensrecht; ELWI-Lohn,1
Urheberrecht Markenrecht Patentrecht; EDV-Recht; Schuldverhältnisse; Schadensersatz; Zivilverfahrensrecht,1
Handelsrecht Gesellschaftsrecht; BGBAT; Landwirtschaftsrecht; Neue Bundesländer; Zivilverfahrensrecht,1
Familienrecht; Erbschaft Schenkung; Erbschaftsteuer; BGBAT,1
Bankrecht Kreditrecht; EDV-Recht; Internet,1
Arbeitsrecht; SchuldrechtAT; Handelsrecht Gesellschaftsrecht,1
EU-Recht; Umsatzsteuer; BGBAT; Schadensersatz,1
Miete Pacht; Handelsrecht Gesellschaftsrecht; SchuldrechtAT; Miete Pacht; Handelsrecht Gesellschaftsrecht; SchuldrechtAT,1
Berufsrecht Rechtsanwälte; Berufsrecht Steuerberater; Verfahrensrecht/Abgabenordnung; Handelsrecht Gesellschaftsrecht; Schadensersatz,1
Öffentliches Recht; Verfahrensrecht/Abgabenordnung; EDV-Recht,1
Berufsrecht Rechtsanwälte; EDV-Recht; Zivilverfahrensrecht; Zivilverfahrensrecht; EDV-Recht,1
Bankrecht Kreditrecht; SchuldrechtAT; EDV-Recht; BGBAT,1
Schadensersatz; Handelsrecht Gesellschaftsrecht; Bankrecht Kreditrecht; SchuldrechtAT; Handelsrecht Gesellschaftsrecht; Bankrecht Kreditrecht; SchuldrechtAT,1
Kauf Tausch Leasing; Berufsrecht Rechtsanwälte; SchuldrechtAT; Zivilverfahrensrecht,1
Handelsrecht Gesellschaftsrecht; Schuldverhältnisse; SchuldrechtAT; Schuldverhältnisse; SchuldrechtAT,1
Rechnungslegung; Berufsrecht Steuerberater; Berufsrecht Rechtsanwälte; Handelsrecht Gesellschaftsrecht; Zivilverfahrensrecht; Info,1
EU-Recht; Schuldverhältnisse; Schadensersatz,1
Einkommensteuer/Lohnsteuer/Kirchensteuer; Schadensersatz; Zivilverfahrensrecht,1
Erbschaft Schenkung; Familienrecht; Handelsrecht Gesellschaftsrecht; ELWI-FAMR; ELWI-FAMR,1
Familienrecht; Öffentliches Recht; Sozialrecht,1
EU-Recht; SchuldrechtAT; Insolvenzrecht,1
Umsatzsteuer; Versicherungsrecht,1
EDV-Recht; Zivilverfahrensrecht; Öffentliches Recht; Verfahrensrecht/Abgabenordnung; Berufsrecht Steuerberater; Berufsrecht Rechtsanwälte,1
EDV-Recht; Familienrecht; Schadensersatz,1
Arbeitsrecht; Familienrecht; Zivilverfahrensrecht; ELWI-FAMR; ELWI-FAMR,1
Schadensersatz; Berufsrecht Steuerberater; BGBAT; Info,1
Insolvenzrecht; Verfahrensrecht/Abgabenordnung,1
Schadensersatz; BGBAT; Erbschaft Schenkung,1
Berufsrecht Rechtsanwälte; Sachenrecht; SchuldrechtAT; Kauf Tausch Leasing,1
Einkommensteuer/Lohnsteuer/Kirchensteuer; Sozialversicherungsrecht; Lohnsteuer; Sozialrecht,1
Urheberrecht Markenrecht Patentrecht; Arbeitsrecht; Zivilverfahrensrecht,1
Berufsrecht Rechtsanwälte; Kauf Tausch Leasing; SchuldrechtAT; Wohnungseigentum,1
Berufsrecht Rechtsanwälte; Sachenrecht; Schadensersatz; Zivilverfahrensrecht; Zivilverfahrensrecht,1
Bankrecht Kreditrecht; EU-Recht; Zivilverfahrensrecht; Schadensersatz,1
Öffentliches Recht; Arbeitsrecht; Schuldverhältnisse; Sozialrecht; Sozialversicherungsrecht,1
Miete Pacht; Miete Pacht; Insolvenzrecht,1
Bankrecht Kreditrecht; Berufsrecht Rechtsanwälte; Schadensersatz,1
Sozialrecht; ELWI-FAMR,1
BGBAT; Familienrecht; EU-Recht,1
Erbschaft Schenkung; Erbschaftsteuer; Landwirtschaftsrecht; Miete Pacht; Miete Pacht; Erbschaft Schenkung,1
Miete Pacht; Bankrecht Kreditrecht; Schuldverhältnisse,1
Insolvenzrecht; Miete Pacht; Insolvenzrecht; Miete Pacht,1
Berufsrecht Rechtsanwälte; Zivilverfahrensrecht; BGBAT; Schadensersatz; SchuldrechtAT,1
Arbeitsrecht; SchuldrechtAT; Zivilverfahrensrecht,1
Kauf Tausch Leasing; Schadensersatz; BGBAT,1
BGBAT; Schadensersatz; Berufsrecht Rechtsanwälte; Berufsrecht Steuerberater; Zivilverfahrensrecht,1
Verfahrensrecht/Abgabenordnung; Urheberrecht Markenrecht Patentrecht; EU-Recht,1
Strafrecht; Steuerstrafrecht; Info,1
Kauf Tausch Leasing; Handelsrecht Gesellschaftsrecht; Zivilverfahrensrecht; Kauf Tausch Leasing; Handelsrecht Gesellschaftsrecht; Zivilverfahrensrecht,1
EDV-Recht; EU-Recht; Urheberrecht Markenrecht Patentrecht,1
Zivilverfahrensrecht; Kauf Tausch Leasing; Wohnungseigentum,1
Kauf Tausch Leasing; Sachenrecht; SchuldrechtAT,1
Rechnungslegung; Wirtschaftsprüfung; Sonstiges Recht,1
Bankrecht Kreditrecht; Öffentliches Recht; SchuldrechtAT; Schadensersatz,1
Zivilverfahrensrecht; SchuldrechtAT; BGBAT; Schadensersatz,1
Schuldverhältnisse; Handelsrecht Gesellschaftsrecht; Sachenrecht; ELWI-FAMR,1
Miete Pacht; Sachenrecht; Neue Bundesländer; BGBAT,1
Schadensersatz; SchuldrechtAT; Werkvertrag; Schuldverhältnisse,1
Schadensersatz; Berufsrecht Rechtsanwälte; SchuldrechtAT; Sachenrecht; Zivilverfahrensrecht,1
Bankrecht Kreditrecht; BGBAT; Insolvenzrecht; Handelsrecht Gesellschaftsrecht,1
Insolvenzrecht; BGBAT; Schadensersatz; Insolvenzrecht; BGBAT; Schadensersatz,1
Wirtschaftsprüfung; Berufsrecht Steuerberater; Versicherungsrecht; Handelsrecht Gesellschaftsrecht; Handelsrecht Gesellschaftsrecht,1
Sozialrecht; EU-Recht; Sozialversicherungsrecht,1
Berufsrecht Rechtsanwälte; Schuldverhältnisse; Insolvenzrecht; SchuldrechtAT; Schuldverhältnisse; Insolvenzrecht; SchuldrechtAT,1
Zivilverfahrensrecht; Schadensersatz; SchuldrechtAT; Familienrecht; ELWI-FAMR,1
Arbeitsrecht; BGBAT; Handelsrecht Gesellschaftsrecht,1
Schadensersatz; EDV-Recht; Urheberrecht Markenrecht Patentrecht; Zivilverfahrensrecht,1
BGBAT; Bankrecht Kreditrecht; Sachenrecht,1
Schadensersatz; Miete Pacht; Wohnungseigentum,1
SchuldrechtAT; Miete Pacht; ELWI-FAMR,1
Steuerstrafrecht; Strafrecht; EDV-Recht,1
Kauf Tausch Leasing; Schadensersatz; SchuldrechtAT; Sachenrecht,1
Zivilverfahrensrecht; Handelsrecht Gesellschaftsrecht; SchuldrechtAT; Schadensersatz; Bankrecht Kreditrecht,1
Kauf Tausch Leasing; Wettbewerbsrecht Kartellrecht; Zivilverfahrensrecht,1
Kauf Tausch Leasing; SchuldrechtAT; Insolvenzrecht,1
SchuldrechtAT; BGBAT; Werkvertrag; Schadensersatz,1
Neue Bundesländer; Insolvenzrecht,1
BGBAT; SchuldrechtAT; Miete Pacht; Berufsrecht Rechtsanwälte,1
Miete Pacht; Schuldverhältnisse; Sachenrecht; Neue Bundesländer,1
EU-Recht; Miete Pacht; Reisevertrag,1
BGBAT; Sozialrecht,1
BGBAT; Bankrecht Kreditrecht; Arbeitsrecht,1
Familienrecht; Zivilverfahrensrecht; Handelsrecht Gesellschaftsrecht,1
Öffentliches Recht; Sachenrecht,1
Neue Bundesländer; Sachenrecht; Urheberrecht Markenrecht Patentrecht,1
Urheberrecht Markenrecht Patentrecht; EDV-Recht; Berufsrecht Rechtsanwälte; Berufsrecht Rechtsanwälte,1
Berufsrecht Steuerberater; SchuldrechtAT; SchuldrechtAT,1
Miete Pacht; BGBAT; SchuldrechtAT; Schadensersatz; Sachenrecht; Zivilverfahrensrecht,1
Wirtschaftsprüfung; Bankrecht Kreditrecht; Rechnungslegung; Handelsrecht Gesellschaftsrecht,1
Sachenrecht; Bankrecht Kreditrecht; Handelsrecht Gesellschaftsrecht; Zivilverfahrensrecht,1
Berufsrecht Steuerberater; Berufsrecht Rechtsanwälte; EDV-Recht; Zivilverfahrensrecht; EDV-Recht,1
Lohnsteuer; Einkommensteuer/Lohnsteuer/Kirchensteuer; Insolvenzrecht; Verfahrensrecht/Abgabenordnung; Handelsrecht Gesellschaftsrecht,1
Arbeitsrecht; Landwirtschaftsrecht; Neue Bundesländer,1
Familienrecht; Sozialrecht; Arbeitsrecht,1
Berufsrecht Rechtsanwälte; Miete Pacht; Schadensersatz; SchuldrechtAT; BGBAT; Schuldverhältnisse; Schadensersatz; SchuldrechtAT; BGBAT; Schuldverhältnisse,1
Handelsrecht Gesellschaftsrecht; Zivilverfahrensrecht; Schadensersatz; SchuldrechtAT,1
BGBAT; SchuldrechtAT; Zivilverfahrensrecht; Neue Bundesländer,1
SchuldrechtAT; Handelsrecht Gesellschaftsrecht; Familienrecht; Zivilverfahrensrecht,1
Berufsrecht Steuerberater; BGBAT; SchuldrechtAT; Schadensersatz; BGBAT; SchuldrechtAT; Schadensersatz,1
Verfahrensrecht/Abgabenordnung; Zivilverfahrensrecht; Berufsrecht Rechtsanwälte; BGBAT,1
Werkvertrag; Werkvertrag; Wohnungseigentum,1
Zivilverfahrensrecht; Schadensersatz; Berufsrecht Steuerberater,1
Familienrecht; Schuldverhältnisse; ELWI-FAMR,1
Bankrecht Kreditrecht; Berufsrecht Steuerberater,1
Einkommensteuer/Lohnsteuer/Kirchensteuer; Sozialversicherungsrecht; Lohnsteuer; Sozialrecht; Arbeitsrecht; Steuerstrafrecht,1
Rechnungslegung; Miete Pacht,1
Miete Pacht; Miete Pacht; Rechnungslegung; Erbschaft Schenkung; Erbschaftsteuer,1
Strafrecht; Umsatzsteuer; Steuerstrafrecht; Verfahrensrecht/Abgabenordnung,1
SchuldrechtAT; Bankrecht Kreditrecht; Schadensersatz; BGBAT,1
Schadensersatz; Schadensersatz; ELWI-STAP; ELWI-STAP,1
EU-Recht; Ausländisches Recht; Ausländisches Steuerrecht,1
Versicherungsrecht; Versicherungsrecht; SchuldrechtAT,1
EDV-Recht; SchuldrechtAT; Zivilverfahrensrecht; BGBAT,1
Steuerstrafrecht; BGBAT,1
"Miete Pacht; Umsatzsteuer; Bankrecht
Kreditrecht",1
"Zivilverfahrensrecht; EDV-Recht; Urheberrecht
Markenrecht Patentrecht",1
Kauf Tausch Leasing; Bankrecht Kreditrecht; BGBAT; Sachenrecht; Insolvenzrecht; Neue Bundesländer,1
BGBAT; SchuldrechtAT; Zivilverfahrensrecht; Bankrecht Kreditrecht,1
Schadensersatz; Bankrecht Kreditrecht; Familienrecht; Zivilverfahrensrecht,1
Sachenrecht; Handelsrecht Gesellschaftsrecht; Erbschaftsteuer,1
Berufsrecht Steuerberater; Rechnungslegung; BGBAT,1
Berufsrecht Rechtsanwälte; BGBAT; Handelsrecht Gesellschaftsrecht; BGBAT; Handelsrecht Gesellschaftsrecht,1
EU-Recht; SchuldrechtAT; Schuldverhältnisse,1
SchuldrechtAT; EDV-Recht; Arbeitsrecht; Handelsrecht Gesellschaftsrecht; Öffentliches Recht,1
Schadensersatz; Miete Pacht; Handelsrecht Gesellschaftsrecht; Miete Pacht; Handelsrecht Gesellschaftsrecht,1
Kauf Tausch Leasing; BGBAT; SchuldrechtAT; Zivilverfahrensrecht; Berufsrecht Rechtsanwälte,1
Kauf Tausch Leasing; Insolvenzrecht; SchuldrechtAT,1
Handelsrecht Gesellschaftsrecht; Schadensersatz; SchuldrechtAT; Schuldverhältnisse; Bankrecht Kreditrecht; Handelsrecht Gesellschaftsrecht; Schadensersatz; SchuldrechtAT; Schuldverhältnisse; Bankrecht Kreditrecht,1
Sozialversicherungsrecht; Schadensersatz; Reisevertrag,1
Insolvenzrecht; BGBAT; Schadensersatz; SchuldrechtAT; Verfahrensrecht/Abgabenordnung,1
SchuldrechtAT; Schadensersatz; Zivilverfahrensrecht; Bankrecht Kreditrecht,1
Bankrecht Kreditrecht; Schuldverhältnisse; Familienrecht,1
EU-Recht; SchuldrechtAT; Kauf Tausch Leasing; Zivilverfahrensrecht,1
Bankrecht Kreditrecht; SchuldrechtAT; BGBAT; Schadensersatz; Zivilverfahrensrecht,1
SchuldrechtAT; Strafrecht; Urheberrecht Markenrecht Patentrecht; EDV-Recht,1
Wettbewerbsrecht Kartellrecht; EDV-Recht; SchuldrechtAT; Zivilverfahrensrecht; Urheberrecht Markenrecht Patentrecht; Berufsrecht Rechtsanwälte,1
Miete Pacht; BGBAT; Schadensersatz; SchuldrechtAT; Kauf Tausch Leasing,1
Insolvenzrecht; Berufsrecht Rechtsanwälte; Schadensersatz; Zivilverfahrensrecht,1
SchuldrechtAT; Schadensersatz; Bankrecht Kreditrecht; Sachenrecht,1
Erbschaftsteuer; Verfahrensrecht/Abgabenordnung,1
Schuldverhältnisse; Bankrecht Kreditrecht; Arbeitsrecht; Berufsrecht Rechtsanwälte,1
Zivilverfahrensrecht; EDV-Recht; SchuldrechtAT,1
Strafrecht; Steuerliche Förderungsgesetze; Steuerstrafrecht; Steuerstrafrecht,1
Kauf Tausch Leasing; Erbschaft Schenkung; SchuldrechtAT; Neue Bundesländer,1
Schadensersatz; SchuldrechtAT; Berufsrecht Steuerberater; Berufsrecht Steuerberater,1
SchuldrechtAT; Schadensersatz; Miete Pacht; Schuldverhältnisse; Zivilverfahrensrecht,1
EU-Recht; Schuldverhältnisse,1
Zivilverfahrensrecht; Handelsrecht Gesellschaftsrecht; Schadensersatz; Bankrecht Kreditrecht; Sachenrecht,1
Zivilverfahrensrecht; ELWI-STAP,1
Insolvenzrecht; Umsatzsteuer; Berufsrecht Rechtsanwälte; Zivilverfahrensrecht,1
EDV-Recht; Berufsrecht Rechtsanwälte; Zivilverfahrensrecht; Schadensersatz,1
Verfahrensrecht/Abgabenordnung; EU-Recht,1
EU-Recht; SchuldrechtAT; Versicherungsrecht,1
Schadensersatz; Zivilverfahrensrecht; EDV-Recht; Wettbewerbsrecht Kartellrecht,1
BGBAT; SchuldrechtAT; Handelsrecht Gesellschaftsrecht; Bankrecht Kreditrecht; Sachenrecht; Neue Bundesländer,1
Berufsrecht Rechtsanwälte; Bankrecht Kreditrecht; BGBAT; SchuldrechtAT,1
BGBAT; SchuldrechtAT; Handelsrecht Gesellschaftsrecht; EDV-Recht,1
"SchuldrechtAT; Familienrecht; Bankrecht
Kreditrecht",1
Kauf Tausch Leasing; Erbschaft Schenkung; SchuldrechtAT,1
Bankrecht Kreditrecht; SchuldrechtAT; BGBAT; Wettbewerbsrecht Kartellrecht,1
BGBAT; Sachenrecht; Bankrecht Kreditrecht; Zivilverfahrensrecht,1
Verfahrensrecht/Abgabenordnung; Steuerstrafrecht; Strafrecht; EDV-Recht,1
Zivilverfahrensrecht; Schadensersatz; Handelsrecht Gesellschaftsrecht,1
Sozialrecht; Sozialversicherungsrecht; Berufsrecht Rechtsanwälte; Arbeitsrecht,1
SchuldrechtAT; ELWI-FAMR; ELWI-FAMR,1
Handelsrecht Gesellschaftsrecht; Insolvenzrecht; Zivilverfahrensrecht,1
Berufsrecht Steuerberater; BGBAT; Bankrecht Kreditrecht,1
Erbschaft Schenkung; Handelsrecht Gesellschaftsrecht; Körperschaftsteuer,1
Miete Pacht; Miete Pacht; Landwirtschaftsrecht; Neue Bundesländer; BGBAT,1
Schadensersatz; Berufsrecht Rechtsanwälte; SchuldrechtAT; Miete Pacht,1
Erbschaft Schenkung; Bankrecht Kreditrecht; Insolvenzrecht,1
Neue Bundesländer; BGBAT; Bankrecht Kreditrecht,1
Sachenrecht; Familienrecht; Zivilverfahrensrecht; ELWI-Lohn,1
SchuldrechtAT; Bankrecht Kreditrecht; Handelsrecht Gesellschaftsrecht; Zivilverfahrensrecht; SchuldrechtAT; Bankrecht Kreditrecht; Handelsrecht Gesellschaftsrecht; Zivilverfahrensrecht,1
Schadensersatz; Erbschaftsteuer; Handelsrecht Gesellschaftsrecht; Erbschaft Schenkung,1
Lohnsteuer; Berufsrecht Steuerberater,1
Verfahrensrecht/Abgabenordnung; Zivilverfahrensrecht; ELWI-Lohn,1
Wettbewerbsrecht Kartellrecht; Handelsrecht Gesellschaftsrecht; Kauf Tausch Leasing,1
Kauf Tausch Leasing; BGBAT; Öffentliches Recht,1
Handelsrecht Gesellschaftsrecht; Schuldverhältnisse; Familienrecht; Info; ELWI-FAMR; ELWI-FAMR,1
Grunderwerbsteuer; Berufsrecht Rechtsanwälte; Schadensersatz,1
Handelsrecht Gesellschaftsrecht; Arbeitsrecht; Insolvenzrecht,1
Schadensersatz; Handelsrecht Gesellschaftsrecht; Erbschaftsteuer; Erbschaft Schenkung,1
Zivilverfahrensrecht; EDV-Recht; Handelsrecht Gesellschaftsrecht,1
Verfahrensrecht/Abgabenordnung; Zivilverfahrensrecht; Schuldverhältnisse,1
EDV-Recht; Urheberrecht Markenrecht Patentrecht; BGBAT,1
Öffentliches Recht; Verfahrensrecht/Abgabenordnung; Steuerstrafrecht,1
Handelsrecht Gesellschaftsrecht; Sachenrecht; Erbschaft Schenkung,1
Rechnungslegung; Einkommensteuer/Lohnsteuer/Kirchensteuer; Körperschaftsteuer; Steuerstrafrecht; Verfahrensrecht/Abgabenordnung; Handelsrecht Gesellschaftsrecht,1
Berufsrecht Rechtsanwälte; Erbschaft Schenkung; Erbschaftsteuer; ELWI-FAMR,1
Bankrecht Kreditrecht; Berufsrecht Rechtsanwälte; SchuldrechtAT; Schuldverhältnisse,1
Rechnungslegung; Einkommensteuer/Lohnsteuer/Kirchensteuer; Erbschaftsteuer; Grunderwerbsteuer; Umsatzsteuer; Körperschaftsteuer; Gewerbesteuer; Verfahrensrecht/Abgabenordnung,1
Berufsrecht Rechtsanwälte; Berufsrecht; Zivilverfahrensrecht,1
Miete Pacht; Wohnungseigentum; SchuldrechtAT,1
Insolvenzrecht; BGBAT; Kauf Tausch Leasing; Insolvenzrecht; BGBAT; Kauf Tausch Leasing,1
Erbschaft Schenkung; Erbschaftsteuer; Sachenrecht; SchuldrechtAT; Schuldverhältnisse; Neue Bundesländer,1
Einkommensteuer/Lohnsteuer/Kirchensteuer; Rechnungslegung; Steuerstrafrecht; Verfahrensrecht/Abgabenordnung,1
Berufsrecht Rechtsanwälte; Insolvenzrecht; Werkvertrag; SchuldrechtAT,1
EDV-Recht; Schuldverhältnisse,1
Insolvenzrecht; Bankrecht Kreditrecht; Schadensersatz,1
SchuldrechtAT; Einkommensteuer/Lohnsteuer/Kirchensteuer; ELWI-FAMR; ELWI-FAMR; ELWI-FAMR; ELWI-FAMR,1
Bankrecht Kreditrecht; Berufsrecht Rechtsanwälte; Berufsrecht Steuerberater; Wirtschaftsprüfung; SchuldrechtAT,1
Kauf Tausch Leasing; Erbschaft Schenkung; BGBAT; ELWI-FAMR,1
Sozialversicherungsrecht; Zivilverfahrensrecht; Sozialrecht; Insolvenzrecht,1
Berufsrecht Rechtsanwälte; Berufsrecht Steuerberater; Arbeitsrecht,1
Bankrecht Kreditrecht; SchuldrechtAT; Insolvenzrecht; Wohnungseigentum,1
Berufsrecht Rechtsanwälte; BGBAT; Schuldverhältnisse; Handelsrecht Gesellschaftsrecht; Bankrecht Kreditrecht; Zivilverfahrensrecht,1
Insolvenzrecht; Familienrecht; ELWI-FAMR,1
Insolvenzrecht; Strafrecht; Berufsrecht Rechtsanwälte,1
Berufsrecht Steuerberater; Steuerstrafrecht,1
EDV-Recht; Öffentliches Recht; BGBAT,1
Sachenrecht; Handelsrecht Gesellschaftsrecht; Insolvenzrecht,1
Familienrecht; Sachenrecht; ELWI-FAMR,1
Schadensersatz; Zivilverfahrensrecht; Verfahrensrecht/Abgabenordnung,1
Kauf Tausch Leasing; Zivilverfahrensrecht; Bankrecht Kreditrecht,1
Handelsrecht Gesellschaftsrecht; Bankrecht Kreditrecht; Wirtschaftsprüfung,1
Berufsrecht Rechtsanwälte; Berufsrecht Steuerberater; Schadensersatz; Zivilverfahrensrecht,1
Erbschaft Schenkung; Erbschaftsteuer; BGBAT; Erbschaftsteuer; Erbschaftsteuer,1
Wettbewerbsrecht Kartellrecht; EDV-Recht; Schadensersatz,1
Sozialversicherungsrecht; Berufsrecht Steuerberater; Schadensersatz; SchuldrechtAT,1
Gewerbesteuer; Einkommensteuer/Lohnsteuer/Kirchensteuer; Einkommensteuer/Lohnsteuer/Kirchensteuer,1
Umsatzsteuer; Rechnungslegung; Einkommensteuer/Lohnsteuer/Kirchensteuer; Verfahrensrecht/Abgabenordnung; Körperschaftsteuer; Gewerbesteuer,1
Kauf Tausch Leasing; Bankrecht Kreditrecht; Insolvenzrecht; Schadensersatz; Sachenrecht,1
Urheberrecht Markenrecht Patentrecht; Zivilverfahrensrecht; Öffentliches Recht,1
BGBAT; Wirtschaftsprüfung; Handelsrecht Gesellschaftsrecht,1
Strafrecht; Strafrecht; ELWI-STAP,1
Familienrecht; EDV-Recht,1
EU-Recht; Kauf Tausch Leasing; Wettbewerbsrecht Kartellrecht; Arbeitsrecht; Sozialrecht; Sozialversicherungsrecht; Kauf Tausch Leasing; SchuldrechtAT; Schuldverhältnisse; Öffentliches Recht; Sonstiges Steuerrecht,1
Insolvenzrecht; Berufsrecht Rechtsanwälte; Zivilverfahrensrecht; Handelsrecht Gesellschaftsrecht,1
Urheberrecht Markenrecht Patentrecht; Wettbewerbsrecht Kartellrecht; EU-Recht,1
Schadensersatz; Sachenrecht; Miete Pacht,1
Insolvenzrecht; Urheberrecht Markenrecht Patentrecht; Schuldverhältnisse,1
Insolvenzrecht; SchuldrechtAT; Schuldverhältnisse,1
Bankrecht Kreditrecht; Wettbewerbsrecht Kartellrecht; Wettbewerbsrecht Kartellrecht,1
SchuldrechtAT; EDV-Recht; Werkvertrag; EDV-Recht,1
Zivilverfahrensrecht; ELWI-FAMR; Familienrecht,1
Bankrecht Kreditrecht; Strafrecht; Rechnungslegung; EU-Recht,1
Urheberrecht Markenrecht Patentrecht; Zivilverfahrensrecht; Schadensersatz; EDV-Recht,1
Bankrecht Kreditrecht; BGBAT; Wettbewerbsrecht Kartellrecht,1
Erbschaft Schenkung; Erbschaftsteuer; Landwirtschaftsrecht; Sachenrecht,1
BGBAT; SchuldrechtAT; Schadensersatz; Insolvenzrecht; ELWI-FAMR,1
"Schadensersatz; SchuldrechtAT; Berufsrecht
Rechtsanwälte",1
Erbschaft Schenkung; Sonstiges Recht,1
BGBAT; SchuldrechtAT; Berufsrecht Rechtsanwälte; Versicherungsrecht,1
Schadensersatz; SchuldrechtAT; Schuldverhältnisse; Arbeitsrecht,1
Kauf Tausch Leasing; Insolvenzrecht; Kauf Tausch Leasing; Insolvenzrecht,1
Rechnungslegung; Wirtschaftsprüfung; Schadensersatz; Handelsrecht Gesellschaftsrecht; SchuldrechtAT,1
Berufsrecht Rechtsanwälte; Schuldverhältnisse; Schadensersatz; SchuldrechtAT; Erbschaftsteuer; Erbschaft Schenkung; Zivilverfahrensrecht; Schuldverhältnisse; Schadensersatz; SchuldrechtAT; Erbschaftsteuer; Erbschaft Schenkung; Zivilverfahrensrecht,1
Kauf Tausch Leasing; Sachenrecht; Erbschaft Schenkung; Erbschaftsteuer; SchuldrechtAT; Erbschaftsteuer,1
Schadensersatz; SchuldrechtAT; Handelsrecht Gesellschaftsrecht; Zivilverfahrensrecht; Schadensersatz; SchuldrechtAT; Handelsrecht Gesellschaftsrecht; Zivilverfahrensrecht,1
Bankrecht Kreditrecht; EU-Recht; Öffentliches Recht,1
Kauf Tausch Leasing; SchuldrechtAT; Schuldverhältnisse,1
Sozialversicherungsrecht; Insolvenzrecht; Berufsrecht Rechtsanwälte; SchuldrechtAT,1
Sozialversicherungsrecht; Insolvenzrecht; Sozialrecht,1
Erbschaft Schenkung; SchuldrechtAT; Zivilverfahrensrecht; ELWI-FAMR; ELWI-FAMR,1
Einkommensteuer/Lohnsteuer/Kirchensteuer; Insolvenzrecht,1
"Strafrecht; Berufsrecht
Rechtsanwälte",1
Berufsrecht Rechtsanwälte; BGBAT; Kauf Tausch Leasing; Werkvertrag; BGBAT; Kauf Tausch Leasing; Werkvertrag,1
Versicherungsrecht; BGBAT; SchuldrechtAT; Verfahrensrecht/Abgabenordnung,1
Umsatzsteuer; Insolvenzrecht; Berufsrecht Rechtsanwälte,1
EDV-Recht; SchuldrechtAT; Bankrecht Kreditrecht; Schadensersatz,1
Bankrecht Kreditrecht; Insolvenzrecht; Neue Bundesländer; Sachenrecht; EDV-Recht,1
EDV-Recht; Zivilverfahrensrecht; Wettbewerbsrecht Kartellrecht; Urheberrecht Markenrecht Patentrecht,1
Insolvenzrecht; Bankrecht Kreditrecht; SchuldrechtAT; Bankrecht Kreditrecht; SchuldrechtAT,1
SchuldrechtAT; Wettbewerbsrecht Kartellrecht; SchuldrechtAT; Wettbewerbsrecht Kartellrecht,1
SchuldrechtAT; Schuldverhältnisse; Werkvertrag,1
Außensteuerrecht; Doppelbesteuerungsabkommen,1
Kauf Tausch Leasing; Sachenrecht; Neue Bundesländer; BGBAT; Zivilverfahrensrecht,1
Handelsrecht Gesellschaftsrecht; Wirtschaftsprüfung,1
Bankrecht Kreditrecht; Handelsrecht Gesellschaftsrecht; Schadensersatz; SchuldrechtAT; Schuldverhältnisse; Versicherungsrecht,1
Schadensersatz; Wohnungseigentum; Werkvertrag,1
Umsatzsteuer; Schadensersatz; Schuldverhältnisse,1
Sachenrecht; Insolvenzrecht; SchuldrechtAT; Bankrecht Kreditrecht; Insolvenzrecht; SchuldrechtAT; Bankrecht Kreditrecht,1
Insolvenzrecht; Berufsrecht Rechtsanwälte; EDV-Recht; Urheberrecht Markenrecht Patentrecht,1
BGBAT; SchuldrechtAT; Arbeitsrecht,1
Zivilverfahrensrecht; Erbschaft Schenkung; EDV-Recht,1
Sachenrecht; Miete Pacht,1
Werkvertrag; Bankrecht Kreditrecht; SchuldrechtAT,1
"Schuldverhältnisse; Berufsrecht
Steuerberater",1
Steuerstrafrecht; Einkommensteuer/Lohnsteuer/Kirchensteuer; Körperschaftsteuer,1
Bankrecht Kreditrecht; Sozialrecht; Sozialversicherungsrecht,1
Urheberrecht Markenrecht Patentrecht; Werkvertrag,1
Kauf Tausch Leasing; Sachenrecht; Insolvenzrecht; Kauf Tausch Leasing; Sachenrecht; Insolvenzrecht,1
Sachenrecht; BGBAT; Schadensersatz; Handelsrecht Gesellschaftsrecht,1
Berufsrecht Rechtsanwälte; Insolvenzrecht; Handelsrecht Gesellschaftsrecht; Schadensersatz; Zivilverfahrensrecht,1
Schadensersatz; Wohnungseigentum; Insolvenzrecht; Wohnungseigentum; Insolvenzrecht,1
EU-Recht; EDV-Recht; Zivilverfahrensrecht; Schadensersatz,1
Neue Bundesländer; Sachenrecht; BGBAT; Schadensersatz,1
Handelsrecht Gesellschaftsrecht; SchuldrechtAT; Schuldverhältnisse; BGBAT,1
Schadensersatz; Arbeitsrecht; Insolvenzrecht; Zivilverfahrensrecht; Wirtschaftsprüfung,1
Berufsrecht Steuerberater; Körperschaftsteuer; Steuerstrafrecht; ELWI-STAP; ELWI-STAP,1
Sozialrecht; Sozialversicherungsrecht; Neue Bundesländer,1
Insolvenzrecht; Sachenrecht; Insolvenzrecht; Sachenrecht,1
Berufsrecht Steuerberater; Gewerbesteuer,1
Berufsrecht Rechtsanwälte; Schadensersatz; Zivilverfahrensrecht; Bankrecht Kreditrecht; Sachenrecht,1
Berufsrecht Rechtsanwälte; Berufsrecht Steuerberater; BGBAT; Schadensersatz; Wirtschaftsprüfung; Bankrecht Kreditrecht,1
Zivilverfahrensrecht; BGBAT; SchuldrechtAT; Familienrecht; Info; ELWI-FAMR,1
Kauf Tausch Leasing; SchuldrechtAT; EU-Recht,1
Bankrecht Kreditrecht; Urheberrecht Markenrecht Patentrecht; Zivilverfahrensrecht,1
Steuerliche Förderungsgesetze; BGBAT,1
Miete Pacht; Sozialrecht,1
Schadensersatz; SchuldrechtAT; Umsatzsteuer; Versicherungsrecht,1
Schadensersatz; Sozialrecht; Öffentliches Recht,1
Handelsrecht Gesellschaftsrecht; SchuldrechtAT; Zivilverfahrensrecht; SchuldrechtAT; Zivilverfahrensrecht,1
Erbschaft Schenkung; BGBAT; Familienrecht; Zivilverfahrensrecht,1
BGBAT; SchuldrechtAT; EU-Recht,1
SchuldrechtAT; BGBAT; ELWI-FAMR,1
Erbschaft Schenkung; Werkvertrag; Familienrecht; ELWI-FAMR; ELWI-FAMR,1
Öffentliches Recht; EDV-Recht; EU-Recht,1
Kauf Tausch Leasing; Berufsrecht Rechtsanwälte; BGBAT; Zivilverfahrensrecht,1
Urheberrecht Markenrecht Patentrecht; Schadensersatz; Zivilverfahrensrecht; SchuldrechtAT,1
Erbschaft Schenkung; Erbschaftsteuer; Miete Pacht; BGBAT,1
Kauf Tausch Leasing; LEXPUB,1
Sachenrecht; Zivilverfahrensrecht; Berufsrecht Rechtsanwälte; Handelsrecht Gesellschaftsrecht,1
Wettbewerbsrecht Kartellrecht; BGBAT; SchuldrechtAT,1
Lohnsteuer; Einkommensteuer/Lohnsteuer/Kirchensteuer; Erbschaft Schenkung,1
Schuldverhältnisse; BGBAT; Bankrecht Kreditrecht; EU-Recht,1
Berufsrecht Steuerberater; Berufsrecht Rechtsanwälte; Öffentliches Recht,1
Kauf Tausch Leasing; Bankrecht Kreditrecht; Zivilverfahrensrecht; SchuldrechtAT; BGBAT,1
Handelsrecht Gesellschaftsrecht; EDV-Recht; SchuldrechtAT; Schadensersatz; Zivilverfahrensrecht,1
SchuldrechtAT; BGBAT; SchuldrechtAT; BGBAT,1
Werkvertrag; Kauf Tausch Leasing; Werkvertrag; Kauf Tausch Leasing,1
Erbschaft Schenkung; ELWI-FAMR; ELWI-FAMR,1
BGBAT; Werkvertrag; Schadensersatz; SchuldrechtAT,1
Bankrecht Kreditrecht; SchuldrechtAT; Schadensersatz; ELWI-Lohn,1
Umsatzsteuer; Verfahrensrecht/Abgabenordnung; Zivilverfahrensrecht; ELWI-REWE,1
Werkvertrag; SchuldrechtAT; Kauf Tausch Leasing; Werkvertrag; Wohnungseigentum,1
Berufsrecht Rechtsanwälte; Zivilverfahrensrecht; Erbschaft Schenkung,1
Bankrecht Kreditrecht; Sachenrecht; Familienrecht,1
Öffentliches Recht; Strafrecht; EU-Recht,1
Erbschaft Schenkung; SchuldrechtAT; Bankrecht Kreditrecht; Handelsrecht Gesellschaftsrecht,1
Miete Pacht; Miete Pacht; Insolvenzrecht; Zivilverfahrensrecht,1
Sachenrecht; Bankrecht Kreditrecht; Handelsrecht Gesellschaftsrecht; SchuldrechtAT,1
Erbschaft Schenkung; Erbschaftsteuer; Sachenrecht; Zivilverfahrensrecht; Erbschaftsteuer,1
Kauf Tausch Leasing; Umsatzsteuer,1
Berufsrecht Rechtsanwälte; Strafrecht; Versicherungsrecht,1
Handelsrecht Gesellschaftsrecht; Zivilverfahrensrecht; Schadensersatz; SchuldrechtAT; Zivilverfahrensrecht; Schadensersatz; SchuldrechtAT,1
Berufsrecht Rechtsanwälte; Familienrecht; Strafrecht,1
Berufsrecht Rechtsanwälte; Insolvenzrecht; Schadensersatz; SchuldrechtAT; Bankrecht Kreditrecht; Schadensersatz; SchuldrechtAT; Bankrecht Kreditrecht,1
Schadensersatz; Familienrecht; BGBAT,1
Zivilverfahrensrecht; Miete Pacht; Sachenrecht,1
Strafrecht; Handelsrecht Gesellschaftsrecht; Zivilverfahrensrecht,1
EDV-Recht; SchuldrechtAT; Info,1
Landwirtschaftsrecht; Familienrecht,1
Rechnungslegung; Insolvenzrecht; Bankrecht Kreditrecht,1
Öffentliches Recht; Neue Bundesländer,1
BGBAT; Bankrecht Kreditrecht; Handelsrecht Gesellschaftsrecht,1
Steuerliche Förderungsgesetze,1
Schadensersatz; EDV-Recht; Urheberrecht Markenrecht Patentrecht; Zivilverfahrensrecht; EDV-Recht,1
Urheberrecht Markenrecht Patentrecht; Schadensersatz; Urheberrecht Markenrecht Patentrecht; Schadensersatz,1
Verfahrensrecht/Abgabenordnung; Zivilverfahrensrecht; SchuldrechtAT; Schuldverhältnisse; Bankrecht Kreditrecht; Handelsrecht Gesellschaftsrecht,1
BGBAT; Bankrecht Kreditrecht; Familienrecht; ELWI-FAMR,1
Berufsrecht Steuerberater; Berufsrecht Rechtsanwälte; Umsatzsteuer,1
Zivilverfahrensrecht; Bankrecht Kreditrecht; SchuldrechtAT; ELWI-FAMR,1
Insolvenzrecht; Werkvertrag; Schuldverhältnisse,1
BGBAT; Schadensersatz; Schuldverhältnisse,1
Berufsrecht Rechtsanwälte; Berufsrecht Steuerberater; Wirtschaftsprüfung; Insolvenzrecht,1
Zollrecht; ELWI-STAP; EU-Recht; ELWI-STAP; Steuerstrafrecht; ELWI-STAP; Verbrauchsteuern; ELWI-STAP,1
BGBAT; SchuldrechtAT; Schuldverhältnisse; EDV-Recht,1
Kauf Tausch Leasing; Berufsrecht Rechtsanwälte; Sachenrecht; Zivilverfahrensrecht,1
Handelsrecht Gesellschaftsrecht; Handelsrecht Gesellschaftsrecht; Arbeitsrecht,1
Neue Bundesländer; Erbschaft Schenkung; Erbschaftsteuer; ELWI-FAMR,1
Schadensersatz; SchuldrechtAT; Kauf Tausch Leasing; Miete Pacht,1
Schadensersatz; Insolvenzrecht; Handelsrecht Gesellschaftsrecht; SchuldrechtAT; Insolvenzrecht; Handelsrecht Gesellschaftsrecht; SchuldrechtAT,1
EDV-Recht; Öffentliches Recht; Berufsrecht Rechtsanwälte,1
Versicherungsrecht; Schadensersatz; Werkvertrag,1
Miete Pacht; Erbschaft Schenkung; BGBAT; Zivilverfahrensrecht,1
Berufsrecht Rechtsanwälte; Rechnungslegung; Schadensersatz; Handelsrecht Gesellschaftsrecht,1
Einkommensteuer/Lohnsteuer/Kirchensteuer; Lohnsteuer; Körperschaftsteuer; Erbschaftsteuer,1
Schuldverhältnisse; Familienrecht; Zivilverfahrensrecht,1
Wettbewerbsrecht Kartellrecht; Berufsrecht Rechtsanwälte; Berufsrecht Rechtsanwälte,1
Werkvertrag; Miete Pacht,1
Schadensersatz; BGBAT; SchuldrechtAT; Werkvertrag,1
Sachenrecht; Zivilverfahrensrecht; Versicherungsrecht; Handelsrecht Gesellschaftsrecht,1
Zivilverfahrensrecht; Schadensersatz; SchuldrechtAT; Bankrecht Kreditrecht; Sachenrecht; Zivilverfahrensrecht; Schadensersatz; SchuldrechtAT; Bankrecht Kreditrecht; Sachenrecht,1
Kauf Tausch Leasing; Bankrecht Kreditrecht; BGBAT; SchuldrechtAT; Schadensersatz,1
Sachenrecht; Miete Pacht; Wohnungseigentum,1
Bankrecht Kreditrecht; BGBAT; Zivilverfahrensrecht; Schadensersatz,1
Sozialrecht; Zollrecht; Doppelbesteuerungsabkommen; Insolvenzrecht,1
Wohnungseigentum; Handelsrecht Gesellschaftsrecht; Handelsrecht Gesellschaftsrecht,1
Schadensersatz; Miete Pacht; Schuldverhältnisse; Kauf Tausch Leasing,1
Schadensersatz; SchuldrechtAT; Schuldverhältnisse; Erbschaft Schenkung; BGBAT; Sozialrecht,1
Handelsrecht Gesellschaftsrecht; Zivilverfahrensrecht; Schadensersatz; Handelsrecht Gesellschaftsrecht; Zivilverfahrensrecht; Schadensersatz,1
Urheberrecht Markenrecht Patentrecht; Strafrecht; Verfahrensrecht/Abgabenordnung,1
Strafrecht; Miete Pacht,1
Erbschaft Schenkung; Erbschaftsteuer; Zivilverfahrensrecht; Sachenrecht,1
Zivilverfahrensrecht; Strafrecht; Wettbewerbsrecht Kartellrecht,1
Rechnungslegung; Wirtschaftsprüfung; Handelsrecht Gesellschaftsrecht; Handelsrecht Gesellschaftsrecht,1
Familienrecht; Zivilverfahrensrecht; Familienrecht; Zivilverfahrensrecht; ELWI-FAMR,1
Miete Pacht; Bankrecht Kreditrecht; Schadensersatz; SchuldrechtAT,1
Familienrecht; BGBAT; Neue Bundesländer; ELWI-FAMR,1
Miete Pacht; BGBAT; SchuldrechtAT; Sachenrecht; Neue Bundesländer,1
Berufsrecht Rechtsanwälte; Urheberrecht Markenrecht Patentrecht; Schadensersatz; Zivilverfahrensrecht,1
Schadensersatz; Handelsrecht Gesellschaftsrecht; Erbschaft Schenkung; Erbschaftsteuer,1
Versicherungsrecht; Insolvenzrecht; Arbeitsrecht; ELWI-Lohn,1
Arbeitsrecht; BGBAT; Werkvertrag; Zivilverfahrensrecht,1
Erbschaft Schenkung; SchuldrechtAT; Erbschaftsteuer; Schuldverhältnisse,1
Berufsrecht Rechtsanwälte; Berufsrecht Steuerberater; Handelsrecht Gesellschaftsrecht; SchuldrechtAT,1
Landwirtschaftsrecht; Landwirtschaftsrecht; Erbschaft Schenkung,1
Berufsrecht Rechtsanwälte; Schadensersatz; BGBAT; Bankrecht Kreditrecht,1
Berufsrecht Rechtsanwälte; SchuldrechtAT; Sachenrecht,1
Miete Pacht; SchuldrechtAT; Öffentliches Recht,1
Verfahrensrecht/Abgabenordnung; Einkommensteuer/Lohnsteuer/Kirchensteuer; Körperschaftsteuer; Erbschaftsteuer,1
SchuldrechtAT; Schadensersatz; Sachenrecht,1
Wohnungseigentum; Handelsrecht Gesellschaftsrecht; BGBAT,1
SchuldrechtAT; Zivilverfahrensrecht; Schuldverhältnisse; BGBAT; Schadensersatz,1
EU-Recht; Körperschaftsteuer,1
Werkvertrag; Zivilverfahrensrecht; BGBAT,1
Erbschaftsteuer; Außensteuerrecht,1
SchuldrechtAT; Versicherungsrecht; Bankrecht Kreditrecht,1
Handelsrecht Gesellschaftsrecht; BGBAT; Insolvenzrecht; Handelsrecht Gesellschaftsrecht; BGBAT; Insolvenzrecht,1
Sozialversicherungsrecht; Sozialrecht; Zivilverfahrensrecht; Schuldverhältnisse; Schadensersatz; SchuldrechtAT,1
Zivilverfahrensrecht; Sozialrecht; Sozialversicherungsrecht; Neue Bundesländer,1
Familienrecht; Versicherungsrecht; Zivilverfahrensrecht,1
SchuldrechtAT; Familienrecht; SchuldrechtAT; Familienrecht; ELWI-FAMR,1
Bankrecht Kreditrecht; Schadensersatz; Werkvertrag,1
Insolvenzrecht; Strafrecht; Verfahrensrecht/Abgabenordnung,1
Schadensersatz; Bankrecht Kreditrecht; Einkommensteuer/Lohnsteuer/Kirchensteuer,1
Schadensersatz; Neue Bundesländer; SchuldrechtAT,1
Gewerbesteuer; Bankrecht Kreditrecht; EU-Recht,1
Schadensersatz; SchuldrechtAT; EDV-Recht; Öffentliches Recht,1
Verfahrensrecht/Abgabenordnung; Zivilverfahrensrecht; SchuldrechtAT,1
Zivilverfahrensrecht; Insolvenzrecht; SchuldrechtAT; Zivilverfahrensrecht; Insolvenzrecht; SchuldrechtAT,1
Ausländisches Recht; Bankrecht Kreditrecht,1
EU-Recht; Handelsrecht Gesellschaftsrecht; Zivilverfahrensrecht,1
EU-Recht; Insolvenzrecht; Bankrecht Kreditrecht,1
Sachenrecht; Miete Pacht; Zivilverfahrensrecht; Insolvenzrecht; Miete Pacht; Zivilverfahrensrecht; Insolvenzrecht,1
Berufsrecht Rechtsanwälte; Miete Pacht; Schuldverhältnisse,1
Insolvenzrecht; SchuldrechtAT; Bankrecht Kreditrecht; Sachenrecht; Insolvenzrecht; SchuldrechtAT; Bankrecht Kreditrecht; Sachenrecht,1
SchuldrechtAT; Familienrecht; BGBAT; Schuldverhältnisse; ELWI-FAMR,1
Berufsrecht Steuerberater; Steuerliche Betriebsprüfung; Zivilverfahrensrecht; Zivilverfahrensrecht,1
Strafrecht; Verfahrensrecht/Abgabenordnung; Zivilverfahrensrecht,1
Bankrecht Kreditrecht; Sachenrecht; Zivilverfahrensrecht; Öffentliches Recht,1
Einkommensteuer/Lohnsteuer/Kirchensteuer; Grunderwerbsteuer; Erbschaftsteuer,1
Berufsrecht Rechtsanwälte; Miete Pacht; Zivilverfahrensrecht; Insolvenzrecht; Wohnungseigentum; Zivilverfahrensrecht; Insolvenzrecht; Wohnungseigentum,1
Steuerstrafrecht; Insolvenzrecht; Verfahrensrecht/Abgabenordnung; Schadensersatz,1
Berufsrecht Steuerberater; Schadensersatz; Handelsrecht Gesellschaftsrecht; Handelsrecht Gesellschaftsrecht,1
Zivilverfahrensrecht; Wettbewerbsrecht Kartellrecht; EDV-Recht,1
Zivilverfahrensrecht; Insolvenzrecht; Versicherungsrecht,1
EDV-Recht; Strafrecht; Verfahrensrecht/Abgabenordnung; Zollrecht,1
SchuldrechtAT; Bankrecht Kreditrecht; Wirtschaftsprüfung,1
Handelsrecht Gesellschaftsrecht; Handelsrecht Gesellschaftsrecht; Schadensersatz; SchuldrechtAT; SchuldrechtAT,1
Insolvenzrecht; Insolvenzrecht; SchuldrechtAT; Miete Pacht; Sachenrecht; Berufsrecht Rechtsanwälte,1
Strafrecht; Verfahrensrecht/Abgabenordnung; Öffentliches Recht; EDV-Recht,1
Reisevertrag; Schadensersatz; SchuldrechtAT; BGBAT; Gewerbesteuer,1
Familienrecht; Lohnsteuer; Einkommensteuer/Lohnsteuer/Kirchensteuer,1
Verfahrensrecht/Abgabenordnung; EU-Recht; Verfahrensrecht/Abgabenordnung,1
Handelsrecht Gesellschaftsrecht; SchuldrechtAT; SchuldrechtAT,1
Öffentliches Recht; Rechnungslegung; Wirtschaftsprüfung,1
Neue Bundesländer; Sachenrecht; Bankrecht Kreditrecht; SchuldrechtAT,1
Körperschaftsteuer; Einkommensteuer/Lohnsteuer/Kirchensteuer; Umsatzsteuer; Verfahrensrecht/Abgabenordnung,1
Steuerstrafrecht; EU-Recht; Zollrecht,1
Berufsrecht Rechtsanwälte; Schadensersatz; Kauf Tausch Leasing; BGBAT,1
Handelsrecht Gesellschaftsrecht; Bankrecht Kreditrecht; SchuldrechtAT; Schadensersatz; Bankrecht Kreditrecht; SchuldrechtAT; Schadensersatz,1
Zivilverfahrensrecht; EDV-Recht; Urheberrecht Markenrecht Patentrecht,1
Erbschaft Schenkung; Familienrecht; Erbschaftsteuer; Erbschaftsteuer; ELWI-FAMR,1
SchuldrechtAT; Strafrecht,1
Zivilverfahrensrecht; Schuldverhältnisse; Schadensersatz; Wohnungseigentum,1
Wettbewerbsrecht Kartellrecht; BGBAT; Familienrecht,1
Bankrecht Kreditrecht; SchuldrechtAT; Info,1
Sachenrecht; Bankrecht Kreditrecht; SchuldrechtAT; Versicherungsrecht,1
Familienrecht; Handelsrecht Gesellschaftsrecht; BGBAT,1
Schadensersatz; Bankrecht Kreditrecht; Zivilverfahrensrecht; Bankrecht Kreditrecht,1
Sozialversicherungsrecht; Lohnsteuer; Einkommensteuer/Lohnsteuer/Kirchensteuer; Versicherungsrecht,1
Kauf Tausch Leasing; Berufsrecht Rechtsanwälte; BGBAT; SchuldrechtAT; Schadensersatz,1
Schadensersatz; Wirtschaftsprüfung; SchuldrechtAT,1
Schadensersatz; Berufsrecht Steuerberater; Versicherungsrecht; BGBAT,1
Berufsrecht Steuerberater; Versicherungsrecht; SchuldrechtAT; Versicherungsrecht; SchuldrechtAT,1
Wirtschaftsprüfung; Berufsrecht Rechtsanwälte; Berufsrecht Steuerberater; Wettbewerbsrecht Kartellrecht,1
Sozialrecht; Schuldverhältnisse,1
Miete Pacht; Rechnungslegung; Wirtschaftsprüfung,1
Arbeitsrecht; Verfahrensrecht/Abgabenordnung,1
Berufsrecht Steuerberater; Schadensersatz; SchuldrechtAT; Werkvertrag; Schuldverhältnisse,1
EU-Recht; Schadensersatz; Zivilverfahrensrecht,1
Berufsrecht Rechtsanwälte; Insolvenzrecht; Strafrecht,1
Kauf Tausch Leasing; Werkvertrag; Schadensersatz,1
Berufsrecht Rechtsanwälte; Landwirtschaftsrecht; Zivilverfahrensrecht,1
Umsatzsteuer; Wettbewerbsrecht Kartellrecht; Kauf Tausch Leasing; EDV-Recht,1
BGBAT; Schadensersatz; Sachenrecht,1
Strafrecht; Handelsrecht Gesellschaftsrecht; Handelsrecht Gesellschaftsrecht,1
Erbschaft Schenkung; Einkommensteuer/Lohnsteuer/Kirchensteuer; Lohnsteuer; Lohnsteuer; Lohnsteuer; Sachenrecht; Insolvenzrecht; Zivilverfahrensrecht; Bankrecht Kreditrecht,1
EDV-Recht; Wettbewerbsrecht Kartellrecht; BGBAT,1
Insolvenzrecht; Berufsrecht Rechtsanwälte; Handelsrecht Gesellschaftsrecht; BGBAT; Schuldverhältnisse,1
Familienrecht; Erbschaft Schenkung; Arbeitsrecht; Rechnungslegung; Wirtschaftsprüfung; Handelsrecht Gesellschaftsrecht; Sozialrecht; Sozialversicherungsrecht; Öffentliches Recht,1
Wirtschaftsprüfung; Schadensersatz; Rechnungslegung; Insolvenzrecht; Handelsrecht Gesellschaftsrecht; BGBAT; SchuldrechtAT; Zivilverfahrensrecht; Insolvenzrecht; Handelsrecht Gesellschaftsrecht; BGBAT; SchuldrechtAT; Zivilverfahrensrecht,1
Berufsrecht Steuerberater; Berufsrecht Rechtsanwälte; Insolvenzrecht; Handelsrecht Gesellschaftsrecht; Rechnungslegung; Verfahrensrecht/Abgabenordnung,1
Zivilverfahrensrecht; Sachenrecht; BGBAT,1
EU-Recht; Steuerliche Förderungsgesetze,1
Schadensersatz; Schuldverhältnisse; BGBAT; Zivilverfahrensrecht; Bankrecht Kreditrecht,1
Berufsrecht Rechtsanwälte; Bankrecht Kreditrecht; Sachenrecht,1
Neue Bundesländer; SchuldrechtAT; Zivilverfahrensrecht; Familienrecht,1
Arbeitsrecht; Berufsrecht Rechtsanwälte; Schadensersatz; Familienrecht; Zivilverfahrensrecht; Schadensersatz; Familienrecht; Zivilverfahrensrecht; ELWI-FAMR; ELWI-Lohn,1
Berufsrecht Rechtsanwälte; BGBAT; SchuldrechtAT; Schadensersatz; Schuldverhältnisse; BGBAT; SchuldrechtAT; Schadensersatz; Schuldverhältnisse,1
Berufsrecht Rechtsanwälte; EU-Recht; Schadensersatz; Schuldverhältnisse,1
Bankrecht Kreditrecht; Handelsrecht Gesellschaftsrecht; Zivilverfahrensrecht; SchuldrechtAT,1
SchuldrechtAT; Versicherungsrecht; Miete Pacht,1
Zivilverfahrensrecht; Insolvenzrecht; Schadensersatz; Handelsrecht Gesellschaftsrecht,1
Schadensersatz; SchuldrechtAT; Handelsrecht Gesellschaftsrecht; Schadensersatz; SchuldrechtAT; Handelsrecht Gesellschaftsrecht,1
Einkommensteuer/Lohnsteuer/Kirchensteuer; Berufsrecht Rechtsanwälte; Schadensersatz; Schadensersatz,1
Versicherungsrecht; Kauf Tausch Leasing; SchuldrechtAT; Schadensersatz,1
Außensteuerrecht; Schadensersatz; Einkommensteuer/Lohnsteuer/Kirchensteuer; SchuldrechtAT; ELWI-Lohn,1
Kauf Tausch Leasing; Bankrecht Kreditrecht; BGBAT; Urheberrecht Markenrecht Patentrecht,1
Schadensersatz; Sachenrecht; Landwirtschaftsrecht; Neue Bundesländer,1
Berufsrecht Steuerberater; Rechnungslegung; Wirtschaftsprüfung; Wirtschaftsprüfung; Schadensersatz,1
EU-Recht; Versicherungsrecht; Zivilverfahrensrecht,1
Schadensersatz; Bankrecht Kreditrecht; ELWI-FAMR,1
Schadensersatz; Bankrecht Kreditrecht; BGBAT; SchuldrechtAT; ELWI-FAMR,1
Schuldverhältnisse; Wettbewerbsrecht Kartellrecht; Zivilverfahrensrecht,1
Doppelbesteuerungsabkommen; Kauf Tausch Leasing; Zivilverfahrensrecht,1
Erbschaftsteuer; Insolvenzrecht; Erbschaft Schenkung,1
Werkvertrag; Verfahrensrecht/Abgabenordnung; Zivilverfahrensrecht; Schadensersatz,1
Berufsrecht Rechtsanwälte; Schadensersatz; SchuldrechtAT; Zivilverfahrensrecht; SchuldrechtAT; Zivilverfahrensrecht,1
Handelsrecht Gesellschaftsrecht; Verfahrensrecht/Abgabenordnung; Insolvenzrecht,1
"BGBAT; SchuldrechtAT; Kauf
Tausch Leasing",1
Zivilverfahrensrecht; Zivilverfahrensrecht; EDV-Recht,1
Steuerstrafrecht; Handelsrecht Gesellschaftsrecht; BGBAT,1
Werkvertrag; Steuerliche Förderungsgesetze,1
Schadensersatz; Berufsrecht Steuerberater; BGBAT; Bankrecht Kreditrecht,1
Wettbewerbsrecht Kartellrecht; SchuldrechtAT; Berufsrecht Rechtsanwälte,1
Erbschaft Schenkung; Erbschaftsteuer; SchuldrechtAT; BGBAT; Zivilverfahrensrecht,1
Steuerstrafrecht; Kfz-Steuer,1
Berufsrecht Rechtsanwälte; Handelsrecht Gesellschaftsrecht; SchuldrechtAT; BGBAT; Bankrecht Kreditrecht,1
Zollrecht; Strafrecht; Steuerstrafrecht; ELWI-STAP,1
Schadensersatz; Schadensersatz; Kauf Tausch Leasing,1
Familienrecht; Erbschaftsteuer; Erbschaftsteuer,1
SchuldrechtAT; Arbeitsrecht; Sozialrecht; Sozialversicherungsrecht; Öffentliches Recht,1
Kauf Tausch Leasing; Miete Pacht; SchuldrechtAT,1
Verbrauchsteuern; Schadensersatz,1
Kauf Tausch Leasing; Werkvertrag; Sachenrecht,1
Wohnungseigentum; BGBAT; Sachenrecht,1
Schuldverhältnisse; Familienrecht,1
Zivilverfahrensrecht; Urheberrecht Markenrecht Patentrecht; Schadensersatz,1
Lohnsteuer; Berufsrecht Steuerberater; Einkommensteuer/Lohnsteuer/Kirchensteuer; Wettbewerbsrecht Kartellrecht; Wettbewerbsrecht Kartellrecht,1
SchuldrechtAT; Schadensersatz; EDV-Recht; Kauf Tausch Leasing,1
Schadensersatz; SchuldrechtAT; Erbschaft Schenkung,1
Schadensersatz; SchuldrechtAT; Sachenrecht; Bankrecht Kreditrecht,1
Berufsrecht Rechtsanwälte; BGBAT; Schadensersatz; SchuldrechtAT; Schuldverhältnisse; Zivilverfahrensrecht; BGBAT; Schadensersatz; SchuldrechtAT; Schuldverhältnisse; Zivilverfahrensrecht,1
SchuldrechtAT; Schadensersatz; Sachenrecht; Wettbewerbsrecht Kartellrecht; EDV-Recht,1
SchuldrechtAT; Zivilverfahrensrecht; BGBAT,1
Bankrecht Kreditrecht; SchuldrechtAT; Schadensersatz; Sachenrecht,1
Schadensersatz; Miete Pacht; Erbschaft Schenkung; Erbschaftsteuer,1
Handelsrecht Gesellschaftsrecht; Schadensersatz; SchuldrechtAT; Bankrecht Kreditrecht; SchuldrechtAT; Bankrecht Kreditrecht,1
Erbschaft Schenkung; Berufsrecht Rechtsanwälte; BGBAT,1
Bankrecht Kreditrecht; Öffentliches Recht; SchuldrechtAT; Schuldverhältnisse,1
Schadensersatz; SchuldrechtAT; Miete Pacht; Sachenrecht,1
Schadensersatz; SchuldrechtAT; EDV-Recht; Handelsrecht Gesellschaftsrecht,1
Insolvenzrecht; BGBAT; Schuldverhältnisse; Handelsrecht Gesellschaftsrecht; Berufsrecht Rechtsanwälte,1
Handelsrecht Gesellschaftsrecht; Versicherungsrecht; Zivilverfahrensrecht; Berufsrecht Rechtsanwälte,1
Berufsrecht Rechtsanwälte; Berufsrecht Steuerberater; Rechnungslegung; Handelsrecht Gesellschaftsrecht; Handelsrecht Gesellschaftsrecht,1
EU-Recht; Schuldverhältnisse; Urheberrecht Markenrecht Patentrecht; SchuldrechtAT; Zivilverfahrensrecht,1
Schadensersatz; EU-Recht; Bankrecht Kreditrecht; Zivilverfahrensrecht,1
Handelsrecht Gesellschaftsrecht; Zivilverfahrensrecht; Insolvenzrecht,1
BGBAT; Schadensersatz; Sachenrecht; Öffentliches Recht,1
Schadensersatz; Urheberrecht Markenrecht Patentrecht; Zivilverfahrensrecht; Zivilverfahrensrecht,1
Schadensersatz; SchuldrechtAT; Versicherungsrecht; Bankrecht Kreditrecht,1
Wettbewerbsrecht Kartellrecht; Insolvenzrecht,1
Schuldverhältnisse; BGBAT; Werkvertrag; SchuldrechtAT,1
Kauf Tausch Leasing; BGBAT; Kauf Tausch Leasing; BGBAT,1
Schuldverhältnisse; BGBAT; Bankrecht Kreditrecht,1
Zivilverfahrensrecht; Insolvenzrecht; Handelsrecht Gesellschaftsrecht,1
Schadensersatz; Erbschaft Schenkung; ELWI-FAMR,1
Zivilverfahrensrecht; Schadensersatz; EDV-Recht,1
Familienrecht; Zivilverfahrensrecht; Einkommensteuer/Lohnsteuer/Kirchensteuer,1
Handelsrecht Gesellschaftsrecht; Berufsrecht Rechtsanwälte; Insolvenzrecht,1
Urheberrecht Markenrecht Patentrecht; EDV-Recht; EDV-Recht; Berufsrecht Rechtsanwälte,1
Sachenrecht; Zivilverfahrensrecht; Sachenrecht; Zivilverfahrensrecht,1
Erbschaft Schenkung; Erbschaftsteuer; SchuldrechtAT; BGBAT; Schuldverhältnisse,1
Neue Bundesländer; Schadensersatz; Sachenrecht; Öffentliches Recht,1
Miete Pacht; Rechnungslegung; Handelsrecht Gesellschaftsrecht,1
Berufsrecht Steuerberater; Berufsrecht Rechtsanwälte; Insolvenzrecht; Neue Bundesländer; Insolvenzrecht; Neue Bundesländer,1
Steuerliche Betriebsprüfung; Schadensersatz,1
Strafrecht; Schadensersatz; BGBAT,1
Zollrecht; Zivilverfahrensrecht; Handelsrecht Gesellschaftsrecht; Kauf Tausch Leasing,1
Handelsrecht Gesellschaftsrecht; Schadensersatz; Berufsrecht Rechtsanwälte; Berufsrecht Steuerberater,1
Reisevertrag; BGBAT; EU-Recht,1
Miete Pacht; Bankrecht Kreditrecht; SchuldrechtAT,1
SchuldrechtAT; Bankrecht Kreditrecht; Miete Pacht; Kauf Tausch Leasing; Schadensersatz; BGBAT,1
Wirtschaftsprüfung; Handelsrecht Gesellschaftsrecht; Schadensersatz; Zivilverfahrensrecht,1
Landwirtschaftsrecht; Neue Bundesländer; Handelsrecht Gesellschaftsrecht; Schadensersatz,1
Berufsrecht Rechtsanwälte; Miete Pacht; Insolvenzrecht; Zivilverfahrensrecht,1
Neue Bundesländer; Handelsrecht Gesellschaftsrecht; Neue Bundesländer; Handelsrecht Gesellschaftsrecht,1
Berufsrecht Steuerberater; Berufsrecht Rechtsanwälte; Bankrecht Kreditrecht,1
Schadensersatz; Landwirtschaftsrecht; Miete Pacht; BGBAT,1
Sachenrecht; Bankrecht Kreditrecht; Sachenrecht; Bankrecht Kreditrecht,1
Bankrecht Kreditrecht; BGBAT; Handelsrecht Gesellschaftsrecht; Bankrecht Kreditrecht; BGBAT; Handelsrecht Gesellschaftsrecht,1
Arbeitsrecht; Schuldverhältnisse; Öffentliches Recht,1
Bankrecht Kreditrecht; EDV-Recht; Urheberrecht Markenrecht Patentrecht,1
Arbeitsrecht; Zivilverfahrensrecht; Schuldverhältnisse,1
Handelsrecht Gesellschaftsrecht; Wettbewerbsrecht Kartellrecht; Versicherungsrecht,1
SchuldrechtAT; Schuldverhältnisse; Öffentliches Recht,1
Bankrecht Kreditrecht; Insolvenzrecht; Bankrecht Kreditrecht,1
Zivilverfahrensrecht; Handelsrecht Gesellschaftsrecht; Zivilverfahrensrecht; Berufsrecht Rechtsanwälte,1
Berufsrecht Rechtsanwälte; EU-Recht; Bankrecht Kreditrecht,1
Schuldverhältnisse; Schadensersatz; BGBAT,1
Erbschaft Schenkung; Erbschaftsteuer; SchuldrechtAT; Schadensersatz,1
SchuldrechtAT; BGBAT; Schuldverhältnisse; Bankrecht Kreditrecht,1
Wettbewerbsrecht Kartellrecht; Schuldverhältnisse; Zivilverfahrensrecht,1
Verbrauchsteuern; Steuerstrafrecht,1
Bankrecht Kreditrecht; Insolvenzrecht; Rechnungslegung; Wirtschaftsprüfung,1
Sachenrecht; Versicherungsrecht,1
Arbeitsrecht; Miete Pacht; SchuldrechtAT; Schuldverhältnisse,1
BGBAT; Schadensersatz; SchuldrechtAT; Schuldverhältnisse; Handelsrecht Gesellschaftsrecht,1
Schadensersatz; SchuldrechtAT; Miete Pacht; Info,1
Schadensersatz; Wettbewerbsrecht Kartellrecht; EDV-Recht,1
Handelsrecht Gesellschaftsrecht; Wirtschaftsprüfung; Schuldverhältnisse; Schadensersatz; SchuldrechtAT,1
Berufsrecht Rechtsanwälte; Handelsrecht Gesellschaftsrecht; BGBAT; Insolvenzrecht; Handelsrecht Gesellschaftsrecht; BGBAT; Insolvenzrecht,1
Insolvenzrecht; Schadensersatz; BGBAT,1
Berufsrecht Rechtsanwälte; Schadensersatz; Zivilverfahrensrecht; Sachenrecht; Schadensersatz; Zivilverfahrensrecht; Sachenrecht,1
Schadensersatz; Berufsrecht Rechtsanwälte; Berufsrecht Steuerberater; BGBAT,1
Versicherungsrecht; Versicherungsrecht; Schadensersatz,1
Arbeitsrecht; Schadensersatz; Berufsrecht Rechtsanwälte; Insolvenzrecht; Zivilverfahrensrecht,1
Insolvenzrecht; Zivilverfahrensrecht; BGBAT; Sachenrecht,1
Zivilverfahrensrecht; EDV-Recht; ELWI-FAMR,1
Schadensersatz; Rechnungslegung; Handelsrecht Gesellschaftsrecht; Bankrecht Kreditrecht,1
"Strafrecht; Berufsrecht
Rechtsanwälte; EDV-Recht; Öffentliches
Recht",1
Berufsrecht Rechtsanwälte; Schadensersatz; BGBAT; Zivilverfahrensrecht,1
Steuerstrafrecht; Berufsrecht Rechtsanwälte; Bankrecht Kreditrecht; Strafrecht,1
Bankrecht Kreditrecht; EU-Recht; Handelsrecht Gesellschaftsrecht,1
Erbschaft Schenkung; Insolvenzrecht; Schuldverhältnisse,1
BGBAT; SchuldrechtAT; EDV-Recht; Kauf Tausch Leasing; Schuldverhältnisse,1
SchuldrechtAT; Miete Pacht; Bankrecht Kreditrecht,1
Öffentliches Recht; Schuldverhältnisse; Schadensersatz,1
Landwirtschaftsrecht; Neue Bundesländer; Schuldverhältnisse; BGBAT,1
Schadensersatz; Berufsrecht Steuerberater; Berufsrecht Rechtsanwälte; BGBAT; Zivilverfahrensrecht,1
Wohnungseigentum; Kauf Tausch Leasing; SchuldrechtAT,1
Wirtschaftsprüfung; Schadensersatz,1
SchuldrechtAT; Bankrecht Kreditrecht; Schuldverhältnisse; Zivilverfahrensrecht; EDV-Recht,1
EDV-Recht; SchuldrechtAT; Werkvertrag,1
Berufsrecht Rechtsanwälte; Kauf Tausch Leasing; BGBAT,1
Schadensersatz; Schadensersatz; Insolvenzrecht; Neue Bundesländer; Sachenrecht; Zivilverfahrensrecht,1
Berufsrecht Rechtsanwälte; Schadensersatz; Insolvenzrecht; Handelsrecht Gesellschaftsrecht; Insolvenzrecht; Handelsrecht Gesellschaftsrecht,1
Berufsrecht Rechtsanwälte; Schadensersatz; Erbschaft Schenkung; BGBAT; Erbschaftsteuer,1
BGBAT; SchuldrechtAT; Miete Pacht; Sachenrecht; Handelsrecht Gesellschaftsrecht; Insolvenzrecht,1
Berufsrecht Rechtsanwälte; Zivilverfahrensrecht; Insolvenzrecht; Erbschaft Schenkung,1
Sachenrecht; Zivilverfahrensrecht; Landwirtschaftsrecht,1
Erbschaft Schenkung; Sachenrecht; BGBAT; Zivilverfahrensrecht,1
Familienrecht; Erbschaft Schenkung; Zivilverfahrensrecht; EU-Recht,1
Schadensersatz; BGBAT; Bankrecht Kreditrecht; BGBAT; Bankrecht Kreditrecht,1
Insolvenzrecht; Insolvenzrecht; Sachenrecht; Berufsrecht Rechtsanwälte; Berufsrecht Steuerberater,1
Werkvertrag; Öffentliches Recht,1
Kauf Tausch Leasing; Handelsrecht Gesellschaftsrecht; Kauf Tausch Leasing; Handelsrecht Gesellschaftsrecht; EDV-Recht,1
Arbeitsrecht; Schuldverhältnisse; BGBAT,1
Zivilverfahrensrecht; Berufsrecht Rechtsanwälte; Berufsrecht Steuerberater; LEXPUB,1
Erbschaft Schenkung; SchuldrechtAT; Erbschaftsteuer; Schuldverhältnisse; ELWI-FAMR,1
Sozialversicherungsrecht; Sozialrecht; Berufsrecht Rechtsanwälte; Berufsrecht Steuerberater; Familienrecht; Einkommensteuer/Lohnsteuer/Kirchensteuer,1
Umsatzsteuer; Werkvertrag; ELWI-Lohn,1
BGBAT; Wettbewerbsrecht Kartellrecht; Urheberrecht Markenrecht Patentrecht,1
Erbschaft Schenkung; Wohnungseigentum; Zivilverfahrensrecht,1
Bankrecht Kreditrecht; Schadensersatz; SchuldrechtAT; Versicherungsrecht; Zivilverfahrensrecht,1
Zivilverfahrensrecht; Familienrecht; Erbschaftsteuer; Zivilverfahrensrecht; Familienrecht; Erbschaftsteuer; ELWI-FAMR,1
Kauf Tausch Leasing; Neue Bundesländer; BGBAT; SchuldrechtAT,1
Miete Pacht; BGBAT; Familienrecht,1
Schadensersatz; Versicherungsrecht; Zivilverfahrensrecht,1
Wohnungseigentum; Schuldverhältnisse,1
BGBAT; SchuldrechtAT; Schadensersatz; Miete Pacht,1
Zivilverfahrensrecht; Berufsrecht Steuerberater; Berufsrecht Rechtsanwälte; BGBAT,1
Verbrauchsteuern; Verfahrensrecht/Abgabenordnung; Steuerstrafrecht,1
Berufsrecht Rechtsanwälte; Wettbewerbsrecht Kartellrecht; Schadensersatz; Zivilverfahrensrecht; Wettbewerbsrecht Kartellrecht; Schadensersatz; Zivilverfahrensrecht,1
Neue Bundesländer; Landwirtschaftsrecht; Miete Pacht,1
Körperschaftsteuer; Strafrecht; Steuerstrafrecht; ELWI-STAP,1
Schuldverhältnisse; Berufsrecht Rechtsanwälte; SchuldrechtAT; Info,1
Sachenrecht; Schadensersatz; Insolvenzrecht; Neue Bundesländer; Schadensersatz; Insolvenzrecht; Neue Bundesländer,1
Bankrecht Kreditrecht; Sachenrecht; Werkvertrag,1
Berufsrecht Steuerberater; Umsatzsteuer; Steuerstrafrecht,1
Berufsrecht Rechtsanwälte; Schadensersatz; Urheberrecht Markenrecht Patentrecht; Zivilverfahrensrecht,1
Arbeitsrecht; Arbeitsrecht; Erbschaftsteuer; Erbschaft Schenkung,1
Berufsrecht Rechtsanwälte; Schadensersatz; Erbschaftsteuer; Erbschaft Schenkung; Zivilverfahrensrecht,1
BGBAT; SchuldrechtAT; Schuldverhältnisse; Rechnungslegung; Wirtschaftsprüfung; Handelsrecht Gesellschaftsrecht,1
Berufsrecht Rechtsanwälte; Arbeitsrecht; Zivilverfahrensrecht,1
Arbeitsrecht; Zivilverfahrensrecht; Strafrecht,1
Insolvenzrecht; Schadensersatz; BGBAT; Familienrecht,1
Erbschaft Schenkung; Familienrecht; Öffentliches Recht,1
Miete Pacht; Schadensersatz; SchuldrechtAT; Schuldverhältnisse,1
Berufsrecht Steuerberater; BGBAT; Schadensersatz; Werkvertrag; BGBAT; Schadensersatz; Werkvertrag,1
Berufsrecht Rechtsanwälte; Schuldverhältnisse; Bankrecht Kreditrecht; SchuldrechtAT,1
Landwirtschaftsrecht; Schuldverhältnisse,1
Berufsrecht Rechtsanwälte; SchuldrechtAT; Berufsrecht Steuerberater; Zivilverfahrensrecht,1
Familienrecht; Erbschaft Schenkung; Sachenrecht; Zivilverfahrensrecht,1
Insolvenzrecht; Handelsrecht Gesellschaftsrecht; BGBAT; SchuldrechtAT,1
Schadensersatz; Erbschaft Schenkung; Bankrecht Kreditrecht,1
Schadensersatz; Sachenrecht; Wettbewerbsrecht Kartellrecht; EDV-Recht; Urheberrecht Markenrecht Patentrecht,1
Insolvenzrecht; Neue Bundesländer; Handelsrecht Gesellschaftsrecht; Zivilverfahrensrecht,1
Berufsrecht Rechtsanwälte; Zivilverfahrensrecht; Schadensersatz; Zivilverfahrensrecht; Schadensersatz; Familienrecht,1
Schuldverhältnisse; Schadensersatz; ELWI-FAMR,1
Berufsrecht Steuerberater; Berufsrecht Rechtsanwälte; Handelsrecht Gesellschaftsrecht; BGBAT,1
BGBAT; Sachenrecht; EDV-Recht,1
Werkvertrag; EDV-Recht; Schadensersatz,1
Berufsrecht Rechtsanwälte; Umsatzsteuer; Schadensersatz; Insolvenzrecht; Insolvenzrecht,1
Berufsrecht Rechtsanwälte; Wirtschaftsprüfung; Umsatzsteuer,1
Insolvenzrecht; Schadensersatz; SchuldrechtAT; Bankrecht Kreditrecht,1
Verfahrensrecht/Abgabenordnung; Zivilverfahrensrecht; SchuldrechtAT; Schadensersatz; Umsatzsteuer,1
Schadensersatz; SchuldrechtAT; Werkvertrag; BGBAT,1
Berufsrecht Rechtsanwälte; Schadensersatz; Bankrecht Kreditrecht,1
Umsatzsteuer; BGBAT; Kauf Tausch Leasing; Zivilverfahrensrecht; BGBAT; Kauf Tausch Leasing; Zivilverfahrensrecht,1
Wirtschaftsprüfung; Bankrecht Kreditrecht; SchuldrechtAT,1
Wettbewerbsrecht Kartellrecht; EU-Recht; EDV-Recht,1
Berufsrecht Steuerberater; Berufsrecht Rechtsanwälte; Wirtschaftsprüfung; Rechnungslegung; Schadensersatz,1
Rechnungslegung; Handelsrecht Gesellschaftsrecht; SchuldrechtAT; Schadensersatz; Handelsrecht Gesellschaftsrecht; SchuldrechtAT; Schadensersatz,1
Körperschaftsteuer; Gewerbesteuer; Verfahrensrecht/Abgabenordnung,1
Handelsrecht Gesellschaftsrecht; EU-Recht; Ausländisches Recht,1
Schadensersatz; Erbschaft Schenkung; Sachenrecht; Erbschaftsteuer,1
Insolvenzrecht; Neue Bundesländer; Handelsrecht Gesellschaftsrecht; Insolvenzrecht; Neue Bundesländer; Handelsrecht Gesellschaftsrecht,1
Wettbewerbsrecht Kartellrecht; Zivilverfahrensrecht; SchuldrechtAT,1
BGBAT; Familienrecht; Schuldverhältnisse,1
Handelsrecht Gesellschaftsrecht; Bankrecht Kreditrecht; EU-Recht,1
Rechnungslegung; BGBAT; SchuldrechtAT; Handelsrecht Gesellschaftsrecht,1
Schadensersatz; Berufsrecht Rechtsanwälte; Bankrecht Kreditrecht; Zivilverfahrensrecht,1
BGBAT; Sachenrecht; Urheberrecht Markenrecht Patentrecht,1
Familienrecht; Zivilverfahrensrecht; Insolvenzrecht; ELWI-FAMR; Yellowmap,1
Erbschaft Schenkung; Schuldverhältnisse; SchuldrechtAT,1
Zivilverfahrensrecht; Verfahrensrecht/Abgabenordnung; Zollrecht,1
Arbeitsrecht; Sozialrecht; Versicherungsrecht,1
EDV-Recht; Berufsrecht Rechtsanwälte; Zivilverfahrensrecht; Info,1
Bankrecht Kreditrecht; Zivilverfahrensrecht; BGBAT,1
Schadensersatz; Schuldverhältnisse; BGBAT; Bankrecht Kreditrecht,1
SchuldrechtAT; Schadensersatz; EU-Recht,1
EDV-Recht; Strafrecht; Berufsrecht Rechtsanwälte; Berufsrecht Steuerberater; Öffentliches Recht; Zivilverfahrensrecht,1
Schadensersatz; BGBAT; Bankrecht Kreditrecht; Neue Bundesländer,1
Strafrecht; Zivilverfahrensrecht; ELWI-FAMR,1
Insolvenzrecht; Ausländisches Recht,1
Schadensersatz; SchuldrechtAT; EU-Recht; Bankrecht Kreditrecht,1
BGBAT; SchuldrechtAT; Umsatzsteuer,1
Kauf Tausch Leasing; Schadensersatz; Bankrecht Kreditrecht; Sachenrecht,1
Öffentliches Recht; Schadensersatz; Werkvertrag,1
Kauf Tausch Leasing; Handelsrecht Gesellschaftsrecht; Berufsrecht Rechtsanwälte,1
Schuldverhältnisse; SchuldrechtAT; Arbeitsrecht,1
Neue Bundesländer; SchuldrechtAT; Erbschaftsteuer; Erbschaft Schenkung,1
Kauf Tausch Leasing; Sachenrecht; Erbschaft Schenkung; Erbschaftsteuer; Erbschaftsteuer,1
Insolvenzrecht; Rechnungslegung; Wirtschaftsprüfung; Handelsrecht Gesellschaftsrecht; Strafrecht,1
Miete Pacht; Miete Pacht; Miete Pacht; Bankrecht Kreditrecht; BGBAT; SchuldrechtAT,1
BGBAT; Schadensersatz; Wohnungseigentum; Bankrecht Kreditrecht,1
Umsatzsteuer; Gewerbesteuer; Erbschaftsteuer; Körperschaftsteuer; Verfahrensrecht/Abgabenordnung; Einkommensteuer/Lohnsteuer/Kirchensteuer,1
Berufsrecht Rechtsanwälte; Handelsrecht Gesellschaftsrecht; Zivilverfahrensrecht; EDV-Recht,1
Zollrecht; EU-Recht; Verbrauchsteuern; Steuerstrafrecht,1
Familienrecht; ELWI-FAMR; BGBAT; SchuldrechtAT; ELWI-FAMR,1
Zivilverfahrensrecht; BGBAT; Schadensersatz; SchuldrechtAT; Kauf Tausch Leasing,1
Familienrecht; Bankrecht Kreditrecht; ELWI-FAMR,1
Rechnungslegung; Handelsrecht Gesellschaftsrecht; Bankrecht Kreditrecht; Sachenrecht; Zivilverfahrensrecht; Handelsrecht Gesellschaftsrecht; Bankrecht Kreditrecht; Sachenrecht; Zivilverfahrensrecht,1
EDV-Recht; Zivilverfahrensrecht; Berufsrecht Steuerberater; Berufsrecht Rechtsanwälte; Arbeitsrecht,1
Einkommensteuer/Lohnsteuer/Kirchensteuer; Arbeitsrecht,1
Werkvertrag; Schadensersatz; SchuldrechtAT; Werkvertrag; Zivilverfahrensrecht,1
Kauf Tausch Leasing; Handelsrecht Gesellschaftsrecht; BGBAT; Kauf Tausch Leasing; Handelsrecht Gesellschaftsrecht; BGBAT,1
Handelsrecht Gesellschaftsrecht; BGBAT; SchuldrechtAT; Handelsrecht Gesellschaftsrecht; BGBAT; SchuldrechtAT; ELWI-Lohn; ELWI-FAMR,1
EDV-Recht; Verfahrensrecht/Abgabenordnung; Zivilverfahrensrecht; Berufsrecht Rechtsanwälte,1
Rechnungslegung; Wirtschaftsprüfung; Handelsrecht Gesellschaftsrecht; Körperschaftsteuer; Einkommensteuer/Lohnsteuer/Kirchensteuer,1
Verfahrensrecht/Abgabenordnung; Steuerstrafrecht; Erbschaftsteuer; Außensteuerrecht,1
Familienrecht; Erbschaft Schenkung; Handelsrecht Gesellschaftsrecht; Handelsrecht Gesellschaftsrecht,1
Berufsrecht Steuerberater; Berufsrecht Rechtsanwälte; Öffentliches Recht; Wettbewerbsrecht Kartellrecht,1
Wettbewerbsrecht Kartellrecht; Schadensersatz; Verfahrensrecht/Abgabenordnung; Zivilverfahrensrecht,1
Rechnungslegung; Handelsrecht Gesellschaftsrecht; Insolvenzrecht; Bankrecht Kreditrecht; Handelsrecht Gesellschaftsrecht; Insolvenzrecht; Bankrecht Kreditrecht,1
EU-Recht; Handelsrecht Gesellschaftsrecht; Wettbewerbsrecht Kartellrecht,1
Zivilverfahrensrecht; Berufsrecht Rechtsanwälte; Verfahrensrecht/Abgabenordnung,1
Berufsrecht Rechtsanwälte; Umsatzsteuer; Insolvenzrecht; Schadensersatz,1
Handelsrecht Gesellschaftsrecht; SchuldrechtAT; Bankrecht Kreditrecht; Wirtschaftsprüfung; Rechnungslegung,1
Berufsrecht Rechtsanwälte; Bankrecht Kreditrecht; Zivilverfahrensrecht,1
Bankrecht Kreditrecht; BGBAT; SchuldrechtAT; Neue Bundesländer,1
Zivilverfahrensrecht; Handelsrecht Gesellschaftsrecht; EU-Recht,1
Bankrecht Kreditrecht; Kauf Tausch Leasing; BGBAT; Schadensersatz; SchuldrechtAT,1
Sachenrecht; Erbschaft Schenkung; SchuldrechtAT,1
Landwirtschaftsrecht; Miete Pacht; SchuldrechtAT,1
Miete Pacht; Zivilverfahrensrecht; Strafrecht,1
EDV-Recht; Strafrecht; Berufsrecht Rechtsanwälte; Zivilverfahrensrecht,1
Schadensersatz; SchuldrechtAT; Öffentliches Recht; EDV-Recht,1
Öffentliches Recht; Zivilverfahrensrecht; Urheberrecht Markenrecht Patentrecht,1
Kauf Tausch Leasing; Werkvertrag; Schadensersatz; SchuldrechtAT,1
Schadensersatz; SchuldrechtAT; Info,1
Versicherungsrecht; Berufsrecht Steuerberater,1
EDV-Recht; Kauf Tausch Leasing; Schuldverhältnisse,1
Berufsrecht Rechtsanwälte; Handelsrecht Gesellschaftsrecht; Schadensersatz; Schadensersatz; BGBAT,1
Sozialrecht; Zivilverfahrensrecht; Insolvenzrecht,1
Insolvenzrecht; Berufsrecht Rechtsanwälte; Neue Bundesländer,1
Miete Pacht; BGBAT; Schuldverhältnisse,1
Neue Bundesländer; Sachenrecht; BGBAT; Schuldverhältnisse,1
Schuldverhältnisse; Schadensersatz; Sachenrecht; Neue Bundesländer,1
Versicherungsrecht; Rechnungslegung; Wirtschaftsprüfung; Handelsrecht Gesellschaftsrecht,1
Rechtliche Informationen; Schadensersatz; Versicherungsrecht,1
Zivilverfahrensrecht; Öffentliches Recht; Arbeitsrecht; Sozialrecht; Sozialversicherungsrecht,1
Zivilverfahrensrecht; Handelsrecht Gesellschaftsrecht; BGBAT,1
Erbschaft Schenkung; BGBAT; Erbschaftsteuer; Schuldverhältnisse,1
Berufsrecht Rechtsanwälte; Umsatzsteuer; Wettbewerbsrecht Kartellrecht; Zivilverfahrensrecht,1
Handelsrecht Gesellschaftsrecht; Bankrecht Kreditrecht; SchuldrechtAT; BGBAT; Zivilverfahrensrecht,1
Urheberrecht Markenrecht Patentrecht; SchuldrechtAT; Zivilverfahrensrecht,1
Bankrecht Kreditrecht; Berufsrecht Rechtsanwälte; BGBAT,1
EDV-Recht; SchuldrechtAT; Kauf Tausch Leasing; Erbschaft Schenkung,1
Berufsrecht Rechtsanwälte; Erbschaft Schenkung; Insolvenzrecht; Insolvenzrecht,1
SchuldrechtAT; Bankrecht Kreditrecht; Miete Pacht; Schadensersatz,1
Bankrecht Kreditrecht; Info,1
Berufsrecht Rechtsanwälte; Berufsrecht Steuerberater; Wirtschaftsprüfung; BGBAT; BGBAT,1
Berufsrecht Rechtsanwälte; Schadensersatz; ELWI-FAMR,1
Sozialrecht; Sozialversicherungsrecht; EDV-Recht; Berufsrecht Rechtsanwälte,1
Handelsrecht Gesellschaftsrecht; Insolvenzrecht; Verfahrensrecht/Abgabenordnung,1
Urheberrecht Markenrecht Patentrecht; Zivilverfahrensrecht; Berufsrecht Rechtsanwälte; EDV-Recht; Wettbewerbsrecht Kartellrecht,1
Schadensersatz; Miete Pacht; Öffentliches Recht; Familienrecht,1
SchuldrechtAT; Schadensersatz; Sachenrecht; Öffentliches Recht,1
Berufsrecht Rechtsanwälte; Handelsrecht Gesellschaftsrecht; ELWI-Lohn,1
Berufsrecht Rechtsanwälte; Wettbewerbsrecht Kartellrecht; EDV-Recht,1
Werkvertrag; Kauf Tausch Leasing; EDV-Recht,1
Erbschaft Schenkung; Erbschaftsteuer; Sachenrecht; Zivilverfahrensrecht,1
Sonstiges Recht; Öffentliches Recht; SchuldrechtAT,1
Sachenrecht; Erbschaft Schenkung; Info; ELWI-FAMR,1
Strafrecht; Sozialversicherungsrecht; Handelsrecht Gesellschaftsrecht; Sozialrecht,1
Werkvertrag; SchuldrechtAT; Werkvertrag; EDV-Recht,1
Berufsrecht Rechtsanwälte; Bankrecht Kreditrecht; SchuldrechtAT; Handelsrecht Gesellschaftsrecht,1
Kauf Tausch Leasing; Sachenrecht; Zivilverfahrensrecht; SchuldrechtAT,1
BGBAT; Miete Pacht; Sachenrecht; Erbschaft Schenkung; Insolvenzrecht; Zivilverfahrensrecht,1
Schadensersatz; SchuldrechtAT; Landwirtschaftsrecht; Miete Pacht; Sachenrecht,1
Sozialrecht; Sozialversicherungsrecht; EU-Recht; Öffentliches Recht,1
Schadensersatz; Sachenrecht; EDV-Recht; Öffentliches Recht,1
EU-Recht; EDV-Recht; Versicherungsrecht; Wettbewerbsrecht Kartellrecht,1
Einkommensteuer/Lohnsteuer/Kirchensteuer; Schuldverhältnisse; SchuldrechtAT; Schadensersatz,1
Verfahrensrecht/Abgabenordnung; Steuerstrafrecht; Einkommensteuer/Lohnsteuer/Kirchensteuer; Steuerliche Betriebsprüfung,1
Gewerbesteuer; Schadensersatz,1
EDV-Recht; Urheberrecht Markenrecht Patentrecht; BGBAT; Schadensersatz; SchuldrechtAT,1
Werkvertrag; Bankrecht Kreditrecht; SchuldrechtAT; Schuldverhältnisse,1
Arbeitsrecht; Berufsrecht Rechtsanwälte; Berufsrecht Steuerberater,1
Handelsrecht Gesellschaftsrecht; Zivilverfahrensrecht; Schadensersatz,1
Berufsrecht Rechtsanwälte; BGBAT; Info,1
Schadensersatz; Kauf Tausch Leasing; SchuldrechtAT; BGBAT; Zivilverfahrensrecht,1
Berufsrecht Rechtsanwälte; Schuldverhältnisse; Schadensersatz; Zivilverfahrensrecht,1
Kauf Tausch Leasing; Wohnungseigentum; BGBAT,1
SchuldrechtAT; EU-Recht; Reisevertrag,1
Versicherungsrecht; Berufsrecht Rechtsanwälte; Berufsrecht Rechtsanwälte,1
Handelsrecht Gesellschaftsrecht; Zivilverfahrensrecht; ELWI-FAMR,1
Schuldverhältnisse; Insolvenzrecht,1
Insolvenzrecht; Neue Bundesländer; Berufsrecht Rechtsanwälte,1
Wettbewerbsrecht Kartellrecht; Urheberrecht Markenrecht Patentrecht; Zivilverfahrensrecht,1
Strafrecht; Steuerstrafrecht; Verfahrensrecht/Abgabenordnung; Körperschaftsteuer,1
Miete Pacht; Schadensersatz; SchuldrechtAT; Wohnungseigentum,1
Versicherungsrecht; Kauf Tausch Leasing; Info,1
Zivilverfahrensrecht; BGBAT; ELWI-FAMR,1
Insolvenzrecht; Insolvenzrecht; Handelsrecht Gesellschaftsrecht; SchuldrechtAT; Arbeitsrecht,1
Verfahrensrecht/Abgabenordnung; Zivilverfahrensrecht; Steuerstrafrecht,1
EU-Recht; EU-Recht; SchuldrechtAT,1
Berufsrecht Rechtsanwälte; Berufsrecht Steuerberater; BGBAT; SchuldrechtAT; Schadensersatz; BGBAT; SchuldrechtAT; Schadensersatz,1
Lohnsteuer; Einkommensteuer/Lohnsteuer/Kirchensteuer; Schadensersatz; SchuldrechtAT,1
Verfahrensrecht/Abgabenordnung; Ausländisches Recht,1
Doppelbesteuerungsabkommen; Kauf Tausch Leasing; Wettbewerbsrecht Kartellrecht,1
Handelsrecht Gesellschaftsrecht; Erbschaft Schenkung; SchuldrechtAT,1
Miete Pacht; SchuldrechtAT; Schadensersatz; Bankrecht Kreditrecht,1
Miete Pacht; BGBAT; Versicherungsrecht,1
Wettbewerbsrecht Kartellrecht; Zivilverfahrensrecht; BGBAT,1
Berufsrecht Rechtsanwälte; Insolvenzrecht; Handelsrecht Gesellschaftsrecht; SchuldrechtAT,1
Bankrecht Kreditrecht; BGBAT; SchuldrechtAT; Sachenrecht,1
Schadensersatz; Berufsrecht Rechtsanwälte; BGBAT; Bankrecht Kreditrecht,1
BGBAT; Insolvenzrecht; Zivilverfahrensrecht; BGBAT; Insolvenzrecht; Zivilverfahrensrecht,1
Schadensersatz; SchuldrechtAT; Bankrecht Kreditrecht; Sachenrecht; Zivilverfahrensrecht,1
Schadensersatz; SchuldrechtAT; Kauf Tausch Leasing; Handelsrecht Gesellschaftsrecht,1
Versicherungsrecht; Familienrecht,1
Familienrecht; Insolvenzrecht; ELWI-FAMR; Yellowmap,1
Berufsrecht Rechtsanwälte; Handelsrecht Gesellschaftsrecht; SchuldrechtAT,1
Insolvenzrecht; Reisevertrag,1
Wettbewerbsrecht Kartellrecht; Sozialrecht; Sozialversicherungsrecht,1
Schadensersatz; Bankrecht Kreditrecht; BGBAT; SchuldrechtAT,1
Berufsrecht Rechtsanwälte; Zivilverfahrensrecht; SchuldrechtAT; Schadensersatz; Zivilverfahrensrecht; SchuldrechtAT; Schadensersatz,1
Einkommensteuer/Lohnsteuer/Kirchensteuer; Körperschaftsteuer; Gewerbesteuer; Einkommensteuer/Lohnsteuer/Kirchensteuer,1
Berufsrecht Steuerberater; Berufsrecht Rechtsanwälte; Familienrecht; ELWI-FAMR,1
Sachenrecht; BGBAT; SchuldrechtAT,1
Insolvenzrecht; Handelsrecht Gesellschaftsrecht; Rechnungslegung; Berufsrecht Rechtsanwälte; Berufsrecht Rechtsanwälte,1
Sozialversicherungsrecht; Familienrecht; Zivilverfahrensrecht; Sozialrecht,1
Schadensersatz; Berufsrecht Steuerberater; Berufsrecht Rechtsanwälte,1
Versicherungsrecht; Berufsrecht Rechtsanwälte; Berufsrecht Steuerberater; Handelsrecht Gesellschaftsrecht,1
Insolvenzrecht; Rechnungslegung,1
Schadensersatz; Bankrecht Kreditrecht; BGBAT; Zivilverfahrensrecht,1
SchuldrechtAT; Umsatzsteuer; Insolvenzrecht,1
Berufsrecht Steuerberater; Berufsrecht Rechtsanwälte; Einkommensteuer/Lohnsteuer/Kirchensteuer; Einkommensteuer/Lohnsteuer/Kirchensteuer,1
SchuldrechtAT; Sachenrecht; Schadensersatz; Handelsrecht Gesellschaftsrecht; Wettbewerbsrecht Kartellrecht,1
Lohnsteuer; Einkommensteuer/Lohnsteuer/Kirchensteuer; Sozialrecht; Sozialversicherungsrecht; Einkommensteuer/Lohnsteuer/Kirchensteuer,1
Kauf Tausch Leasing; Sachenrecht; Zivilverfahrensrecht; BGBAT,1
Insolvenzrecht; Neue Bundesländer; Schuldverhältnisse,1
Handelsrecht Gesellschaftsrecht; SchuldrechtAT; Wettbewerbsrecht Kartellrecht; BGBAT,1
Strafrecht; Berufsrecht Rechtsanwälte; ELWI-FAMR,1
Berufsrecht Rechtsanwälte; Zivilverfahrensrecht; SchuldrechtAT; Handelsrecht Gesellschaftsrecht,1
Schadensersatz; SchuldrechtAT; Schuldverhältnisse; Schadensersatz; SchuldrechtAT; Schuldverhältnisse,1
Steuerstrafrecht; Verfahrensrecht/Abgabenordnung; Berufsrecht Rechtsanwälte,1
EU-Recht; EDV-Recht; BGBAT; SchuldrechtAT,1
SchuldrechtAT; Handelsrecht Gesellschaftsrecht; Sachenrecht; SchuldrechtAT; Handelsrecht Gesellschaftsrecht; Sachenrecht,1
BGBAT; Erbschaft Schenkung; Erbschaftsteuer; Familienrecht,1
SchuldrechtAT; Verfahrensrecht/Abgabenordnung; Zivilverfahrensrecht,1
Berufsrecht Rechtsanwälte; Schadensersatz; SchuldrechtAT; Schuldverhältnisse; Schadensersatz; SchuldrechtAT; Schuldverhältnisse,1
Bankrecht Kreditrecht; Kauf Tausch Leasing; BGBAT; SchuldrechtAT,1
Einkommensteuer/Lohnsteuer/Kirchensteuer; Lohnsteuer; Familienrecht; Zivilverfahrensrecht,1
Einkommensteuer/Lohnsteuer/Kirchensteuer; Zivilverfahrensrecht; Familienrecht,1
Sachenrecht; Erbschaft Schenkung; Insolvenzrecht,1
Versicherungsrecht; Zivilverfahrensrecht; BGBAT,1
Berufsrecht Rechtsanwälte; BGBAT; SchuldrechtAT; Schadensersatz; Erbschaftsteuer; BGBAT; SchuldrechtAT; Schadensersatz; Erbschaftsteuer,1
Werkvertrag; Zivilverfahrensrecht; Familienrecht,1
Versicherungsrecht; Berufsrecht Rechtsanwälte; Insolvenzrecht,1
Sozialversicherungsrecht; Schuldverhältnisse; Zivilverfahrensrecht,1
Verfahrensrecht/Abgabenordnung; Strafrecht; Steuerliche Betriebsprüfung; Steuerstrafrecht,1
Schuldverhältnisse; Berufsrecht Rechtsanwälte; ELWI-FAMR,1
Miete Pacht; Schadensersatz; SchuldrechtAT; Umsatzsteuer,1
Umsatzsteuer; Kauf Tausch Leasing; SchuldrechtAT; BGBAT; Schadensersatz,1
Sachenrecht; Öffentliches Recht; Schadensersatz,1
Öffentliches Recht; Schadensersatz; Einkommensteuer/Lohnsteuer/Kirchensteuer,1
Familienrecht; Berufsrecht Rechtsanwälte; Zivilverfahrensrecht; ELWI-FAMR,1
Insolvenzrecht; Strafrecht; Zivilverfahrensrecht; Yellowmap,1
Bankrecht Kreditrecht; Urheberrecht Markenrecht Patentrecht; EDV-Recht,1
Handelsrecht Gesellschaftsrecht; BGBAT; Wettbewerbsrecht Kartellrecht; BGBAT; Wettbewerbsrecht Kartellrecht; ELWI-REWE,1
Wettbewerbsrecht Kartellrecht; Urheberrecht Markenrecht Patentrecht; EDV-Recht,1
BGBAT; Wettbewerbsrecht Kartellrecht; Werkvertrag,1
Urheberrecht Markenrecht Patentrecht; SchuldrechtAT; Insolvenzrecht,1
Kauf Tausch Leasing; Handelsrecht Gesellschaftsrecht; SchuldrechtAT; Schadensersatz,1
Schadensersatz; SchuldrechtAT; Landwirtschaftsrecht; Miete Pacht; Zivilverfahrensrecht,1
Berufsrecht Rechtsanwälte; Schuldverhältnisse; SchuldrechtAT; Versicherungsrecht,1
Handelsrecht Gesellschaftsrecht; Insolvenzrecht; Versicherungsrecht; Insolvenzrecht; Versicherungsrecht,1
Schadensersatz; EU-Recht; Öffentliches Recht; Bankrecht Kreditrecht,1
BGBAT; Schadensersatz; SchuldrechtAT; Werkvertrag; BGBAT; Schadensersatz; SchuldrechtAT; Werkvertrag,1
Wohnungseigentum; Arbeitsrecht; Berufsrecht Rechtsanwälte,1
Miete Pacht; Schuldverhältnisse; Kauf Tausch Leasing,1
Berufsrecht Steuerberater; Wirtschaftsprüfung; Schadensersatz; SchuldrechtAT; Bankrecht Kreditrecht,1
Neue Bundesländer; SchuldrechtAT; Schuldverhältnisse; Schadensersatz,1
Wirtschaftsprüfung; BGBAT; Schadensersatz; SchuldrechtAT; Bankrecht Kreditrecht,1
Öffentliches Recht; Miete Pacht; Schadensersatz,1
Steuerstrafrecht; Strafrecht; Umsatzsteuer; Handelsrecht Gesellschaftsrecht,1
Werkvertrag; Werkvertrag; EDV-Recht,1
Umsatzsteuer; BGBAT; SchuldrechtAT; BGBAT; SchuldrechtAT,1
Erbschaftsteuer; Handelsrecht Gesellschaftsrecht; Erbschaft Schenkung; Rechnungslegung,1
Versicherungsrecht; Berufsrecht Rechtsanwälte; Berufsrecht Steuerberater,1
Berufsrecht Steuerberater; Schadensersatz; Miete Pacht; Umsatzsteuer,1
Insolvenzrecht; EU-Recht; Handelsrecht Gesellschaftsrecht,1
Zivilverfahrensrecht; EU-Recht; ELWI-FAMR,1
BGBAT; SchuldrechtAT; Wettbewerbsrecht Kartellrecht; Zivilverfahrensrecht,1
Bankrecht Kreditrecht; Sachenrecht; SchuldrechtAT; ELWI-FAMR,1
BGBAT; Schuldverhältnisse; Berufsrecht Rechtsanwälte; Zivilverfahrensrecht,1
BGBAT; Öffentliches Recht; Bankrecht Kreditrecht,1
Miete Pacht; Bankrecht Kreditrecht; SchuldrechtAT; Insolvenzrecht; Neue Bundesländer,1
Berufsrecht Rechtsanwälte; Berufsrecht Steuerberater; Info,1
Bankrecht Kreditrecht; SchuldrechtAT; Schadensersatz; Insolvenzrecht,1
Erbschaft Schenkung; Berufsrecht Rechtsanwälte; Zivilverfahrensrecht; Kauf Tausch Leasing,1
Arbeitsrecht; Sozialrecht; EDV-Recht,1
Neue Bundesländer; Schadensersatz; SchuldrechtAT; Sachenrecht,1
Strafrecht; Erbschaft Schenkung; Familienrecht,1
ELWI-FAMR; Zivilverfahrensrecht; ELWI-FAMR,1
Kauf Tausch Leasing; Bankrecht Kreditrecht; SchuldrechtAT; Insolvenzrecht; Bankrecht Kreditrecht; SchuldrechtAT; Insolvenzrecht,1
Wettbewerbsrecht Kartellrecht; Öffentliches Recht; LEXPUB,1
Wirtschaftsprüfung; Rechnungslegung; Handelsrecht Gesellschaftsrecht; Schadensersatz,1
Miete Pacht; Zivilverfahrensrecht; Insolvenzrecht; Sachenrecht,1
Einkommensteuer/Lohnsteuer/Kirchensteuer; Öffentliches Recht,1
Arbeitsrecht; Handelsrecht Gesellschaftsrecht; Berufsrecht Rechtsanwälte; Berufsrecht Steuerberater,1
Strafrecht; Berufsrecht Rechtsanwälte; Schadensersatz; Insolvenzrecht,1
Neue Bundesländer; Miete Pacht; Miete Pacht; BGBAT,1
BGBAT; SchuldrechtAT; EDV-Recht; Kauf Tausch Leasing; Wettbewerbsrecht Kartellrecht; Urheberrecht Markenrecht Patentrecht,1
Wirtschaftsprüfung; Handelsrecht Gesellschaftsrecht; Bankrecht Kreditrecht,1
Wohnungseigentum; Insolvenzrecht; Wohnungseigentum; Insolvenzrecht,1
Familienrecht; Einkommensteuer/Lohnsteuer/Kirchensteuer; Lohnsteuer; Sozialrecht; Sozialversicherungsrecht,1
Bankrecht Kreditrecht; Verfahrensrecht/Abgabenordnung; Zivilverfahrensrecht,1
Bankrecht Kreditrecht; Insolvenzrecht; Handelsrecht Gesellschaftsrecht,1
Schadensersatz; Handelsrecht Gesellschaftsrecht; ELWI-FAMR,1
Schadensersatz; Familienrecht; Zivilverfahrensrecht,1
Versicherungsrecht; Verfahrensrecht/Abgabenordnung; Berufsrecht Rechtsanwälte,1
Berufsrecht Rechtsanwälte; SchuldrechtAT; Strafrecht,1
Kauf Tausch Leasing; Sachenrecht; Handelsrecht Gesellschaftsrecht; Bankrecht Kreditrecht,1
Bankrecht Kreditrecht; Rechnungslegung; Handelsrecht Gesellschaftsrecht; Handelsrecht Gesellschaftsrecht,1
Arbeitsrecht; Insolvenzrecht; Zivilverfahrensrecht,1
Miete Pacht; Insolvenzrecht; Bankrecht Kreditrecht; Sachenrecht,1
Sachenrecht; Schuldverhältnisse; Zivilverfahrensrecht,1
Insolvenzrecht; Neue Bundesländer; BGBAT; SchuldrechtAT; Handelsrecht Gesellschaftsrecht,1
EDV-Recht; Berufsrecht Rechtsanwälte; Strafrecht,1
Grundsteuer,1
Schuldverhältnisse; Schadensersatz; Neue Bundesländer,1
BGBAT; Zivilverfahrensrecht; Wohnungseigentum,1
Berufsrecht Rechtsanwälte; Versicherungsrecht; Schadensersatz; SchuldrechtAT,1
Rechnungslegung; Handelsrecht Gesellschaftsrecht; Bankrecht Kreditrecht; Schadensersatz; Insolvenzrecht; Handelsrecht Gesellschaftsrecht; Bankrecht Kreditrecht; Schadensersatz; Insolvenzrecht,1
SchuldrechtAT; Schadensersatz; Wettbewerbsrecht Kartellrecht,1
"SchuldrechtAT; Kauf
Tausch Leasing; Wohnungseigentum",1
SchuldrechtAT; Reisevertrag; Schadensersatz; Versicherungsrecht,1
Landwirtschaftsrecht; Zivilverfahrensrecht; Neue Bundesländer,1
Bankrecht Kreditrecht; Handelsrecht Gesellschaftsrecht; Insolvenzrecht; Zivilverfahrensrecht,1
SchuldrechtAT; Bankrecht Kreditrecht; Sachenrecht; SchuldrechtAT; Bankrecht Kreditrecht; Sachenrecht,1
Handelsrecht Gesellschaftsrecht; Bankrecht Kreditrecht; Schuldverhältnisse; Handelsrecht Gesellschaftsrecht; Bankrecht Kreditrecht; Schuldverhältnisse,1
Verfahrensrecht/Abgabenordnung; Einkommensteuer/Lohnsteuer/Kirchensteuer; Umsatzsteuer,1
Arbeitsrecht; Familienrecht,1
Erbschaftsteuer; Erbschaft Schenkung; Schadensersatz; Handelsrecht Gesellschaftsrecht,1
BGBAT; Schadensersatz; SchuldrechtAT; Miete Pacht; Landwirtschaftsrecht; Sachenrecht; Neue Bundesländer; Zivilverfahrensrecht,1
Familienrecht; Miete Pacht; Öffentliches Recht,1
Insolvenzrecht; ELWI-Lohn,1
Sozialversicherungsrecht; Sozialrecht; Ausländisches Recht,1
Werkvertrag; Werkvertrag; Schuldverhältnisse; BGBAT,1
Schadensersatz; Erbschaft Schenkung; Erbschaftsteuer; Erbschaft Schenkung; Erbschaftsteuer,1
Sachenrecht; SchuldrechtAT; Miete Pacht,1
SchuldrechtAT; EDV-Recht; Öffentliches Recht; Sonstiges Recht,1
SchuldrechtAT; Schadensersatz; Zivilverfahrensrecht; ELWI-FAMR; ELWI-FAMR,1
Rechnungslegung; Handelsrecht Gesellschaftsrecht; Schadensersatz; SchuldrechtAT; Werkvertrag; Berufsrecht Steuerberater; Insolvenzrecht,1
Erbschaftsteuer; Erbschaft Schenkung; Familienrecht; ELWI-FAMR; ELWI-FAMR,1
Handelsrecht Gesellschaftsrecht; Versicherungsrecht; SchuldrechtAT; Berufsrecht Rechtsanwälte,1
Wirtschaftsprüfung; Schadensersatz; Handelsrecht Gesellschaftsrecht; Rechnungslegung,1
Berufsrecht Rechtsanwälte; SchuldrechtAT; BGBAT; Zivilverfahrensrecht,1
Werkvertrag; Bankrecht Kreditrecht; SchuldrechtAT; BGBAT,1
Schadensersatz; Zivilverfahrensrecht; BGBAT; Versicherungsrecht,1
Sozialversicherungsrecht; Einkommensteuer/Lohnsteuer/Kirchensteuer; Lohnsteuer; Steuerstrafrecht,1
Schadensersatz; SchuldrechtAT; Berufsrecht Rechtsanwälte; Berufsrecht Steuerberater; Berufsrecht Rechtsanwälte; LEXPUB,1
Erbschaft Schenkung; Schadensersatz; Landwirtschaftsrecht; Erbschaftsteuer,1
Berufsrecht Rechtsanwälte; EDV-Recht; Urheberrecht Markenrecht Patentrecht; Urheberrecht Markenrecht Patentrecht; EDV-Recht,1
SchuldrechtAT; Schuldverhältnisse; Schadensersatz; Handelsrecht Gesellschaftsrecht,1
BGBAT; Arbeitsrecht; Handelsrecht Gesellschaftsrecht; Urheberrecht Markenrecht Patentrecht; Berufsrecht Rechtsanwälte; Berufsrecht Steuerberater,1
Wettbewerbsrecht Kartellrecht; BGBAT; Schadensersatz; Sachenrecht,1
Erbschaft Schenkung; Handelsrecht Gesellschaftsrecht; Handelsrecht Gesellschaftsrecht,1
Zivilverfahrensrecht; Wohnungseigentum; SchuldrechtAT,1
Berufsrecht Rechtsanwälte; Schadensersatz; Insolvenzrecht; Handelsrecht Gesellschaftsrecht; Zivilverfahrensrecht,1
Familienrecht; BGBAT; Erbschaft Schenkung,1
Bankrecht Kreditrecht; Schuldverhältnisse; Steuerliche Förderungsgesetze,1
Zivilverfahrensrecht; Urheberrecht Markenrecht Patentrecht; BGBAT,1
BGBAT; Berufsrecht Rechtsanwälte; Insolvenzrecht; Bankrecht Kreditrecht,1
Schadensersatz; EDV-Recht; Bankrecht Kreditrecht; SchuldrechtAT; EDV-Recht,1
Berufsrecht Rechtsanwälte; Berufsrecht Rechtsanwälte; Insolvenzrecht,1
Strafrecht; Verfahrensrecht/Abgabenordnung; EDV-Recht,1
SchuldrechtAT; Schadensersatz; Handelsrecht Gesellschaftsrecht; Sachenrecht; Wohnungseigentum,1
Wettbewerbsrecht Kartellrecht; Schadensersatz; SchuldrechtAT; Versicherungsrecht,1
Wirtschaftsprüfung; Zivilverfahrensrecht; Schadensersatz; SchuldrechtAT,1
Einkommensteuer/Lohnsteuer/Kirchensteuer; Bankrecht Kreditrecht; Handelsrecht Gesellschaftsrecht; Schadensersatz; Zivilverfahrensrecht,1
Strafrecht; Verfahrensrecht/Abgabenordnung; Zivilverfahrensrecht; Öffentliches Recht; Berufsrecht Steuerberater; Berufsrecht Rechtsanwälte,1
Sozialrecht; Familienrecht; Zivilverfahrensrecht,1
"EU-Recht; Wettbewerbsrecht
Kartellrecht",1
Berufsrecht Rechtsanwälte; Umsatzsteuer; Zivilverfahrensrecht; Verfahrensrecht/Abgabenordnung,1
Umsatzsteuer; Einkommensteuer/Lohnsteuer/Kirchensteuer; Rechnungslegung; Wirtschaftsprüfung; Handelsrecht Gesellschaftsrecht,1
Werkvertrag; Insolvenzrecht; Werkvertrag; Insolvenzrecht,1
SchuldrechtAT; Reisevertrag; EDV-Recht,1
Versicherungsrecht; Kauf Tausch Leasing; SchuldrechtAT; Bankrecht Kreditrecht,1
BGBAT; SchuldrechtAT; Schadensersatz; Bankrecht Kreditrecht; Öffentliches Recht,1
Berufsrecht Rechtsanwälte; BGBAT; Schadensersatz; Wettbewerbsrecht Kartellrecht; BGBAT; Schadensersatz; Wettbewerbsrecht Kartellrecht,1
Familienrecht; Zivilverfahrensrecht; EDV-Recht; Berufsrecht Rechtsanwälte,1
SchuldrechtAT; Erbschaft Schenkung; Schuldverhältnisse; Kauf Tausch Leasing; Wettbewerbsrecht Kartellrecht,1
Arbeitsrecht; Neue Bundesländer,1
Sachenrecht; Wettbewerbsrecht Kartellrecht,1
Zivilverfahrensrecht; Schuldverhältnisse; Neue Bundesländer,1
Zivilverfahrensrecht; BGBAT; Sachenrecht,1
Zivilverfahrensrecht; Einkommensteuer/Lohnsteuer/Kirchensteuer; Gewerbesteuer,1
Bankrecht Kreditrecht; Erbschaft Schenkung; EDV-Recht,1
Bankrecht Kreditrecht; Kauf Tausch Leasing; SchuldrechtAT; Schadensersatz; Zivilverfahrensrecht,1
Handelsrecht Gesellschaftsrecht; Umsatzsteuer; Grunderwerbsteuer; Verkehrsteuern,1
Kauf Tausch Leasing; BGBAT; SchuldrechtAT; Bankrecht Kreditrecht,1
Berufsrecht Rechtsanwälte; Schadensersatz; BGBAT; Zivilverfahrensrecht; Schadensersatz; BGBAT; Zivilverfahrensrecht,1
Zivilverfahrensrecht; EU-Recht; SchuldrechtAT; Reisevertrag,1
Sachenrecht; BGBAT; Handelsrecht Gesellschaftsrecht,1
Kauf Tausch Leasing; Rechnungslegung; Wirtschaftsprüfung,1
Berufsrecht Rechtsanwälte; Berufsrecht Steuerberater; Erbschaftsteuer; Erbschaft Schenkung; Zivilverfahrensrecht,1
Umsatzsteuer; Berufsrecht Rechtsanwälte; Zivilverfahrensrecht,1
BGBAT; SchuldrechtAT; Schuldverhältnisse; Schadensersatz; Insolvenzrecht; Bankrecht Kreditrecht,1
EDV-Recht; Verfahrensrecht/Abgabenordnung; Steuerliche Betriebsprüfung; Umsatzsteuer; Rechnungslegung,1
BGBAT; Handelsrecht Gesellschaftsrecht; Zivilverfahrensrecht; Bankrecht Kreditrecht,1
Wettbewerbsrecht Kartellrecht; Berufsrecht Rechtsanwälte; Bankrecht Kreditrecht,1
Insolvenzrecht; Berufsrecht Rechtsanwälte; Einkommensteuer/Lohnsteuer/Kirchensteuer; Rechnungslegung; Verfahrensrecht/Abgabenordnung,1
"BGBAT; SchuldrechtAT; Bankrecht
Kreditrecht",1
Schadensersatz; Verfahrensrecht/Abgabenordnung; Steuerliche Betriebsprüfung; Handelsrecht Gesellschaftsrecht,1
Schadensersatz; Insolvenzrecht; SchuldrechtAT; Bankrecht Kreditrecht; Insolvenzrecht; SchuldrechtAT; Bankrecht Kreditrecht,1
Sachenrecht; Zivilverfahrensrecht; Erbschaftsteuer; Erbschaft Schenkung,1
Bankrecht Kreditrecht; SchuldrechtAT; Schuldverhältnisse; Zivilverfahrensrecht,1
Berufsrecht Rechtsanwälte; Zivilverfahrensrecht; Berufsrecht Steuerberater,1
Schadensersatz; Zivilverfahrensrecht; Neue Bundesländer; BGBAT,1
Berufsrecht Rechtsanwälte; Zivilverfahrensrecht; ELWI-Lohn,1
BGBAT; Familienrecht; Ausländisches Recht,1
"Zivilverfahrensrecht; Handelsrecht
Gesellschaftsrecht; Insolvenzrecht",1
Schadensersatz; Berufsrecht Rechtsanwälte; SchuldrechtAT,1
BGBAT; SchuldrechtAT; Schuldverhältnisse; Bankrecht Kreditrecht,1
Kauf Tausch Leasing; BGBAT; Miete Pacht,1
Bankrecht Kreditrecht; BGBAT; Bankrecht Kreditrecht; BGBAT,1
Berufsrecht Steuerberater; Handelsrecht Gesellschaftsrecht; Wettbewerbsrecht Kartellrecht; Handelsrecht Gesellschaftsrecht; Wettbewerbsrecht Kartellrecht,1
Erbschaft Schenkung; Neue Bundesländer; Sachenrecht; BGBAT; SchuldrechtAT,1
Berufsrecht Rechtsanwälte; Handelsrecht Gesellschaftsrecht; BGBAT,1
Miete Pacht; BGBAT; Schadensersatz; SchuldrechtAT; Schuldverhältnisse; Sachenrecht; Neue Bundesländer; Zivilverfahrensrecht,1
Rechnungslegung; Wirtschaftsprüfung; Wirtschaftsprüfung; Handelsrecht Gesellschaftsrecht,1
Ausländisches Recht; Familienrecht,1
Berufsrecht Rechtsanwälte; Zivilverfahrensrecht; EU-Recht; SchuldrechtAT,1
Berufsrecht Steuerberater; Berufsrecht Rechtsanwälte; Zivilverfahrensrecht; Strafrecht,1
Schadensersatz; SchuldrechtAT; Schuldverhältnisse; Insolvenzrecht,1
Berufsrecht Rechtsanwälte; Einkommensteuer/Lohnsteuer/Kirchensteuer; Rechnungslegung,1
Wettbewerbsrecht Kartellrecht; SchuldrechtAT; Handelsrecht Gesellschaftsrecht,1
Steuerstrafrecht; Verfahrensrecht/Abgabenordnung; Strafrecht; Ausländisches Recht; Ausländisches Steuerrecht,1
Lohnsteuer; Einkommensteuer/Lohnsteuer/Kirchensteuer; Erbschaft Schenkung; Erbschaftsteuer; ELWI-FAMR,1
Handelsrecht Gesellschaftsrecht; Öffentliches Recht; Bankrecht Kreditrecht,1
Berufsrecht Rechtsanwälte; Versicherungsrecht; BGBAT,1
Versicherungsrecht; Berufsrecht Steuerberater; Handelsrecht Gesellschaftsrecht; Handelsrecht Gesellschaftsrecht,1
Familienrecht; Sachenrecht,1
Neue Bundesländer; Familienrecht; Zivilverfahrensrecht,1
Steuerstrafrecht; ELWI-STAP; EDV-Recht; ELWI-STAP; Strafrecht; ELWI-STAP; ELWI-STAP,1
Familienrecht; SchuldrechtAT; Öffentliches Recht,1
Berufsrecht Steuerberater; Berufsrecht Rechtsanwälte; Verfahrensrecht/Abgabenordnung; Strafrecht,1
Bankrecht Kreditrecht; Zivilverfahrensrecht; SchuldrechtAT; Schadensersatz,1
Bankrecht Kreditrecht; BGBAT; Sachenrecht; Insolvenzrecht,1
Versicherungsrecht; Miete Pacht; Berufsrecht Rechtsanwälte; BGBAT,1
Zivilverfahrensrecht; BGBAT; Kauf Tausch Leasing,1
Umsatzsteuer; Kauf Tausch Leasing; Handelsrecht Gesellschaftsrecht,1
Kauf Tausch Leasing; Neue Bundesländer; Zivilverfahrensrecht,1
Berufsrecht Rechtsanwälte; Schadensersatz; Neue Bundesländer; Schadensersatz; Neue Bundesländer,1
Berufsrecht Steuerberater; Rechnungslegung; Strafrecht; Steuerstrafrecht,1
Öffentliches Recht; Sozialrecht; Arbeitsrecht; Schuldverhältnisse; SchuldrechtAT,1
Zivilverfahrensrecht; EU-Recht; Ausländisches Recht,1
BGBAT; Schadensersatz; SchuldrechtAT; Versicherungsrecht; BGBAT; Schadensersatz; SchuldrechtAT; Versicherungsrecht,1
Sachenrecht; Miete Pacht; Handelsrecht Gesellschaftsrecht; Miete Pacht; Handelsrecht Gesellschaftsrecht,1
Strafrecht; Familienrecht; Sozialrecht; Sozialversicherungsrecht,1
Versicherungsrecht; Versicherungsrecht,1
Rechnungslegung; Wohnungseigentum,1
Öffentliches Recht; Familienrecht; BGBAT,1
Urheberrecht Markenrecht Patentrecht; Verfahrensrecht/Abgabenordnung,1
Rechnungslegung; ELWI-Lohn,1
Neue Bundesländer; Neue Bundesländer; Zivilverfahrensrecht; Familienrecht; ELWI-FAMR,1
Insolvenzrecht; Berufsrecht Rechtsanwälte; Erbschaft Schenkung; Berufsrecht Steuerberater,1
Familienrecht; Erbschaftsteuer,1
Schadensersatz; SchuldrechtAT; Insolvenzrecht; Zivilverfahrensrecht,1
Landwirtschaftsrecht; Landwirtschaftsrecht; Zivilverfahrensrecht,1
Familienrecht; Öffentliches Recht; EU-Recht,1
Miete Pacht; BGBAT; SchuldrechtAT; Kauf Tausch Leasing; Handelsrecht Gesellschaftsrecht,1
Handelsrecht Gesellschaftsrecht; BGBAT; Schuldverhältnisse; Handelsrecht Gesellschaftsrecht; BGBAT; Schuldverhältnisse,1
Schadensersatz; Bankrecht Kreditrecht; BGBAT; Bankrecht Kreditrecht,1
Miete Pacht; Bankrecht Kreditrecht; Kauf Tausch Leasing,1
Berufsrecht Steuerberater; Familienrecht; Handelsrecht Gesellschaftsrecht; Rechnungslegung; ELWI-FAMR,1
Schadensersatz; Insolvenzrecht; Berufsrecht Rechtsanwälte; Zivilverfahrensrecht,1
Sachenrecht; Kauf Tausch Leasing; Urheberrecht Markenrecht Patentrecht,1
Sachenrecht; Handelsrecht Gesellschaftsrecht; Zivilverfahrensrecht; Handelsrecht Gesellschaftsrecht; Zivilverfahrensrecht,1
Rechnungslegung; Wirtschaftsprüfung,1
EDV-Recht; Bankrecht Kreditrecht; Wettbewerbsrecht Kartellrecht; SchuldrechtAT,1
Bankrecht Kreditrecht; SchuldrechtAT; BGBAT; Handelsrecht Gesellschaftsrecht; Bankrecht Kreditrecht; SchuldrechtAT; BGBAT; Handelsrecht Gesellschaftsrecht,1
Sachenrecht; Erbschaft Schenkung; Zivilverfahrensrecht,1
Miete Pacht; Wohnungseigentum; Zivilverfahrensrecht,1
Öffentliches Recht; BGBAT; Schadensersatz; EDV-Recht; EU-Recht,1
Werkvertrag; Werkvertrag; Info,1
BGBAT; Miete Pacht; ELWI-Lohn,1
Zivilverfahrensrecht; Berufsrecht Rechtsanwälte; EDV-Recht; ELWI-FAMR,1
Familienrecht; Sozialrecht; Zivilverfahrensrecht,1
Lohnsteuer; Rechnungslegung; Neue Bundesländer,1
Insolvenzrecht; Steuerstrafrecht,1
Berufsrecht Rechtsanwälte; Schadensersatz; SchuldrechtAT; Reisevertrag,1
Urheberrecht Markenrecht Patentrecht; Sachenrecht; Bankrecht Kreditrecht,1
Schadensersatz; SchuldrechtAT; Bankrecht Kreditrecht; Handelsrecht Gesellschaftsrecht,1
Verfahrensrecht/Abgabenordnung; Rechnungslegung; Steuerliche Betriebsprüfung; Einkommensteuer/Lohnsteuer/Kirchensteuer; Körperschaftsteuer,1
Versicherungsrecht; Ausländisches Recht,1
Bankrecht Kreditrecht; Erbschaftsteuer; Erbschaft Schenkung; Neue Bundesländer,1
Familienrecht; BGBAT; Schuldverhältnisse,1
SchuldrechtAT; Neue Bundesländer; Erbschaft Schenkung; Erbschaftsteuer,1
Berufsrecht Rechtsanwälte; Kauf Tausch Leasing; Sachenrecht; Schadensersatz; Schadensersatz,1
Berufsrecht Rechtsanwälte; Erbschaft Schenkung; Wettbewerbsrecht Kartellrecht; Bankrecht Kreditrecht,1
Rechnungslegung; Wirtschaftsprüfung; Handelsrecht Gesellschaftsrecht; BGBAT; Schuldverhältnisse; Schadensersatz; Handelsrecht Gesellschaftsrecht; BGBAT; Schuldverhältnisse; Schadensersatz,1
Handelsrecht Gesellschaftsrecht; Kauf Tausch Leasing; SchuldrechtAT; SchuldrechtAT,1
Werkvertrag; SchuldrechtAT; Schadensersatz; Werkvertrag,1
Erbschaft Schenkung; Erbschaftsteuer; Werkvertrag,1
Neue Bundesländer; Zivilverfahrensrecht; Familienrecht,1
Arbeitsrecht; Sonstiges Recht,1
SchuldrechtAT; Schadensersatz; Zivilverfahrensrecht; Bankrecht Kreditrecht; Wettbewerbsrecht Kartellrecht,1
Zivilverfahrensrecht; Handelsrecht Gesellschaftsrecht; Kauf Tausch Leasing; Wettbewerbsrecht Kartellrecht,1
Familienrecht; Sachenrecht; Neue Bundesländer; Zivilverfahrensrecht,1
BGBAT; Sachenrecht; Schadensersatz; EDV-Recht,1
Handelsrecht Gesellschaftsrecht; Öffentliches Recht; Wettbewerbsrecht Kartellrecht,1
Urheberrecht Markenrecht Patentrecht; Sachenrecht; Öffentliches Recht,1
Einkommensteuer/Lohnsteuer/Kirchensteuer; Lohnsteuer; Lohnsteuer; Steuerstrafrecht,1
Berufsrecht Rechtsanwälte; EU-Recht; Öffentliches Recht,1
BGBAT; Reisevertrag; EDV-Recht,1
EU-Recht; Insolvenzrecht; Berufsrecht Rechtsanwälte,1
Familienrecht; Berufsrecht Rechtsanwälte; BGBAT; ELWI-FAMR; ELWI-FAMR,1
Berufsrecht Rechtsanwälte; Öffentliches Recht; Schadensersatz,1
Arbeitsrecht; Handelsrecht Gesellschaftsrecht; Strafrecht,1
Zivilverfahrensrecht; Bankrecht Kreditrecht; Insolvenzrecht,1
Berufsrecht Rechtsanwälte; Insolvenzrecht; Handelsrecht Gesellschaftsrecht; Insolvenzrecht; Handelsrecht Gesellschaftsrecht,1
Familienrecht; Schuldverhältnisse; Öffentliches Recht; Handelsrecht Gesellschaftsrecht,1
Miete Pacht; SchuldrechtAT; Schadensersatz; Versicherungsrecht,1
Sozialversicherungsrecht; Zivilverfahrensrecht; BGBAT,1
Werkvertrag; Berufsrecht Rechtsanwälte; Handelsrecht Gesellschaftsrecht,1
Wettbewerbsrecht Kartellrecht; Urheberrecht Markenrecht Patentrecht; Schadensersatz; SchuldrechtAT,1
Berufsrecht Rechtsanwälte; Rechnungslegung; Insolvenzrecht; Insolvenzrecht,1
Gewerbesteuer; Berufsrecht Rechtsanwälte; Berufsrecht Steuerberater,1
Miete Pacht; BGBAT; Erbschaft Schenkung,1
SchuldrechtAT; Erbschaft Schenkung; Schadensersatz,1
Bankrecht Kreditrecht; Schadensersatz; SchuldrechtAT; Schuldverhältnisse; Handelsrecht Gesellschaftsrecht,1
Kauf Tausch Leasing; Erbschaft Schenkung; BGBAT,1
Strafrecht; Berufsrecht Rechtsanwälte; Steuerstrafrecht; Zivilverfahrensrecht,1
Umsatzsteuer; Schadensersatz; SchuldrechtAT; Bankrecht Kreditrecht; Schuldverhältnisse; Schadensersatz; SchuldrechtAT; Bankrecht Kreditrecht; Schuldverhältnisse,1
Berufsrecht Rechtsanwälte; SchuldrechtAT; Schadensersatz; Insolvenzrecht; SchuldrechtAT; Schadensersatz; Insolvenzrecht,1
Sozialversicherungsrecht; Sozialrecht; EU-Recht,1
Berufsrecht Rechtsanwälte; Kauf Tausch Leasing; Bankrecht Kreditrecht; Schadensersatz; BGBAT,1
Wettbewerbsrecht Kartellrecht; Berufsrecht Steuerberater; Berufsrecht Rechtsanwälte; Info,1
Kauf Tausch Leasing; EDV-Recht; SchuldrechtAT,1
Bankrecht Kreditrecht; Zivilverfahrensrecht; Insolvenzrecht,1
Berufsrecht Steuerberater; Rechnungslegung; Wirtschaftsprüfung,1
Berufsrecht Steuerberater; BGBAT; Umsatzsteuer,1
Steuerstrafrecht; Steuerstrafrecht; Umsatzsteuer,1
Miete Pacht; Grundsteuer; Schadensersatz,1
Berufsrecht Steuerberater; Berufsrecht Rechtsanwälte; Rechnungslegung,1
Werkvertrag; Sachenrecht,1
Sachenrecht; Zivilverfahrensrecht; Kauf Tausch Leasing,1
Handelsrecht Gesellschaftsrecht; Arbeitsrecht; SchuldrechtAT,1
Bankrecht Kreditrecht; SchuldrechtAT; Kauf Tausch Leasing; Insolvenzrecht,1
Berufsrecht Rechtsanwälte; Kauf Tausch Leasing; Sachenrecht; Zivilverfahrensrecht,1
BGBAT; Schuldverhältnisse; Verfahrensrecht/Abgabenordnung,1
Umsatzsteuer; Urheberrecht Markenrecht Patentrecht,1
Insolvenzrecht; Neue Bundesländer; Zivilverfahrensrecht; Insolvenzrecht; Neue Bundesländer; Zivilverfahrensrecht,1
Familienrecht; ELWI-FAMR; BGBAT; Neue Bundesländer; ELWI-FAMR,1
Einkommensteuer/Lohnsteuer/Kirchensteuer; Lohnsteuer; Strafrecht; Steuerstrafrecht,1
Miete Pacht; Schadensersatz; Sachenrecht; Bankrecht Kreditrecht,1
Sachenrecht; Bankrecht Kreditrecht; Schadensersatz; Zivilverfahrensrecht,1
Arbeitsrecht; Verfahrensrecht/Abgabenordnung; Zivilverfahrensrecht,1
"BGBAT; Schadensersatz; Kauf
Tausch Leasing; SchuldrechtAT",1
Berufsrecht Rechtsanwälte; Insolvenzrecht; Arbeitsrecht,1
Einkommensteuer/Lohnsteuer/Kirchensteuer; Lohnsteuer; Gewerbesteuer; Strafrecht; Steuerstrafrecht; Verfahrensrecht/Abgabenordnung,1
Bankrecht Kreditrecht; EDV-Recht; SchuldrechtAT; Wettbewerbsrecht Kartellrecht,1
Schadensersatz; Schadensersatz; EU-Recht; Handelsrecht Gesellschaftsrecht,1
Lohnsteuer; Berufsrecht Rechtsanwälte; Einkommensteuer/Lohnsteuer/Kirchensteuer; Familienrecht; Insolvenzrecht; Info,1
Neue Bundesländer; BGBAT; Familienrecht; ELWI-FAMR,1
Zivilverfahrensrecht; EDV-Recht; Verfahrensrecht/Abgabenordnung,1
Bankrecht Kreditrecht; Versicherungsrecht; SchuldrechtAT; Zivilverfahrensrecht; BGBAT,1
Zivilverfahrensrecht; Schadensersatz; SchuldrechtAT; Schuldverhältnisse,1
Berufsrecht Rechtsanwälte; Strafrecht; Öffentliches Recht; Berufsrecht Steuerberater,1
SchuldrechtAT; Miete Pacht; Insolvenzrecht; Zivilverfahrensrecht,1
BGBAT; Schuldverhältnisse; Schadensersatz,1
Schadensersatz; Bankrecht Kreditrecht; Handelsrecht Gesellschaftsrecht; BGBAT,1
BGBAT; Bankrecht Kreditrecht; Sachenrecht; BGBAT; Bankrecht Kreditrecht; Sachenrecht,1
Öffentliches Recht; Sozialrecht; Schadensersatz,1
Berufsrecht Steuerberater; Berufsrecht Rechtsanwälte; Bankrecht Kreditrecht; Wirtschaftsprüfung; EU-Recht; Steuerstrafrecht; Strafrecht,1
Berufsrecht Rechtsanwälte; Rechnungslegung; Zivilverfahrensrecht; Handelsrecht Gesellschaftsrecht,1
Einkommensteuer/Lohnsteuer/Kirchensteuer; Lohnsteuer; Steuerstrafrecht; ELWI-STAP,1
Werkvertrag; SchuldrechtAT; ELWI-Lohn,1
SchuldrechtAT; Zivilverfahrensrecht; EDV-Recht; Öffentliches Recht,1
Sozialversicherungsrecht; Steuerstrafrecht; ELWI-STAP,1
Umsatzsteuer; Miete Pacht; BGBAT; Schadensersatz,1
Einkommensteuer/Lohnsteuer/Kirchensteuer; Schadensersatz,1
Neue Bundesländer; Sachenrecht; Erbschaftsteuer; Erbschaft Schenkung,1
Sozialrecht; SchuldrechtAT; Erbschaft Schenkung,1
SchuldrechtAT; BGBAT; Versicherungsrecht,1
Berufsrecht Steuerberater; Berufsrecht Rechtsanwälte; Steuerstrafrecht; Strafrecht,1
Erbschaft Schenkung; SchuldrechtAT; Erbschaftsteuer; Landwirtschaftsrecht; Miete Pacht; ELWI-FAMR,1
Wettbewerbsrecht Kartellrecht; Handelsrecht Gesellschaftsrecht; Öffentliches Recht; Berufsrecht Rechtsanwälte; Versicherungsrecht,1
Körperschaftsteuer; Körperschaftsteuer; Einkommensteuer/Lohnsteuer/Kirchensteuer,1
Berufsrecht Steuerberater; BGBAT; SchuldrechtAT,1
BGBAT; SchuldrechtAT; Versicherungsrecht; Schadensersatz,1
Verfahrensrecht/Abgabenordnung; Schuldverhältnisse,1
Kauf Tausch Leasing; Schuldverhältnisse; SchuldrechtAT,1
Bankrecht Kreditrecht; Wettbewerbsrecht Kartellrecht; SchuldrechtAT; EDV-Recht; Kauf Tausch Leasing; Schuldverhältnisse,1
Handelsrecht Gesellschaftsrecht; Rechnungslegung; Verfahrensrecht/Abgabenordnung,1
Berufsrecht Rechtsanwälte; EDV-Recht; SchuldrechtAT,1
Rechnungslegung; Handelsrecht Gesellschaftsrecht; Schuldverhältnisse; Bankrecht Kreditrecht; Handelsrecht Gesellschaftsrecht; Schuldverhältnisse; Bankrecht Kreditrecht,1
Bankrecht Kreditrecht; Zivilverfahrensrecht; BGBAT; SchuldrechtAT; Schadensersatz; Handelsrecht Gesellschaftsrecht,1
Steuerstrafrecht; Schadensersatz; Steuerstrafrecht,1
Wettbewerbsrecht Kartellrecht; Urheberrecht Markenrecht Patentrecht; SchuldrechtAT; Wettbewerbsrecht Kartellrecht; Urheberrecht Markenrecht Patentrecht; SchuldrechtAT,1
Schadensersatz; Bankrecht Kreditrecht; Zivilverfahrensrecht; Handelsrecht Gesellschaftsrecht,1
Schadensersatz; Schadensersatz; Einkommensteuer/Lohnsteuer/Kirchensteuer,1
Außensteuerrecht; Lohnsteuer; Einkommensteuer/Lohnsteuer/Kirchensteuer; Rechnungslegung,1
Schadensersatz; Erbschaft Schenkung; Erbschaftsteuer; Familienrecht,1
BGBAT; SchuldrechtAT; Handelsrecht Gesellschaftsrecht; Zivilverfahrensrecht,1
Steuerstrafrecht; Berufsrecht Rechtsanwälte; Umsatzsteuer; Strafrecht,1
Kauf Tausch Leasing; Info,1
Zivilverfahrensrecht; Bankrecht Kreditrecht; SchuldrechtAT; Zivilverfahrensrecht; Bankrecht Kreditrecht; SchuldrechtAT,1
SchuldrechtAT; Schadensersatz; Handelsrecht Gesellschaftsrecht; Bankrecht Kreditrecht,1
Handelsrecht Gesellschaftsrecht; Schuldverhältnisse; Bankrecht Kreditrecht; SchuldrechtAT; Handelsrecht Gesellschaftsrecht; Schuldverhältnisse; Bankrecht Kreditrecht; SchuldrechtAT,1
BGBAT; Erbschaftsteuer; Bewertung; Umsatzsteuer,1
Arbeitsrecht; Werkvertrag; Werkvertrag,1
Berufsrecht Rechtsanwälte; Insolvenzrecht; Urheberrecht Markenrecht Patentrecht,1
Sachenrecht; Insolvenzrecht; Neue Bundesländer; Zivilverfahrensrecht; Insolvenzrecht; Neue Bundesländer; Zivilverfahrensrecht,1
Familienrecht; Rechnungslegung; Erbschaft Schenkung; Erbschaftsteuer; ELWI-FAMR,1
Steuerstrafrecht; Verfahrensrecht/Abgabenordnung; Steuerliche Betriebsprüfung; Einkommensteuer/Lohnsteuer/Kirchensteuer,1
Neue Bundesländer; Sachenrecht; BGBAT; BGBAT,1
Berufsrecht Rechtsanwälte; Schadensersatz; BGBAT; Handelsrecht Gesellschaftsrecht; Zivilverfahrensrecht,1
EDV-Recht; Berufsrecht Rechtsanwälte; Einkommensteuer/Lohnsteuer/Kirchensteuer; Sozialrecht,1
Sachenrecht; Bankrecht Kreditrecht; Werkvertrag,1
Versicherungsrecht; Rechnungslegung; Wirtschaftsprüfung,1
Zivilverfahrensrecht; SchuldrechtAT; Schadensersatz; Bankrecht Kreditrecht,1
Bankrecht Kreditrecht; Berufsrecht Rechtsanwälte; Zivilverfahrensrecht; Schuldverhältnisse; Schadensersatz; SchuldrechtAT,1
Zivilverfahrensrecht; SchuldrechtAT; EDV-Recht; Bankrecht Kreditrecht,1
Gewerbesteuer; Schadensersatz; Handelsrecht Gesellschaftsrecht; Zivilverfahrensrecht; Handelsrecht Gesellschaftsrecht; Zivilverfahrensrecht,1
Wohnungseigentum; Handelsrecht Gesellschaftsrecht; Familienrecht,1
EDV-Recht; SchuldrechtAT; Bankrecht Kreditrecht; Öffentliches Recht,1
Berufsrecht Rechtsanwälte; SchuldrechtAT; Berufsrecht Rechtsanwälte; Zivilverfahrensrecht,1
BGBAT; Miete Pacht; ELWI-FAMR,1
Wettbewerbsrecht Kartellrecht; Handelsrecht Gesellschaftsrecht; Schadensersatz; Info,1
Arbeitsrecht; Rechnungslegung; SchuldrechtAT,1
SchuldrechtAT; Bankrecht Kreditrecht; Schadensersatz; Verfahrensrecht/Abgabenordnung,1
Bankrecht Kreditrecht; Sachenrecht; Kauf Tausch Leasing; Bankrecht Kreditrecht; Sachenrecht; Kauf Tausch Leasing,1
Versicherungsrecht; Berufsrecht Steuerberater; Zivilverfahrensrecht,1
Werkvertrag; Arbeitsrecht,1
Berufsrecht Rechtsanwälte; Handelsrecht Gesellschaftsrecht; Insolvenzrecht,1
EU-Recht; Reisevertrag; Zivilverfahrensrecht,1
BGBAT; Urheberrecht Markenrecht Patentrecht; Wettbewerbsrecht Kartellrecht,1
Rechnungslegung; Insolvenzrecht; Zivilverfahrensrecht; BGBAT,1
Werkvertrag; Schadensersatz; BGBAT,1
Handelsrecht Gesellschaftsrecht; Sachenrecht; Wettbewerbsrecht Kartellrecht; Handelsrecht Gesellschaftsrecht; Sachenrecht; Wettbewerbsrecht Kartellrecht,1
Erbschaft Schenkung; Erbschaftsteuer; Miete Pacht,1
Umsatzsteuer; Miete Pacht; Zivilverfahrensrecht,1
Einkommensteuer/Lohnsteuer/Kirchensteuer; Körperschaftsteuer; Rechnungslegung; Umsatzsteuer,1
BGBAT; Miete Pacht; SchuldrechtAT,1
"Berufsrecht Steuerberater; Berufsrecht
Rechtsanwälte; Zivilverfahrensrecht",1
Schadensersatz; Bankrecht Kreditrecht; Versicherungsrecht; Zivilverfahrensrecht,1
Insolvenzrecht; Arbeitsrecht; Berufsrecht Rechtsanwälte,1
Schadensersatz; SchuldrechtAT; Werkvertrag; Landwirtschaftsrecht,1
Schadensersatz; SchuldrechtAT; BGBAT; Neue Bundesländer,1
Bankrecht Kreditrecht; Schadensersatz; SchuldrechtAT; Insolvenzrecht,1
Erbschaft Schenkung; Erbschaftsteuer; Familienrecht; ELWI-FAMR,1
BGBAT; Sachenrecht; Familienrecht; Zivilverfahrensrecht; ELWI-FAMR,1
Schadensersatz; Insolvenzrecht; Miete Pacht,1
Umsatzsteuer; Lohnsteuer; Lohnsteuer; Strafrecht; Steuerstrafrecht,1
Wohnungseigentum; Verfahrensrecht/Abgabenordnung; Zivilverfahrensrecht,1
Insolvenzrecht; Kauf Tausch Leasing; Miete Pacht; Insolvenzrecht; Kauf Tausch Leasing; Miete Pacht,1
Handelsrecht Gesellschaftsrecht; Zivilverfahrensrecht; EU-Recht,1
Kauf Tausch Leasing; Bankrecht Kreditrecht; SchuldrechtAT; Insolvenzrecht,1
Wohnungseigentum; Insolvenzrecht; SchuldrechtAT,1
Arbeitsrecht; Erbschaft Schenkung; Schuldverhältnisse; Schadensersatz; SchuldrechtAT,1
Reisevertrag; Handelsrecht Gesellschaftsrecht,1
Handelsrecht Gesellschaftsrecht; Bankrecht Kreditrecht; Schuldverhältnisse; Schadensersatz,1
Strafrecht; Schuldverhältnisse; Berufsrecht Rechtsanwälte,1
Miete Pacht; Miete Pacht; Erbschaft Schenkung; Erbschaftsteuer,1
Schadensersatz; Zivilverfahrensrecht; BGBAT; SchuldrechtAT; Bankrecht Kreditrecht,1
Berufsrecht Rechtsanwälte; Zivilverfahrensrecht; Werkvertrag,1
Erbschaftsteuer; Steuerstrafrecht; Verfahrensrecht/Abgabenordnung,1
Erbschaft Schenkung; Insolvenzrecht; BGBAT; EU-Recht; Zivilverfahrensrecht,1
Wohnungseigentum; Schuldverhältnisse; SchuldrechtAT,1
Wohnungseigentum; Erbschaftsteuer; Erbschaft Schenkung,1
Schadensersatz; Familienrecht; Bankrecht Kreditrecht,1
Werkvertrag; Erbschaft Schenkung,1
EDV-Recht; Versicherungsrecht,1
SchuldrechtAT; Versicherungsrecht; Erbschaft Schenkung,1
Berufsrecht Rechtsanwälte; Erbschaft Schenkung; Erbschaftsteuer; Zivilverfahrensrecht; BGBAT,1
Berufsrecht Rechtsanwälte; EDV-Recht; EU-Recht,1
BGBAT; Schadensersatz; SchuldrechtAT; Werkvertrag,1
Erbschaft Schenkung; Neue Bundesländer; BGBAT; Sachenrecht,1
Berufsrecht Rechtsanwälte; Schuldverhältnisse; Schuldverhältnisse,1
Bankrecht Kreditrecht; Steuerstrafrecht; Strafrecht,1
Insolvenzrecht; Wettbewerbsrecht Kartellrecht; Zivilverfahrensrecht; SchuldrechtAT,1
Rechnungslegung; Rechnungslegung; Zivilverfahrensrecht,1
Berufsrecht Rechtsanwälte; Kauf Tausch Leasing; Handelsrecht Gesellschaftsrecht; BGBAT,1
Öffentliches Recht; BGBAT; Kauf Tausch Leasing,1
Bankrecht Kreditrecht; Öffentliches Recht; Berufsrecht Rechtsanwälte,1
Schuldverhältnisse; Zivilverfahrensrecht; Berufsrecht Rechtsanwälte,1
Sachenrecht; Zivilverfahrensrecht; BGBAT; Bankrecht Kreditrecht; SchuldrechtAT; Zivilverfahrensrecht; BGBAT; Bankrecht Kreditrecht; SchuldrechtAT,1
Einkommensteuer/Lohnsteuer/Kirchensteuer; Berufsrecht Rechtsanwälte; Insolvenzrecht,1
SchuldrechtAT; Familienrecht; BGBAT,1
Info; Schadensersatz; Sachenrecht; Wettbewerbsrecht Kartellrecht; EDV-Recht,1
Erbschaftsteuer; Erbschaft Schenkung; BGBAT; SchuldrechtAT; Insolvenzrecht,1
Zivilverfahrensrecht; Schuldverhältnisse; ELWI-FAMR,1
Schadensersatz; BGBAT; SchuldrechtAT; Zivilverfahrensrecht,1
Schadensersatz; Bankrecht Kreditrecht; SchuldrechtAT; Wirtschaftsprüfung,1
Berufsrecht Rechtsanwälte; Berufsrecht Steuerberater; Wirtschaftsprüfung; Schadensersatz; Werkvertrag; Schadensersatz; Werkvertrag,1
BGBAT; Kauf Tausch Leasing; SchuldrechtAT; Öffentliches Recht,1
Strafrecht; Berufsrecht Rechtsanwälte; Berufsrecht Steuerberater; Verfahrensrecht/Abgabenordnung,1
Schuldverhältnisse; BGBAT; Schadensersatz; SchuldrechtAT,1
Bankrecht Kreditrecht; BGBAT; EDV-Recht,1
Schadensersatz; SchuldrechtAT; Schuldverhältnisse; BGBAT; Zivilverfahrensrecht; SchuldrechtAT; Schuldverhältnisse; BGBAT; Zivilverfahrensrecht,1
Handelsrecht Gesellschaftsrecht; Insolvenzrecht; Rechnungslegung,1
Insolvenzrecht; Bankrecht Kreditrecht; SchuldrechtAT; Kauf Tausch Leasing,1
Berufsrecht Rechtsanwälte; Bankrecht Kreditrecht; EU-Recht,1
Kauf Tausch Leasing; SchuldrechtAT; Handelsrecht Gesellschaftsrecht; Familienrecht,1
Einkommensteuer/Lohnsteuer/Kirchensteuer; Umsatzsteuer; Grunderwerbsteuer; Erbschaftsteuer; Rechnungslegung; Verfahrensrecht/Abgabenordnung,1
Einkommensteuer/Lohnsteuer/Kirchensteuer; Lohnsteuer; Sozialrecht,1
Schadensersatz; Erbschaftsteuer; Erbschaft Schenkung; Handelsrecht Gesellschaftsrecht,1
Lohnsteuer; Familienrecht; Einkommensteuer/Lohnsteuer/Kirchensteuer,1
Berufsrecht Rechtsanwälte; Schadensersatz; BGBAT; Schadensersatz; BGBAT,1
Ausländisches Steuerrecht; EU-Recht,1
Schadensersatz; Berufsrecht Rechtsanwälte; Handelsrecht Gesellschaftsrecht,1
Miete Pacht; Öffentliches Recht; SchuldrechtAT,1
EU-Recht; Öffentliches Recht; Bankrecht Kreditrecht,1
Kauf Tausch Leasing; Rechnungslegung; Handelsrecht Gesellschaftsrecht; Insolvenzrecht,1
Versicherungsrecht; Schadensersatz; BGBAT,1
Berufsrecht Steuerberater; Schadensersatz; Rechnungslegung,1
Strafrecht; Steuerstrafrecht; Einkommensteuer/Lohnsteuer/Kirchensteuer,1
Neue Bundesländer; Schadensersatz; Zivilverfahrensrecht,1
Öffentliches Recht; Sozialrecht; Zivilverfahrensrecht; Berufsrecht Rechtsanwälte; BGBAT,1
Zivilverfahrensrecht; Insolvenzrecht; BGBAT,1
Sachenrecht; Schuldverhältnisse; Schadensersatz,1
Schuldverhältnisse; Schadensersatz; SchuldrechtAT; Schuldverhältnisse; Schadensersatz; SchuldrechtAT,1
Berufsrecht Rechtsanwälte; BGBAT; Schuldverhältnisse,1
Berufsrecht Rechtsanwälte; Zivilverfahrensrecht; Schadensersatz; SchuldrechtAT; Schuldverhältnisse; Zivilverfahrensrecht; Schadensersatz; SchuldrechtAT; Schuldverhältnisse,1
Zivilverfahrensrecht; Schuldverhältnisse; Schadensersatz; SchuldrechtAT,1
Berufsrecht Rechtsanwälte; Öffentliches Recht; Verfahrensrecht/Abgabenordnung; Zivilverfahrensrecht,1
Berufsrecht Rechtsanwälte; Sozialrecht; Sozialversicherungsrecht; Arbeitsrecht,1
EDV-Recht; Wettbewerbsrecht Kartellrecht; Kauf Tausch Leasing,1
Sozialrecht; Sozialversicherungsrecht; Schadensersatz; Arbeitsrecht,1
Urheberrecht Markenrecht Patentrecht; BGBAT; Handelsrecht Gesellschaftsrecht,1
Bankrecht Kreditrecht; Schadensersatz; SchuldrechtAT; Sachenrecht,1
Schadensersatz; SchuldrechtAT; Zivilverfahrensrecht; Info,1
Handelsrecht Gesellschaftsrecht; Schadensersatz; SchuldrechtAT; Schadensersatz; SchuldrechtAT,1
Schadensersatz; SchuldrechtAT; Wohnungseigentum; Kauf Tausch Leasing,1
Versicherungsrecht; Schadensersatz; SchuldrechtAT; Zivilverfahrensrecht,1
Handelsrecht Gesellschaftsrecht; BGBAT; Urheberrecht Markenrecht Patentrecht; Zivilverfahrensrecht,1
Strafrecht; BGBAT,1
Berufsrecht Rechtsanwälte; Schuldverhältnisse; Zivilverfahrensrecht; Schuldverhältnisse; Zivilverfahrensrecht,1
Berufsrecht Rechtsanwälte; Insolvenzrecht; Handelsrecht Gesellschaftsrecht; Handelsrecht Gesellschaftsrecht,1
Berufsrecht Rechtsanwälte; Schadensersatz; SchuldrechtAT; Landwirtschaftsrecht; Miete Pacht; Neue Bundesländer,1
Handelsrecht Gesellschaftsrecht; BGBAT; SchuldrechtAT; Schadensersatz; Handelsrecht Gesellschaftsrecht; BGBAT; SchuldrechtAT; Schadensersatz,1
Außensteuerrecht; Einkommensteuer/Lohnsteuer/Kirchensteuer; EU-Recht,1
Wettbewerbsrecht Kartellrecht; Handelsrecht Gesellschaftsrecht; SchuldrechtAT; Schadensersatz,1
Schadensersatz; SchuldrechtAT; Arbeitsrecht; Schuldverhältnisse; Zivilverfahrensrecht,1
Berufsrecht Rechtsanwälte; Wohnungseigentum; Schuldverhältnisse,1
Werkvertrag; Werkvertrag; Schadensersatz; Insolvenzrecht; Neue Bundesländer; Bankrecht Kreditrecht; SchuldrechtAT,1
Rechnungslegung; Handelsrecht Gesellschaftsrecht; Bankrecht Kreditrecht; Handelsrecht Gesellschaftsrecht; Bankrecht Kreditrecht; ELWI-REWE,1
Berufsrecht Steuerberater; Wirtschaftsprüfung; Schadensersatz; Schadensersatz,1
Schadensersatz; BGBAT; Bankrecht Kreditrecht; Sachenrecht; Zivilverfahrensrecht,1
Rechnungslegung; Zivilverfahrensrecht; SchuldrechtAT; Bankrecht Kreditrecht,1
Schadensersatz; SchuldrechtAT; Schuldverhältnisse; BGBAT; Handelsrecht Gesellschaftsrecht,1
Schadensersatz; Berufsrecht Steuerberater; Info,1
Handelsrecht Gesellschaftsrecht; Neue Bundesländer; SchuldrechtAT,1
Versicherungsrecht; Erbschaft Schenkung,1
Miete Pacht; Neue Bundesländer; BGBAT; Zivilverfahrensrecht,1
Versicherungsrecht; Werkvertrag,1
Rechnungslegung; Berufsrecht Steuerberater; Schuldverhältnisse; Insolvenzrecht; Handelsrecht Gesellschaftsrecht; Berufsrecht Steuerberater; Info,1
Rechnungslegung; Handelsrecht Gesellschaftsrecht; SchuldrechtAT; Bankrecht Kreditrecht; Handelsrecht Gesellschaftsrecht; SchuldrechtAT; Bankrecht Kreditrecht,1
Lohnsteuer; Einkommensteuer/Lohnsteuer/Kirchensteuer; SchuldrechtAT; Arbeitsrecht,1
Wettbewerbsrecht Kartellrecht; Zivilverfahrensrecht; Öffentliches Recht,1
Strafrecht; Handelsrecht Gesellschaftsrecht; Steuerstrafrecht,1
Insolvenzrecht; Berufsrecht Steuerberater; Zivilverfahrensrecht,1
Berufsrecht Rechtsanwälte; Berufsrecht Steuerberater; Handelsrecht Gesellschaftsrecht; Schadensersatz,1
SchuldrechtAT; Erbschaftsteuer; Erbschaft Schenkung,1
Kauf Tausch Leasing; SchuldrechtAT; Handelsrecht Gesellschaftsrecht; Kauf Tausch Leasing; SchuldrechtAT; Handelsrecht Gesellschaftsrecht,1
Berufsrecht Steuerberater; Umsatzsteuer; Schadensersatz,1
Rechnungslegung; Handelsrecht Gesellschaftsrecht; Insolvenzrecht; Neue Bundesländer; Handelsrecht Gesellschaftsrecht; Insolvenzrecht; Neue Bundesländer,1
Arbeitsrecht; Sozialversicherungsrecht; Sozialrecht; Schadensersatz,1
Kauf Tausch Leasing; Schadensersatz; BGBAT; Bankrecht Kreditrecht; Zivilverfahrensrecht,1
Kauf Tausch Leasing; Kauf Tausch Leasing; Insolvenzrecht; BGBAT; SchuldrechtAT,1
Berufsrecht Rechtsanwälte; Insolvenzrecht; Sachenrecht; Insolvenzrecht; Sachenrecht,1
Verbrauchsteuern; Steuerstrafrecht; Steuerstrafrecht,1
SchuldrechtAT; Schadensersatz; Umsatzsteuer; ELWI-Lohn,1
Insolvenzrecht; BGBAT; Miete Pacht; Bankrecht Kreditrecht; Sachenrecht; Zivilverfahrensrecht,1
BGBAT; Bankrecht Kreditrecht; SchuldrechtAT; Kauf Tausch Leasing; Insolvenzrecht; BGBAT; Bankrecht Kreditrecht; SchuldrechtAT; Kauf Tausch Leasing; Insolvenzrecht,1
Einkommensteuer/Lohnsteuer/Kirchensteuer; Umsatzsteuer,1
SchuldrechtAT; Zivilverfahrensrecht; Erbschaft Schenkung; Bankrecht Kreditrecht,1
Schadensersatz; BGBAT; SchuldrechtAT; Berufsrecht Rechtsanwälte,1
Miete Pacht; Sozialrecht; Sozialversicherungsrecht,1
Bankrecht Kreditrecht; Schadensersatz; Sachenrecht; Erbschaft Schenkung; Erbschaftsteuer,1
Miete Pacht; Landwirtschaftsrecht; Sachenrecht,1
Erbschaft Schenkung; Erbschaftsteuer; Erbschaft Schenkung; Erbschaft Schenkung; Erbschaft Schenkung; Erbschaftsteuer; Erbschaftsteuer; Erbschaftsteuer,1
Zivilverfahrensrecht; EU-Recht; BGBAT,1
Sachenrecht; Schadensersatz; SchuldrechtAT; Zivilverfahrensrecht,1
Neue Bundesländer; Umsatzsteuer,1
Bankrecht Kreditrecht; SchuldrechtAT; Handelsrecht Gesellschaftsrecht; Schadensersatz; Wirtschaftsprüfung,1
EDV-Recht; Zivilverfahrensrecht; SchuldrechtAT,1
Berufsrecht Rechtsanwälte; Werkvertrag; Insolvenzrecht; Zivilverfahrensrecht,1
Wohnungseigentum; Wohnungseigentum; Zivilverfahrensrecht,1
Werkvertrag; SchuldrechtAT; Insolvenzrecht,1
Wirtschaftsprüfung; SchuldrechtAT; Schuldverhältnisse; Bankrecht Kreditrecht,1
Neue Bundesländer; Handelsrecht Gesellschaftsrecht; Schadensersatz; Neue Bundesländer; Handelsrecht Gesellschaftsrecht; Schadensersatz,1
Sonstiges Recht; Gewerbesteuer,1
Sozialversicherungsrecht; Kauf Tausch Leasing; Wettbewerbsrecht Kartellrecht,1
Bankrecht Kreditrecht; Kauf Tausch Leasing; SchuldrechtAT; Zivilverfahrensrecht,1
Berufsrecht Rechtsanwälte; Schadensersatz; Erbschaft Schenkung; Erbschaftsteuer; Zivilverfahrensrecht; SchuldrechtAT,1
Strafrecht; Handelsrecht Gesellschaftsrecht; Arbeitsrecht; Berufsrecht Rechtsanwälte,1
Verfahrensrecht/Abgabenordnung; Bankrecht Kreditrecht; Handelsrecht Gesellschaftsrecht,1
Steuerstrafrecht; Strafrecht; Zivilverfahrensrecht,1
Berufsrecht Rechtsanwälte; Insolvenzrecht; Rechnungslegung; Wirtschaftsprüfung; Handelsrecht Gesellschaftsrecht,1
Berufsrecht Steuerberater; Handelsrecht Gesellschaftsrecht; Schadensersatz,1
Miete Pacht; Schadensersatz; Schuldverhältnisse; Sachenrecht,1
Handelsrecht Gesellschaftsrecht; Berufsrecht Steuerberater,1
Einkommensteuer/Lohnsteuer/Kirchensteuer; Verfahrensrecht/Abgabenordnung; Steuerstrafrecht,1
EDV-Recht; Steuerstrafrecht,1
Bankrecht Kreditrecht; Schadensersatz; Versicherungsrecht,1
Sachenrecht; BGBAT; Neue Bundesländer,1
Erbschaft Schenkung; Handelsrecht Gesellschaftsrecht; SchuldrechtAT,1
Bankrecht Kreditrecht; SchuldrechtAT; Reisevertrag,1
Schadensersatz; Bankrecht Kreditrecht; Sachenrecht; BGBAT,1
EU-Recht; Öffentliches Recht; EDV-Recht,1
Handelsrecht Gesellschaftsrecht; Zivilverfahrensrecht; Bankrecht Kreditrecht,1
Sachenrecht; Bankrecht Kreditrecht; SchuldrechtAT; Zivilverfahrensrecht,1
Strafrecht; Steuerstrafrecht; Insolvenzrecht,1
Verfahrensrecht/Abgabenordnung; Zivilverfahrensrecht; Ausländisches Recht; Ausländisches Steuerrecht,1
Kauf Tausch Leasing; Sachenrecht; Wohnungseigentum; SchuldrechtAT; Schadensersatz; Insolvenzrecht,1
Arbeitsrecht; Schuldverhältnisse; EDV-Recht; Öffentliches Recht; Handelsrecht Gesellschaftsrecht,1
Erbschaft Schenkung; Erbschaftsteuer; BGBAT; Erbschaftsteuer; Familienrecht,1
Berufsrecht Rechtsanwälte; Schadensersatz; Schadensersatz; SchuldrechtAT,1
Neue Bundesländer; Versicherungsrecht; Zivilverfahrensrecht,1
BGBAT; Sachenrecht; Handelsrecht Gesellschaftsrecht,1
Rechnungslegung; EU-Recht; Handelsrecht Gesellschaftsrecht; Handelsrecht Gesellschaftsrecht,1
SchuldrechtAT; Schuldverhältnisse; Bankrecht Kreditrecht; Zivilverfahrensrecht,1
SchuldrechtAT; Schadensersatz; Sachenrecht; Bankrecht Kreditrecht; Zivilverfahrensrecht,1
Berufsrecht Rechtsanwälte; Wirtschaftsprüfung; Zivilverfahrensrecht; Handelsrecht Gesellschaftsrecht,1
Schadensersatz; Zivilverfahrensrecht; Neue Bundesländer,1
Sozialversicherungsrecht; Schadensersatz; SchuldrechtAT,1
Insolvenzrecht; Neue Bundesländer; SchuldrechtAT,1
Berufsrecht Rechtsanwälte; Schadensersatz; Schuldverhältnisse; Insolvenzrecht,1
Verfahrensrecht/Abgabenordnung; EDV-Recht,1
Berufsrecht Rechtsanwälte; Insolvenzrecht; Bankrecht Kreditrecht; Neue Bundesländer,1
Berufsrecht Rechtsanwälte; Schadensersatz; Kauf Tausch Leasing; Zivilverfahrensrecht; Schadensersatz; Kauf Tausch Leasing; Zivilverfahrensrecht,1
Miete Pacht; Rechnungslegung; Handelsrecht Gesellschaftsrecht; Handelsrecht Gesellschaftsrecht,1
Miete Pacht; Grundsteuer,1
SchuldrechtAT; Bankrecht Kreditrecht; ELWI-Lohn,1
BGBAT; Miete Pacht; Bankrecht Kreditrecht,1
Öffentliches Recht; EDV-Recht; Arbeitsrecht; EDV-Recht; Schadensersatz,1
Erbschaft Schenkung; Schadensersatz; SchuldrechtAT,1
Handelsrecht Gesellschaftsrecht; SchuldrechtAT; BGBAT; Zivilverfahrensrecht; Erbschaftsteuer; Handelsrecht Gesellschaftsrecht; SchuldrechtAT; BGBAT; Zivilverfahrensrecht; Erbschaftsteuer,1
Kauf Tausch Leasing; Bankrecht Kreditrecht; BGBAT; ELWI-FAMR,1
Schadensersatz; Miete Pacht; Schuldverhältnisse,1
Strafrecht; Zivilverfahrensrecht; Schadensersatz,1
Berufsrecht Rechtsanwälte; Schadensersatz; Neue Bundesländer; BGBAT; Neue Bundesländer; BGBAT,1
Info; Schadensersatz; EDV-Recht; Sachenrecht; Urheberrecht Markenrecht Patentrecht,1
Berufsrecht Rechtsanwälte; Insolvenzrecht; SchuldrechtAT; Zivilverfahrensrecht,1
Handelsrecht Gesellschaftsrecht; Schuldverhältnisse; Schuldverhältnisse,1
BGBAT; EDV-Recht; Bankrecht Kreditrecht; Zivilverfahrensrecht,1
Zivilverfahrensrecht; Handelsrecht Gesellschaftsrecht; Schuldverhältnisse,1
Zivilverfahrensrecht; BGBAT; SchuldrechtAT; Miete Pacht,1
Berufsrecht Rechtsanwälte; Insolvenzrecht; Schuldverhältnisse; SchuldrechtAT,1
Familienrecht; Miete Pacht; ELWI-FAMR,1
Erbschaft Schenkung; Erbschaftsteuer; Familienrecht; BGBAT; Zivilverfahrensrecht,1
Berufsrecht Steuerberater; Bankrecht Kreditrecht; Insolvenzrecht; Neue Bundesländer,1
Berufsrecht Steuerberater; Berufsrecht Rechtsanwälte; Kauf Tausch Leasing; Bankrecht Kreditrecht; BGBAT,1
Sachenrecht; EU-Recht,1
SchuldrechtAT; Zollrecht,1
EDV-Recht; Schadensersatz; Sachenrecht; Zivilverfahrensrecht,1
Sozialrecht; Sozialversicherungsrecht; Handelsrecht Gesellschaftsrecht; Verbrauchsteuern; Umsatzsteuer; Verfahrensrecht/Abgabenordnung,1
Berufsrecht Rechtsanwälte; Schadensersatz; SchuldrechtAT; Schuldverhältnisse; SchuldrechtAT; Schuldverhältnisse,1
Urheberrecht Markenrecht Patentrecht; Sachenrecht,1
Schadensersatz; BGBAT; Reisevertrag,1
Erbschaft Schenkung; Zivilverfahrensrecht; SchuldrechtAT,1
Einkommensteuer/Lohnsteuer/Kirchensteuer; Erbschaftsteuer; Gewerbesteuer,1
Sachenrecht; Bankrecht Kreditrecht; BGBAT; SchuldrechtAT,1
BGBAT; Miete Pacht; Landwirtschaftsrecht,1
Öffentliches Recht; Einkommensteuer/Lohnsteuer/Kirchensteuer; Körperschaftsteuer,1
Kauf Tausch Leasing; Bankrecht Kreditrecht; Sachenrecht; Zivilverfahrensrecht,1
Berufsrecht Steuerberater; Kauf Tausch Leasing; SchuldrechtAT; Zivilverfahrensrecht; SchuldrechtAT; Zivilverfahrensrecht,1
Kauf Tausch Leasing; Insolvenzrecht; Handelsrecht Gesellschaftsrecht; Insolvenzrecht; Handelsrecht Gesellschaftsrecht,1
EDV-Recht; SchuldrechtAT; BGBAT; Berufsrecht Rechtsanwälte; Berufsrecht Steuerberater,1
EU-Recht; Zivilverfahrensrecht; Insolvenzrecht,1
Werkvertrag; BGBAT; Schadensersatz; SchuldrechtAT; Versicherungsrecht,1
Handelsrecht Gesellschaftsrecht; Handelsrecht Gesellschaftsrecht; Schadensersatz; Erbschaft Schenkung; Erbschaftsteuer,1
SchuldrechtAT; Zivilverfahrensrecht; Handelsrecht Gesellschaftsrecht,1
Familienrecht; Erbschaft Schenkung; Erbschaftsteuer; ELWI-FAMR; ELWI-Lohn,1
Arbeitsrecht; Handelsrecht Gesellschaftsrecht; Schadensersatz; Zivilverfahrensrecht,1
Zivilverfahrensrecht; Sachenrecht; Handelsrecht Gesellschaftsrecht; Bankrecht Kreditrecht,1
Zivilverfahrensrecht; Neue Bundesländer; Sachenrecht; Familienrecht; BGBAT,1
Berufsrecht Rechtsanwälte; Wettbewerbsrecht Kartellrecht; Handelsrecht Gesellschaftsrecht; Wettbewerbsrecht Kartellrecht; Handelsrecht Gesellschaftsrecht,1
SchuldrechtAT; Schadensersatz; Schuldverhältnisse; BGBAT; Bankrecht Kreditrecht,1
Versicherungsrecht; Verfahrensrecht/Abgabenordnung; Steuerstrafrecht; Strafrecht,1
EU-Recht; Wettbewerbsrecht Kartellrecht; Schadensersatz,1
SchuldrechtAT; BGBAT; Schadensersatz,1
Miete Pacht; Handelsrecht Gesellschaftsrecht; Handelsrecht Gesellschaftsrecht,1
Öffentliches Recht; Versicherungsrecht,1
Berufsrecht Steuerberater; Wirtschaftsprüfung; Bankrecht Kreditrecht; Schadensersatz; Werkvertrag,1
Insolvenzrecht; Berufsrecht Rechtsanwälte; Bankrecht Kreditrecht; BGBAT,1
Familienrecht; Erbschaft Schenkung; Zivilverfahrensrecht; ELWI-FAMR,1
Insolvenzrecht; Sachenrecht; Schadensersatz; Insolvenzrecht; Sachenrecht; Schadensersatz,1
Lohnsteuer; Zivilverfahrensrecht; Familienrecht; ELWI-FAMR,1
Schadensersatz; SchuldrechtAT; EU-Recht,1
Berufsrecht Steuerberater; Berufsrecht Rechtsanwälte; Handelsrecht Gesellschaftsrecht; Zivilverfahrensrecht; Handelsrecht Gesellschaftsrecht; Zivilverfahrensrecht,1
Berufsrecht Rechtsanwälte; BGBAT; Familienrecht; BGBAT; Familienrecht,1
Miete Pacht; Bankrecht Kreditrecht; Sachenrecht; Zivilverfahrensrecht,1
Handelsrecht Gesellschaftsrecht; Zollrecht; Bankrecht Kreditrecht; Wettbewerbsrecht Kartellrecht,1
EDV-Recht; Schadensersatz; SchuldrechtAT,1
Werkvertrag; Handelsrecht Gesellschaftsrecht; SchuldrechtAT; Werkvertrag; Handelsrecht Gesellschaftsrecht; SchuldrechtAT; EDV-Recht,1
Berufsrecht Rechtsanwälte; Insolvenzrecht; Zivilverfahrensrecht; Bankrecht Kreditrecht,1
Insolvenzrecht; Berufsrecht Rechtsanwälte; Berufsrecht Rechtsanwälte; Zivilverfahrensrecht,1
Berufsrecht Rechtsanwälte; SchuldrechtAT; Bankrecht Kreditrecht; Versicherungsrecht; Insolvenzrecht,1
Schadensersatz; SchuldrechtAT; Bankrecht Kreditrecht; Zivilverfahrensrecht; ELWI-REWE,1
Verfahrensrecht/Abgabenordnung; Steuerliche Betriebsprüfung; Einkommensteuer/Lohnsteuer/Kirchensteuer; Erbschaftsteuer; Gewerbesteuer,1
Strafrecht; Urheberrecht Markenrecht Patentrecht,1
Miete Pacht; Handelsrecht Gesellschaftsrecht; Sachenrecht; Erbschaft Schenkung,1
EDV-Recht; BGBAT; SchuldrechtAT; Handelsrecht Gesellschaftsrecht,1
Berufsrecht Rechtsanwälte; Insolvenzrecht; Versicherungsrecht,1
Berufsrecht Rechtsanwälte; Insolvenzrecht; Handelsrecht Gesellschaftsrecht; Zivilverfahrensrecht,1
Berufsrecht Rechtsanwälte; Neue Bundesländer; Zivilverfahrensrecht; Neue Bundesländer; Zivilverfahrensrecht,1
Schadensersatz; Berufsrecht Rechtsanwälte; SchuldrechtAT; Wettbewerbsrecht Kartellrecht,1
Strafrecht; ELWI-STAP; ELWI-STAP,1
Werkvertrag; Schadensersatz; Bankrecht Kreditrecht; SchuldrechtAT; Bankrecht Kreditrecht,1
Berufsrecht Steuerberater; Zivilverfahrensrecht; Schadensersatz,1
Schadensersatz; Kauf Tausch Leasing; Bankrecht Kreditrecht; SchuldrechtAT; Werkvertrag; Kauf Tausch Leasing; Bankrecht Kreditrecht; SchuldrechtAT; Werkvertrag,1
Miete Pacht; Landwirtschaftsrecht,1
Kauf Tausch Leasing; SchuldrechtAT; Sachenrecht; Insolvenzrecht,1
Schadensersatz; EU-Recht; EDV-Recht,1
Handelsrecht Gesellschaftsrecht; Schadensersatz; Verfahrensrecht/Abgabenordnung,1
Sozialrecht; Erbschaft Schenkung; Versicherungsrecht,1
Berufsrecht Rechtsanwälte; Insolvenzrecht; Bankrecht Kreditrecht; Schuldverhältnisse; Schadensersatz,1
Urheberrecht Markenrecht Patentrecht; Wettbewerbsrecht Kartellrecht; BGBAT; Schadensersatz; EDV-Recht,1
Verfahrensrecht/Abgabenordnung; Insolvenzrecht; Bankrecht Kreditrecht; Sachenrecht,1
Werkvertrag; BGBAT; Schadensersatz,1
Sozialrecht; Sozialversicherungsrecht; Berufsrecht Rechtsanwälte; Berufsrecht Steuerberater; Wirtschaftsprüfung,1
Berufsrecht Steuerberater; Berufsrecht Rechtsanwälte; Handelsrecht Gesellschaftsrecht; Berufsrecht Rechtsanwälte; Zivilverfahrensrecht,1
Einkommensteuer/Lohnsteuer/Kirchensteuer; Handelsrecht Gesellschaftsrecht; Insolvenzrecht; Info,1
Berufsrecht Rechtsanwälte; Schuldverhältnisse; Schuldverhältnisse; Schuldverhältnisse; Schuldverhältnisse,1
Schuldverhältnisse; Bankrecht Kreditrecht; Schadensersatz,1
Verfahrensrecht/Abgabenordnung; EDV-Recht; Öffentliches Recht; Schadensersatz; Sachenrecht,1
Handelsrecht Gesellschaftsrecht; SchuldrechtAT; Rechnungslegung,1
Berufsrecht Rechtsanwälte; Handelsrecht Gesellschaftsrecht; Bankrecht Kreditrecht,1
Handelsrecht Gesellschaftsrecht; Schadensersatz; Bankrecht Kreditrecht; SchuldrechtAT; Insolvenzrecht,1
Zivilverfahrensrecht; Landwirtschaftsrecht; Miete Pacht; Sachenrecht,1
Berufsrecht Rechtsanwälte; Schadensersatz; Schuldverhältnisse; Zivilverfahrensrecht; SchuldrechtAT; Schuldverhältnisse; Zivilverfahrensrecht; SchuldrechtAT,1
Handelsrecht Gesellschaftsrecht; SchuldrechtAT; Schadensersatz; Handelsrecht Gesellschaftsrecht; SchuldrechtAT; Schadensersatz,1
Miete Pacht; Schadensersatz; Versicherungsrecht; SchuldrechtAT,1
Zivilverfahrensrecht; Wohnungseigentum; Sachenrecht,1
EU-Recht; Zivilverfahrensrecht; EDV-Recht,1
Umsatzsteuer; Schadensersatz; SchuldrechtAT; Werkvertrag,1
Wohnungseigentum; Zivilverfahrensrecht; Schadensersatz; SchuldrechtAT,1
Schadensersatz; Handelsrecht Gesellschaftsrecht; Rechnungslegung; Wirtschaftsprüfung; Bankrecht Kreditrecht,1
Verfahrensrecht/Abgabenordnung; Strafrecht,1
Sachenrecht; Schadensersatz; Wohnungseigentum,1
EU-Recht; BGBAT; Wettbewerbsrecht Kartellrecht; Urheberrecht Markenrecht Patentrecht,1
Öffentliches Recht; SchuldrechtAT; Schadensersatz,1
BGBAT; Schadensersatz; Berufsrecht Rechtsanwälte; Schuldverhältnisse,1
EDV-Recht; SchuldrechtAT; BGBAT; Kauf Tausch Leasing,1
Insolvenzrecht; Handelsrecht Gesellschaftsrecht; Bankrecht Kreditrecht,1
Schadensersatz; Bankrecht Kreditrecht; Zivilverfahrensrecht; BGBAT,1
Berufsrecht Rechtsanwälte; Erbschaft Schenkung; Schadensersatz; Schuldverhältnisse,1
Erbschaft Schenkung; Rechnungslegung; Einkommensteuer/Lohnsteuer/Kirchensteuer,1
Wettbewerbsrecht Kartellrecht; Berufsrecht Rechtsanwälte; Berufsrecht Steuerberater; Öffentliches Recht,1
Schadensersatz; SchuldrechtAT; Schuldverhältnisse; Wohnungseigentum,1
Berufsrecht Rechtsanwälte; Zivilverfahrensrecht; SchuldrechtAT; Schadensersatz; Schuldverhältnisse; Zivilverfahrensrecht; SchuldrechtAT; Schadensersatz; Schuldverhältnisse,1
Werkvertrag; Bankrecht Kreditrecht; Sachenrecht,1
Verfahrensrecht/Abgabenordnung; Öffentliches Recht; Zivilverfahrensrecht; Schadensersatz,1
Rechnungslegung; SchuldrechtAT; Handelsrecht Gesellschaftsrecht; Bankrecht Kreditrecht; Zivilverfahrensrecht,1
Schadensersatz; Bankrecht Kreditrecht; SchuldrechtAT; Familienrecht; ELWI-FAMR,1
Berufsrecht Steuerberater; Berufsrecht Rechtsanwälte; Schadensersatz; Schadensersatz; Handelsrecht Gesellschaftsrecht,1
Verfahrensrecht/Abgabenordnung; Berufsrecht Rechtsanwälte; Berufsrecht Steuerberater; Zivilverfahrensrecht; EDV-Recht,1
Insolvenzrecht; SchuldrechtAT; Berufsrecht Rechtsanwälte,1
Handelsrecht Gesellschaftsrecht; Schuldverhältnisse; Schadensersatz; Handelsrecht Gesellschaftsrecht; Schuldverhältnisse; Schadensersatz,1
Insolvenzrecht; Bankrecht Kreditrecht; Insolvenzrecht; Bankrecht Kreditrecht,1
Handelsrecht Gesellschaftsrecht; Schadensersatz; SchuldrechtAT; Versicherungsrecht; Handelsrecht Gesellschaftsrecht; Schadensersatz; SchuldrechtAT; Versicherungsrecht,1
Umsatzsteuer; Steuerstrafrecht; Insolvenzrecht; Zivilverfahrensrecht,1
Berufsrecht Steuerberater; Zivilverfahrensrecht; Schadensersatz; Zivilverfahrensrecht; Schadensersatz,1
Berufsrecht Rechtsanwälte; Insolvenzrecht; Schadensersatz; Schadensersatz,1
Berufsrecht Rechtsanwälte; Zivilverfahrensrecht; BGBAT; SchuldrechtAT; Schadensersatz,1
BGBAT; Bankrecht Kreditrecht; Insolvenzrecht; Erbschaftsteuer; BGBAT; Bankrecht Kreditrecht; Insolvenzrecht; Erbschaftsteuer,1
Rechnungslegung; Bankrecht Kreditrecht; SchuldrechtAT; Neue Bundesländer; Insolvenzrecht,1
Strafrecht; EDV-Recht; ELWI-STAP,1
Einkommensteuer/Lohnsteuer/Kirchensteuer; Körperschaftsteuer; Erbschaftsteuer,1
Wettbewerbsrecht Kartellrecht; Handelsrecht Gesellschaftsrecht; Sozialrecht; Handelsrecht Gesellschaftsrecht,1
Schadensersatz; Insolvenzrecht; Bankrecht Kreditrecht; Sachenrecht; Insolvenzrecht; Bankrecht Kreditrecht; Sachenrecht,1
Handelsrecht Gesellschaftsrecht; Erbschaftsteuer; Erbschaft Schenkung; Familienrecht,1
Berufsrecht Steuerberater; Wettbewerbsrecht Kartellrecht; EDV-Recht,1
Erbschaft Schenkung; Erbschaftsteuer; Neue Bundesländer; Erbschaftsteuer,1
Berufsrecht Steuerberater; Wirtschaftsprüfung; Insolvenzrecht; Zivilverfahrensrecht; Insolvenzrecht; Zivilverfahrensrecht,1
Insolvenzrecht; SchuldrechtAT; Schadensersatz; Berufsrecht Rechtsanwälte,1
EU-Recht; Umsatzsteuer; Steuerstrafrecht; Info,1
Zivilverfahrensrecht; Miete Pacht; Schadensersatz; SchuldrechtAT,1
Berufsrecht Rechtsanwälte; Zivilverfahrensrecht; BGBAT; Schadensersatz; SchuldrechtAT; Zivilverfahrensrecht; BGBAT; Schadensersatz; SchuldrechtAT,1
Erbschaft Schenkung; Schadensersatz; Handelsrecht Gesellschaftsrecht; Handelsrecht Gesellschaftsrecht,1
Bankrecht Kreditrecht; Rechnungslegung; BGBAT; SchuldrechtAT; Handelsrecht Gesellschaftsrecht,1
Bankrecht Kreditrecht; Strafrecht; Steuerstrafrecht,1
Sachenrecht; Familienrecht; Sozialrecht,1
Familienrecht; Öffentliches Recht; Zivilverfahrensrecht,1
BGBAT; Umsatzsteuer; Werkvertrag,1
EDV-Recht; Urheberrecht Markenrecht Patentrecht; Werkvertrag,1
Rechnungslegung; Einkommensteuer/Lohnsteuer/Kirchensteuer; Steuerstrafrecht,1
Miete Pacht; Schuldverhältnisse; Handelsrecht Gesellschaftsrecht; Zivilverfahrensrecht,1
Arbeitsrecht; Schuldverhältnisse; SchuldrechtAT; BGBAT; Schadensersatz,1
Berufsrecht Rechtsanwälte; Kauf Tausch Leasing; BGBAT; Handelsrecht Gesellschaftsrecht,1
BGBAT; Schuldverhältnisse; Schadensersatz; Öffentliches Recht,1
Strafrecht; EDV-Recht; Öffentliches Recht; Insolvenzrecht,1
Zivilverfahrensrecht; Insolvenzrecht; Yellowmap,1
Grunderwerbsteuer; Gewerbesteuer; Wohnungseigentum,1
Reisevertrag; SchuldrechtAT; Wettbewerbsrecht Kartellrecht,1
"EU-Recht; Öffentliches
Recht",1
Schadensersatz; SchuldrechtAT; Bankrecht Kreditrecht; Schadensersatz; SchuldrechtAT; Bankrecht Kreditrecht,1
Steuerstrafrecht; Strafrecht; Öffentliches Recht,1
Sonstiges Recht; BGBAT,1
EDV-Recht; BGBAT; Zivilverfahrensrecht; SchuldrechtAT; BGBAT; Zivilverfahrensrecht; SchuldrechtAT,1
Sozialversicherungsrecht; Erbschaft Schenkung; Erbschaftsteuer; Erbschaftsteuer,1
Werkvertrag; Handelsrecht Gesellschaftsrecht; Werkvertrag; Handelsrecht Gesellschaftsrecht,1
Arbeitsrecht; SchuldrechtAT; SchuldrechtAT,1
Berufsrecht Rechtsanwälte; Wirtschaftsprüfung; Handelsrecht Gesellschaftsrecht; Schadensersatz,1
Wettbewerbsrecht Kartellrecht; Zivilverfahrensrecht; Kauf Tausch Leasing,1
BGBAT; Versicherungsrecht; Schadensersatz,1
Berufsrecht Rechtsanwälte; Sachenrecht; Insolvenzrecht,1
SchuldrechtAT; BGBAT; Erbschaftsteuer; Erbschaft Schenkung; Insolvenzrecht; SchuldrechtAT; BGBAT; Erbschaftsteuer; Erbschaft Schenkung; Insolvenzrecht,1
Urheberrecht Markenrecht Patentrecht; Insolvenzrecht,1
Familienrecht; Steuerstrafrecht; Verfahrensrecht/Abgabenordnung; Sozialrecht,1
Einkommensteuer/Lohnsteuer/Kirchensteuer; Einkommensteuer/Lohnsteuer/Kirchensteuer,1
Handelsrecht Gesellschaftsrecht; Insolvenzrecht; Bankrecht Kreditrecht,1
BGBAT; Bankrecht Kreditrecht; SchuldrechtAT; Kauf Tausch Leasing,1
Schadensersatz; BGBAT; Berufsrecht Rechtsanwälte,1
BGBAT; SchuldrechtAT; Schadensersatz; Bankrecht Kreditrecht; Einkommensteuer/Lohnsteuer/Kirchensteuer,1
Berufsrecht Rechtsanwälte; EDV-Recht; Wettbewerbsrecht Kartellrecht,1
Miete Pacht; Miete Pacht,1
Strafrecht; Familienrecht; Zivilverfahrensrecht,1
SchuldrechtAT; Zivilverfahrensrecht; Sachenrecht; Wettbewerbsrecht Kartellrecht,1
Reisevertrag; Miete Pacht; EU-Recht,1
Handelsrecht Gesellschaftsrecht; BGBAT; Urheberrecht Markenrecht Patentrecht,1
Sozialrecht; Strafrecht; Sozialversicherungsrecht,1
Familienrecht; Zivilverfahrensrecht; Sozialrecht; Sozialversicherungsrecht,1
Verfahrensrecht/Abgabenordnung; EDV-Recht; Öffentliches Recht; Zivilverfahrensrecht,1
Verfahrensrecht/Abgabenordnung; Einkommensteuer/Lohnsteuer/Kirchensteuer; Körperschaftsteuer,1
Zivilverfahrensrecht; Bankrecht Kreditrecht; SchuldrechtAT; Sachenrecht,1
Sachenrecht; Schadensersatz; SchuldrechtAT; BGBAT,1
Einkommensteuer/Lohnsteuer/Kirchensteuer; Lohnsteuer; Familienrecht; Zivilverfahrensrecht; ELWI-FAMR,1
Urheberrecht Markenrecht Patentrecht; EDV-Recht; Rechnungslegung,1
Berufsrecht Steuerberater; Berufsrecht Rechtsanwälte; Erbschaft Schenkung,1
SchuldrechtAT; Handelsrecht Gesellschaftsrecht; Öffentliches Recht,1
Miete Pacht; Berufsrecht Steuerberater; Berufsrecht Rechtsanwälte; BGBAT,1
Einkommensteuer/Lohnsteuer/Kirchensteuer; Lohnsteuer; Bankrecht Kreditrecht; SchuldrechtAT,1
Rechnungslegung; Einkommensteuer/Lohnsteuer/Kirchensteuer; Bewertung; Umsatzsteuer,1
Berufsrecht Steuerberater; Schadensersatz; BGBAT; Zivilverfahrensrecht; BGBAT; Zivilverfahrensrecht,1
Miete Pacht; SchuldrechtAT; Insolvenzrecht,1
BGBAT; Handelsrecht Gesellschaftsrecht; Schadensersatz,1
EDV-Recht; Wettbewerbsrecht Kartellrecht; Kauf Tausch Leasing; SchuldrechtAT,1
Umsatzsteuer; Schadensersatz; Insolvenzrecht,1
Schadensersatz; Bankrecht Kreditrecht; Wohnungseigentum; SchuldrechtAT,1
Berufsrecht Rechtsanwälte; Insolvenzrecht; Zivilverfahrensrecht; Bankrecht Kreditrecht; Sachenrecht,1
Schadensersatz; Erbschaft Schenkung; Landwirtschaftsrecht; Neue Bundesländer,1
Berufsrecht Steuerberater; Wirtschaftsprüfung; SchuldrechtAT; Bankrecht Kreditrecht,1
Schadensersatz; Sozialrecht; Sozialversicherungsrecht; Versicherungsrecht; SchuldrechtAT; Zivilverfahrensrecht,1
Berufsrecht Steuerberater; Bankrecht Kreditrecht; Wirtschaftsprüfung; Schadensersatz; Schadensersatz,1
Berufsrecht Steuerberater; Schuldverhältnisse; Bankrecht Kreditrecht; Info; Körperschaftsteuer,1
Berufsrecht Steuerberater; Familienrecht; Einkommensteuer/Lohnsteuer/Kirchensteuer,1
Werkvertrag; Kauf Tausch Leasing; SchuldrechtAT,1
Berufsrecht Rechtsanwälte; Erbschaftsteuer; Erbschaft Schenkung; Schadensersatz,1
BGBAT; Kauf Tausch Leasing; Bankrecht Kreditrecht,1
Arbeitsrecht; Handelsrecht Gesellschaftsrecht; EDV-Recht; Öffentliches Recht,1
Urheberrecht Markenrecht Patentrecht; Ausländisches Recht,1
Sonstiges Recht; EDV-Recht,1
Info; Urheberrecht Markenrecht Patentrecht; EDV-Recht,1
Wettbewerbsrecht Kartellrecht; Zivilverfahrensrecht; SchuldrechtAT; Wettbewerbsrecht Kartellrecht; Zivilverfahrensrecht; SchuldrechtAT,1
Kauf Tausch Leasing; Kauf Tausch Leasing,1
Erbschaft Schenkung; Erbschaftsteuer; Zivilverfahrensrecht; BGBAT,1
SchuldrechtAT; Schadensersatz; Familienrecht; ELWI-FAMR,1
Bankrecht Kreditrecht; SchuldrechtAT; Schuldverhältnisse; Werkvertrag; Schadensersatz,1
Berufsrecht Rechtsanwälte; Bankrecht Kreditrecht; Sachenrecht; Schadensersatz; Insolvenzrecht,1
BGBAT; Handelsrecht Gesellschaftsrecht; Bankrecht Kreditrecht,1
Zivilverfahrensrecht; Handelsrecht Gesellschaftsrecht; Schadensersatz; SchuldrechtAT; Insolvenzrecht,1
SchuldrechtAT; Zivilverfahrensrecht; Schadensersatz,1
EDV-Recht; SchuldrechtAT; Urheberrecht Markenrecht Patentrecht; Wettbewerbsrecht Kartellrecht,1
Öffentliches Recht; EDV-Recht; Wettbewerbsrecht Kartellrecht; BGBAT,1
Schadensersatz; Zivilverfahrensrecht; SchuldrechtAT; Bankrecht Kreditrecht; Info,1
Lohnsteuer; Schadensersatz; Werkvertrag; Rechnungslegung; Einkommensteuer/Lohnsteuer/Kirchensteuer; ELWI-Lohn,1
Grundsteuer; Miete Pacht,1
EU-Recht; Berufsrecht Rechtsanwälte; Versicherungsrecht,1
Zivilverfahrensrecht; SchuldrechtAT; Kauf Tausch Leasing; Berufsrecht Rechtsanwälte,1
Berufsrecht Rechtsanwälte; Schadensersatz; Arbeitsrecht,1
Werkvertrag; Zivilverfahrensrecht; Schadensersatz; SchuldrechtAT,1
Berufsrecht Rechtsanwälte; Berufsrecht Steuerberater; BGBAT,1
Steuerstrafrecht; Verfahrensrecht/Abgabenordnung; Umsatzsteuer,1
EDV-Recht; EDV-Recht; SchuldrechtAT,1
Berufsrecht Rechtsanwälte; Insolvenzrecht; Sachenrecht; Miete Pacht,1
Werkvertrag; Berufsrecht Rechtsanwälte; Berufsrecht Steuerberater,1
Berufsrecht Rechtsanwälte; Insolvenzrecht; Grundsteuer; Zivilverfahrensrecht,1
Zivilverfahrensrecht; Sozialrecht; Öffentliches Recht,1
Schadensersatz; Erbschaft Schenkung; Erbschaftsteuer; Handelsrecht Gesellschaftsrecht; Insolvenzrecht,1
Arbeitsrecht; Versicherungsrecht; Insolvenzrecht,1
Insolvenzrecht; SchuldrechtAT; Verfahrensrecht/Abgabenordnung,1
Miete Pacht; Neue Bundesländer; BGBAT; Landwirtschaftsrecht; Sachenrecht,1
ELWI-FAMR; Familienrecht; ELWI-FAMR; ELWI-FAMR,1
Handelsrecht Gesellschaftsrecht; Zivilverfahrensrecht; Ausländisches Recht,1
Berufsrecht Rechtsanwälte; Kauf Tausch Leasing; Bankrecht Kreditrecht,1
Handelsrecht Gesellschaftsrecht; BGBAT; Erbschaftsteuer; Handelsrecht Gesellschaftsrecht; BGBAT; Erbschaftsteuer; ELWI-Lohn,1
Schadensersatz; Verfahrensrecht/Abgabenordnung; Handelsrecht Gesellschaftsrecht,1
Berufsrecht Rechtsanwälte; Berufsrecht Steuerberater; Zivilverfahrensrecht; Schadensersatz; Zivilverfahrensrecht; Schadensersatz,1
Öffentliches Recht; Familienrecht; Strafrecht; Zivilverfahrensrecht,1
SchuldrechtAT; Sachenrecht; Bankrecht Kreditrecht; Zivilverfahrensrecht,1
Neue Bundesländer; Wettbewerbsrecht Kartellrecht,1
Werkvertrag; Schadensersatz; Werkvertrag; Zivilverfahrensrecht; Umsatzsteuer,1
Sozialversicherungsrecht; EU-Recht; Sozialrecht; Ausländisches Recht,1
Berufsrecht Rechtsanwälte; Sachenrecht; Zivilverfahrensrecht; Schadensersatz; SchuldrechtAT; Zivilverfahrensrecht; Schadensersatz; SchuldrechtAT,1
Handelsrecht Gesellschaftsrecht; SchuldrechtAT; Insolvenzrecht,1
Rechnungslegung; Wirtschaftsprüfung; Handelsrecht Gesellschaftsrecht; BGBAT,1
Berufsrecht Steuerberater; Berufsrecht Rechtsanwälte; BGBAT; Wettbewerbsrecht Kartellrecht; Handelsrecht Gesellschaftsrecht; BGBAT; Wettbewerbsrecht Kartellrecht; Handelsrecht Gesellschaftsrecht,1
Schadensersatz; SchuldrechtAT; Schuldverhältnisse; Handelsrecht Gesellschaftsrecht,1
Insolvenzrecht; Schuldverhältnisse; Handelsrecht Gesellschaftsrecht; Insolvenzrecht; Schuldverhältnisse; Handelsrecht Gesellschaftsrecht,1
Berufsrecht Rechtsanwälte; Miete Pacht; Schadensersatz,1
Berufsrecht Rechtsanwälte; Wirtschaftsprüfung; Zivilverfahrensrecht,1
Versicherungsrecht; ELWI-FAMR,1
Sozialversicherungsrecht; Handelsrecht Gesellschaftsrecht; SchuldrechtAT; Sozialrecht,1
Insolvenzrecht; Berufsrecht Rechtsanwälte; Zivilverfahrensrecht; Schadensersatz; SchuldrechtAT; Zivilverfahrensrecht; Schadensersatz; SchuldrechtAT,1
Verfahrensrecht/Abgabenordnung; Körperschaftsteuer; Einkommensteuer/Lohnsteuer/Kirchensteuer; Außensteuerrecht,1
Öffentliches Recht; Zivilverfahrensrecht; Sozialrecht,1
Schadensersatz; Sozialrecht; Schuldverhältnisse,1
Bankrecht Kreditrecht; SchuldrechtAT; Schuldverhältnisse; Bankrecht Kreditrecht; SchuldrechtAT; Schuldverhältnisse,1
"Rechnungslegung; Handelsrecht Gesellschaftsrecht; Berufsrecht
Rechtsanwälte; Insolvenzrecht",1
Kauf Tausch Leasing; Zivilverfahrensrecht; Sachenrecht,1
Handelsrecht Gesellschaftsrecht; Handelsrecht Gesellschaftsrecht; Erbschaft Schenkung; Neue Bundesländer; BGBAT,1
SchuldrechtAT; Zivilverfahrensrecht; Werkvertrag,1
Strafrecht; Zivilverfahrensrecht; Urheberrecht Markenrecht Patentrecht,1
Neue Bundesländer; BGBAT; SchuldrechtAT,1
Rechnungslegung; BGBAT; Neue Bundesländer; Sachenrecht; Handelsrecht Gesellschaftsrecht; Zivilverfahrensrecht,1
Erbschaft Schenkung; Sachenrecht; Erbschaftsteuer; Erbschaftsteuer,1
Familienrecht; EDV-Recht; Schuldverhältnisse,1
Urheberrecht Markenrecht Patentrecht; Wettbewerbsrecht Kartellrecht; BGBAT; EDV-Recht,1
Urheberrecht Markenrecht Patentrecht; Arbeitsrecht,1
Bankrecht Kreditrecht; Familienrecht; Zivilverfahrensrecht; ELWI-FAMR,1
Strafrecht; Handelsrecht Gesellschaftsrecht; Ausländisches Recht; Ausländisches Steuerrecht,1
Urheberrecht Markenrecht Patentrecht; Kauf Tausch Leasing; SchuldrechtAT,1
Erbschaftsteuer; Einkommensteuer/Lohnsteuer/Kirchensteuer; Körperschaftsteuer,1
Sozialversicherungsrecht; BGBAT; Schadensersatz; Sozialrecht,1
Berufsrecht Steuerberater; Berufsrecht Rechtsanwälte; Insolvenzrecht; Zivilverfahrensrecht,1
ELWI-FAMR; SchuldrechtAT; ELWI-FAMR,1
Sonstiges Steuerrecht; Schadensersatz; Zivilverfahrensrecht,1
SchuldrechtAT; EDV-Recht; Handelsrecht Gesellschaftsrecht,1
Sachenrecht; SchuldrechtAT; BGBAT,1
Werkvertrag; Neue Bundesländer,1
Berufsrecht Rechtsanwälte; Berufsrecht Rechtsanwälte; Öffentliches Recht,1
Zollrecht; Schadensersatz,1
SchuldrechtAT; Sachenrecht; Neue Bundesländer,1
Neue Bundesländer; SchuldrechtAT; Handelsrecht Gesellschaftsrecht,1
SchuldrechtAT; Erbschaft Schenkung; Insolvenzrecht; Versicherungsrecht; ELWI-FAMR,1
Handelsrecht Gesellschaftsrecht; Rechnungslegung; Schadensersatz,1
Schadensersatz; BGBAT; SchuldrechtAT; EU-Recht,1
Urheberrecht Markenrecht Patentrecht; SchuldrechtAT; BGBAT,1
Insolvenzrecht; Zivilverfahrensrecht; Handelsrecht Gesellschaftsrecht; Berufsrecht Rechtsanwälte,1
Strafrecht; Strafrecht; EU-Recht,1
Strafrecht; Schadensersatz; Sachenrecht; EDV-Recht,1
Schadensersatz; Bankrecht Kreditrecht; SchuldrechtAT; Schadensersatz; Bankrecht Kreditrecht; SchuldrechtAT,1
Strafrecht; Verfahrensrecht/Abgabenordnung; Einkommensteuer/Lohnsteuer/Kirchensteuer; Körperschaftsteuer; Steuerstrafrecht,1
Verfahrensrecht/Abgabenordnung; Einkommensteuer/Lohnsteuer/Kirchensteuer; Handelsrecht Gesellschaftsrecht,1
Bankrecht Kreditrecht; Schadensersatz; Zivilverfahrensrecht; Familienrecht,1
Werkvertrag; SchuldrechtAT; Kauf Tausch Leasing,1
BGBAT; Miete Pacht; Berufsrecht Rechtsanwälte,1
Handelsrecht Gesellschaftsrecht; Rechnungslegung; Wirtschaftsprüfung; Info,1
Strafrecht; Steuerstrafrecht; Umsatzsteuer; Info,1
Schadensersatz; Zivilverfahrensrecht; Schuldverhältnisse,1
Werkvertrag; Versicherungsrecht; Zivilverfahrensrecht,1
Ausländisches Recht; Öffentliches Recht; EDV-Recht,1
Schuldverhältnisse; Bankrecht Kreditrecht; EDV-Recht,1
Arbeitsrecht; Strafrecht; EDV-Recht; Öffentliches Recht,1
Bankrecht Kreditrecht; Sachenrecht; BGBAT; Bankrecht Kreditrecht; Sachenrecht; BGBAT,1
Handelsrecht Gesellschaftsrecht; Schuldverhältnisse; SchuldrechtAT,1
Bewertung,1
Rechnungslegung; Wirtschaftsprüfung; Handelsrecht Gesellschaftsrecht; Steuerliche Betriebsprüfung; Verfahrensrecht/Abgabenordnung; Sozialrecht; Sozialversicherungsrecht; Zivilverfahrensrecht; EDV-Recht,1
Berufsrecht Rechtsanwälte; Berufsrecht Steuerberater; Handelsrecht Gesellschaftsrecht; Einkommensteuer/Lohnsteuer/Kirchensteuer; Bankrecht Kreditrecht,1
Schadensersatz; Erbschaft Schenkung; Erbschaftsteuer; BGBAT,1
Öffentliches Recht; ELWI-FAMR,1
Erbschaftsteuer; Handelsrecht Gesellschaftsrecht; Erbschaft Schenkung,1
Bankrecht Kreditrecht; Insolvenzrecht; BGBAT; Schadensersatz; Bankrecht Kreditrecht,1
BGBAT; Bankrecht Kreditrecht; Schadensersatz; Versicherungsrecht,1
Schadensersatz; Zivilverfahrensrecht; Arbeitsrecht; Sozialrecht; Sozialversicherungsrecht,1
Insolvenzrecht; Zivilverfahrensrecht; SchuldrechtAT; Arbeitsrecht,1
Zivilverfahrensrecht; Strafrecht; Insolvenzrecht,1
Versicherungsrecht; Insolvenzrecht; BGBAT; Berufsrecht Rechtsanwälte,1
Kauf Tausch Leasing; BGBAT; Ausländisches Recht,1
Bankrecht Kreditrecht; Schadensersatz; EU-Recht,1
Zivilverfahrensrecht; Insolvenzrecht; Berufsrecht Steuerberater,1
Rechnungslegung; Schadensersatz; SchuldrechtAT; Insolvenzrecht; Handelsrecht Gesellschaftsrecht,1
Einkommensteuer/Lohnsteuer/Kirchensteuer; Lohnsteuer; SchuldrechtAT; Insolvenzrecht; Bankrecht Kreditrecht,1
SchuldrechtAT; Bankrecht Kreditrecht; Sachenrecht; BGBAT; Familienrecht; Zivilverfahrensrecht,1
Sachenrecht; Rechnungslegung; Einkommensteuer/Lohnsteuer/Kirchensteuer; Handelsrecht Gesellschaftsrecht,1
Schadensersatz; SchuldrechtAT; Werkvertrag; Insolvenzrecht,1
Rechnungslegung; Handelsrecht Gesellschaftsrecht; Zivilverfahrensrecht; BGBAT; Handelsrecht Gesellschaftsrecht; Zivilverfahrensrecht; BGBAT,1
Insolvenzrecht; Schadensersatz; SchuldrechtAT; Schuldverhältnisse; Bankrecht Kreditrecht,1
Bankrecht Kreditrecht; Sachenrecht; Erbschaft Schenkung; Handelsrecht Gesellschaftsrecht,1
Insolvenzrecht; Berufsrecht Rechtsanwälte; Sachenrecht,1
Öffentliches Recht; EDV-Recht; Erbschaft Schenkung,1
SchuldrechtAT; Sachenrecht; SchuldrechtAT; Sachenrecht,1
Schadensersatz; SchuldrechtAT; EDV-Recht; Wettbewerbsrecht Kartellrecht,1
Bankrecht Kreditrecht; Handelsrecht Gesellschaftsrecht; Öffentliches Recht,1
Zivilverfahrensrecht; BGBAT; SchuldrechtAT; Schadensersatz,1
Zivilverfahrensrecht; Miete Pacht; SchuldrechtAT,1
Schuldverhältnisse; Kauf Tausch Leasing; Bankrecht Kreditrecht,1
Berufsrecht Steuerberater; Berufsrecht Rechtsanwälte; Handelsrecht Gesellschaftsrecht; Zivilverfahrensrecht,1
Bankrecht Kreditrecht; BGBAT; Kauf Tausch Leasing; Insolvenzrecht; SchuldrechtAT,1
Bankrecht Kreditrecht; Kauf Tausch Leasing; Kauf Tausch Leasing,1
EDV-Recht; EDV-Recht; Zivilverfahrensrecht,1
SchuldrechtAT; Schuldverhältnisse; BGBAT,1
Berufsrecht Rechtsanwälte; Sachenrecht; Bankrecht Kreditrecht; BGBAT,1
Arbeitsrecht; Werkvertrag; EDV-Recht,1
Rechnungslegung; Umsatzsteuer,1
Insolvenzrecht; Bankrecht Kreditrecht; SchuldrechtAT; BGBAT,1
Einkommensteuer/Lohnsteuer/Kirchensteuer; Berufsrecht Steuerberater; Schadensersatz,1
Berufsrecht Rechtsanwälte; Erbschaft Schenkung; Zivilverfahrensrecht; Insolvenzrecht,1
Berufsrecht Rechtsanwälte; Landwirtschaftsrecht,1
Insolvenzrecht; Berufsrecht Rechtsanwälte; Schadensersatz; SchuldrechtAT; Bankrecht Kreditrecht; Sachenrecht,1
Rechnungslegung; Handelsrecht Gesellschaftsrecht; Strafrecht,1
Bankrecht Kreditrecht; Werkvertrag; BGBAT; Familienrecht; Schadensersatz,1
Berufsrecht Rechtsanwälte; BGBAT; SchuldrechtAT; Familienrecht; ELWI-FAMR,1
Berufsrecht Steuerberater; Insolvenzrecht; Schadensersatz; Insolvenzrecht; Schadensersatz,1
Sozialversicherungsrecht; Lohnsteuer; Familienrecht; Einkommensteuer/Lohnsteuer/Kirchensteuer; Sozialrecht,1
Berufsrecht Rechtsanwälte; Berufsrecht Steuerberater; EU-Recht,1
Miete Pacht; Miete Pacht; Miete Pacht; SchuldrechtAT,1
Berufsrecht Steuerberater; Wirtschaftsprüfung; Schadensersatz; SchuldrechtAT; Schadensersatz; SchuldrechtAT,1
Schadensersatz; SchuldrechtAT; Bankrecht Kreditrecht; Einkommensteuer/Lohnsteuer/Kirchensteuer; ELWI-FAMR,1
Neue Bundesländer; Erbschaft Schenkung; Familienrecht; SchuldrechtAT; BGBAT,1
Bankrecht Kreditrecht; Schadensersatz; Bankrecht Kreditrecht; Schadensersatz,1
Kfz-Steuer; Steuerstrafrecht,1
Sachenrecht; Bankrecht Kreditrecht; SchuldrechtAT; Wohnungseigentum,1
Miete Pacht; Schuldverhältnisse; Schadensersatz; Sachenrecht,1
Landwirtschaftsrecht; Familienrecht; ELWI-FAMR,1
Schadensersatz; Bankrecht Kreditrecht; Miete Pacht; SchuldrechtAT,1
Rechnungslegung; SchuldrechtAT; Arbeitsrecht; ELWI-Lohn,1
Miete Pacht; Schadensersatz; Öffentliches Recht,1
Miete Pacht; Familienrecht; Zivilverfahrensrecht; ELWI-FAMR,1
BGBAT; Familienrecht; Zivilverfahrensrecht; ELWI-FAMR; ELWI-FAMR,1
BGBAT; SchuldrechtAT; Miete Pacht; Sachenrecht; Wohnungseigentum,1
Zivilverfahrensrecht; Berufsrecht Rechtsanwälte; Urheberrecht Markenrecht Patentrecht; Info,1
Miete Pacht; EDV-Recht; EU-Recht,1
Schadensersatz; BGBAT; Schuldverhältnisse; Kauf Tausch Leasing,1
EDV-Recht; Öffentliches Recht; Sachenrecht,1
Wettbewerbsrecht Kartellrecht; Sachenrecht,1
Zivilverfahrensrecht; Familienrecht; BGBAT; Schuldverhältnisse; SchuldrechtAT,1
EU-Recht; BGBAT; Schadensersatz; Sachenrecht; Wettbewerbsrecht Kartellrecht; Zivilverfahrensrecht,1
Steuerstrafrecht; Verfahrensrecht/Abgabenordnung; Umsatzsteuer; Strafrecht,1
Berufsrecht Rechtsanwälte; Schadensersatz; Rechnungslegung; Zivilverfahrensrecht; Handelsrecht Gesellschaftsrecht,1
Lohnsteuer; Außensteuerrecht; Einkommensteuer/Lohnsteuer/Kirchensteuer; Steuerliche Förderungsgesetze; Verfahrensrecht/Abgabenordnung,1
Berufsrecht Rechtsanwälte; Miete Pacht; Miete Pacht; Zivilverfahrensrecht,1
SchuldrechtAT; BGBAT; Insolvenzrecht,1
Handelsrecht Gesellschaftsrecht; Erbschaft Schenkung; Bankrecht Kreditrecht,1
Berufsrecht Rechtsanwälte; Erbschaftsteuer; Erbschaft Schenkung,1
Sozialversicherungsrecht; Sozialrecht; SchuldrechtAT,1
Berufsrecht Steuerberater; Berufsrecht Rechtsanwälte; Wirtschaftsprüfung; Wettbewerbsrecht Kartellrecht; Wettbewerbsrecht Kartellrecht,1
Schadensersatz; Zivilverfahrensrecht; Familienrecht; ELWI-FAMR,1
SchuldrechtAT; Erbschaftsteuer; Erbschaft Schenkung; Bankrecht Kreditrecht,1
EDV-Recht; Öffentliches Recht; Familienrecht,1
Miete Pacht; Insolvenzrecht; Sachenrecht; Zivilverfahrensrecht,1
Steuerliche Förderungsgesetze; Handelsrecht Gesellschaftsrecht,1
Schadensersatz; EDV-Recht; Bankrecht Kreditrecht; Schuldverhältnisse; SchuldrechtAT,1
Berufsrecht Rechtsanwälte; Berufsrecht Steuerberater; Strafrecht; Steuerstrafrecht; ELWI-STAP; ELWI-STAP,1
Sachenrecht; Insolvenzrecht; Neue Bundesländer; Bankrecht Kreditrecht,1
Familienrecht; SchuldrechtAT; Bankrecht Kreditrecht; Handelsrecht Gesellschaftsrecht,1
Rechnungslegung; SchuldrechtAT; Bankrecht Kreditrecht; Handelsrecht Gesellschaftsrecht; SchuldrechtAT; Bankrecht Kreditrecht; Handelsrecht Gesellschaftsrecht,1
Berufsrecht Rechtsanwälte; BGBAT; SchuldrechtAT; Schuldverhältnisse; Schadensersatz; Bankrecht Kreditrecht; Zivilverfahrensrecht,1
Schadensersatz; Erbschaft Schenkung; EDV-Recht,1
Sozialversicherungsrecht; Sozialrecht; Strafrecht,1
Umsatzsteuer; Neue Bundesländer,1
Zivilverfahrensrecht; Zivilverfahrensrecht; ELWI-Lohn,1
Familienrecht; BGBAT; SchuldrechtAT; ELWI-FAMR; ELWI-FAMR,1
Schadensersatz; Sozialrecht; Sozialversicherungsrecht; Familienrecht,1
Schadensersatz; Handelsrecht Gesellschaftsrecht; Zivilverfahrensrecht; ELWI-Lohn,1
Bankrecht Kreditrecht; BGBAT; Kauf Tausch Leasing; Schadensersatz; Sachenrecht,1
Schadensersatz; BGBAT; Berufsrecht Rechtsanwälte; Zivilverfahrensrecht,1
Bankrecht Kreditrecht; Wirtschaftsprüfung; Schadensersatz; Handelsrecht Gesellschaftsrecht,1
Bankrecht Kreditrecht; Insolvenzrecht; Schadensersatz; SchuldrechtAT,1
BGBAT; Arbeitsrecht; Schuldverhältnisse; Schadensersatz; SchuldrechtAT; Urheberrecht Markenrecht Patentrecht; EDV-Recht,1
EDV-Recht; Bankrecht Kreditrecht; Schuldverhältnisse; EDV-Recht,1
BGBAT; SchuldrechtAT; Berufsrecht Rechtsanwälte; Ausländisches Recht; EU-Recht,1
Strafrecht; EDV-Recht; Berufsrecht Rechtsanwälte,1
Schuldverhältnisse; Strafrecht; Zivilverfahrensrecht,1
Lohnsteuer; Lohnsteuer; Lohnsteuer; Steuerstrafrecht; Verfahrensrecht/Abgabenordnung; Einkommensteuer/Lohnsteuer/Kirchensteuer,1
Neue Bundesländer; Erbschaftsteuer; Erbschaft Schenkung,1
Familienrecht; Erbschaft Schenkung; Berufsrecht Rechtsanwälte; Zivilverfahrensrecht,1
Schadensersatz; Schuldverhältnisse; EU-Recht,1
Schuldverhältnisse; BGBAT; Schadensersatz; SchuldrechtAT; Handelsrecht Gesellschaftsrecht,1
Erbschaft Schenkung; Familienrecht; BGBAT; Erbschaftsteuer,1
Bankrecht Kreditrecht; SchuldrechtAT; Sachenrecht; Insolvenzrecht; Handelsrecht Gesellschaftsrecht,1
Zivilverfahrensrecht; Berufsrecht Rechtsanwälte; Insolvenzrecht; SchuldrechtAT; Sachenrecht,1
Miete Pacht; Arbeitsrecht; Schuldverhältnisse; SchuldrechtAT,1
Sozialversicherungsrecht; Kauf Tausch Leasing; BGBAT; SchuldrechtAT; Sozialrecht,1
Neue Bundesländer; Familienrecht; Sozialrecht; ELWI-FAMR,1
Wirtschaftsprüfung; Berufsrecht Steuerberater; Berufsrecht Rechtsanwälte; Schadensersatz,1
Rechnungslegung; Gewerbesteuer; Öffentliches Recht,1
Umsatzsteuer; Strafrecht; Steuerstrafrecht; Berufsrecht Steuerberater,1
Schadensersatz; Neue Bundesländer; Sachenrecht; BGBAT,1
Einkommensteuer/Lohnsteuer/Kirchensteuer; Sozialrecht; Sozialversicherungsrecht; Öffentliches Recht; Lohnsteuer,1
"Erbschaft Schenkung; Berufsrecht
Rechtsanwälte; Zivilverfahrensrecht; Handelsrecht
Gesellschaftsrecht",1
Berufsrecht Rechtsanwälte; Steuerstrafrecht; Verfahrensrecht/Abgabenordnung; Bankrecht Kreditrecht,1
EDV-Recht; Sonstiges Recht,1
Einkommensteuer/Lohnsteuer/Kirchensteuer; Sozialversicherungsrecht; Lohnsteuer; Berufsrecht Steuerberater; Sozialrecht; Arbeitsrecht,1
Erbschaft Schenkung; Zivilverfahrensrecht; Familienrecht,1
EU-Recht; Verfahrensrecht/Abgabenordnung; Öffentliches Recht,1
Sonstiges Recht; Rechnungslegung,1
EU-Recht; Urheberrecht Markenrecht Patentrecht; Neue Bundesländer; Sachenrecht,1
Umsatzsteuer; Miete Pacht; Sachenrecht; Sachenrecht,1
Sozialversicherungsrecht; Öffentliches Recht,1
Doppelbesteuerungsabkommen; Zivilverfahrensrecht,1
Strafrecht; Arbeitsrecht; Schuldverhältnisse,1
Strafrecht; Berufsrecht Steuerberater; Steuerstrafrecht,1
Schadensersatz; Sachenrecht; Arbeitsrecht; EDV-Recht,1
Lohnsteuer; Familienrecht; Sozialrecht; Sozialversicherungsrecht; Einkommensteuer/Lohnsteuer/Kirchensteuer,1
SchuldrechtAT; Handelsrecht Gesellschaftsrecht; Zivilverfahrensrecht; SchuldrechtAT; Handelsrecht Gesellschaftsrecht; Zivilverfahrensrecht,1
Versicherungsrecht; Schadensersatz; EU-Recht,1
Berufsrecht Rechtsanwälte; Zivilverfahrensrecht; Sachenrecht; Bankrecht Kreditrecht,1
Versicherungsrecht; Sozialrecht; Sozialversicherungsrecht; Info,1
EU-Recht; Öffentliches Recht; Zivilverfahrensrecht,1
Kauf Tausch Leasing; Sachenrecht; SchuldrechtAT; Schuldverhältnisse,1
EU-Recht; SchuldrechtAT; Kauf Tausch Leasing,1
Schadensersatz; Erbschaft Schenkung; Verfahrensrecht/Abgabenordnung,1
Berufsrecht Steuerberater; Berufsrecht Rechtsanwälte; Insolvenzrecht; Schadensersatz; Handelsrecht Gesellschaftsrecht; Verfahrensrecht/Abgabenordnung,1
BGBAT; SchuldrechtAT; Schadensersatz; Schuldverhältnisse,1
EDV-Recht; Bankrecht Kreditrecht; SchuldrechtAT; Wettbewerbsrecht Kartellrecht,1
SchuldrechtAT; Schadensersatz; Sachenrecht; Wohnungseigentum,1
Sozialversicherungsrecht; Sozialrecht; Öffentliches Recht,1
Bankrecht Kreditrecht; Zivilverfahrensrecht; Bankrecht Kreditrecht; Zivilverfahrensrecht,1
Zollrecht; Öffentliches Recht; Urheberrecht Markenrecht Patentrecht,1
Schadensersatz; Neue Bundesländer; BGBAT; Landwirtschaftsrecht,1
Berufsrecht Rechtsanwälte; SchuldrechtAT; Erbschaft Schenkung,1
Öffentliches Recht; Umsatzsteuer; Schadensersatz; EU-Recht,1
Sozialversicherungsrecht; Familienrecht; Zivilverfahrensrecht; ELWI-FAMR,1
Miete Pacht; EDV-Recht; Öffentliches Recht; Wohnungseigentum,1
Reisevertrag; SchuldrechtAT; Schadensersatz,1
Bankrecht Kreditrecht; Handelsrecht Gesellschaftsrecht; Schadensersatz; Wirtschaftsprüfung,1
Berufsrecht Rechtsanwälte; Insolvenzrecht; Berufsrecht Rechtsanwälte; Zivilverfahrensrecht,1
Berufsrecht Rechtsanwälte; Sachenrecht; BGBAT; Schadensersatz; Zivilverfahrensrecht; BGBAT; Schadensersatz; Zivilverfahrensrecht,1
Schadensersatz; Zivilverfahrensrecht; Bankrecht Kreditrecht; Handelsrecht Gesellschaftsrecht,1
SchuldrechtAT; Schadensersatz; Arbeitsrecht; Ausländisches Recht,1
Schadensersatz; SchuldrechtAT; Familienrecht; ELWI-FAMR,1
BGBAT; EDV-Recht; Bankrecht Kreditrecht,1
Insolvenzrecht; Berufsrecht Rechtsanwälte; Versicherungsrecht; Arbeitsrecht,1
Außensteuerrecht; Einkommensteuer/Lohnsteuer/Kirchensteuer; Einkommensteuer/Lohnsteuer/Kirchensteuer; Umsatzsteuer; Strafrecht; Steuerstrafrecht; ELWI-STAP; ELWI-STAP,1
EDV-Recht; Versicherungsrecht; Zivilverfahrensrecht,1
Kauf Tausch Leasing; BGBAT; Werkvertrag,1
Steuerstrafrecht; ELWI-STAP; Strafrecht; ELWI-STAP,1
EDV-Recht; Bankrecht Kreditrecht; Schuldverhältnisse; SchuldrechtAT,1
BGBAT; Handelsrecht Gesellschaftsrecht; Wohnungseigentum; Berufsrecht Rechtsanwälte; Berufsrecht Steuerberater,1
Rechnungslegung; Handelsrecht Gesellschaftsrecht; Erbschaftsteuer; Erbschaft Schenkung,1
Handelsrecht Gesellschaftsrecht; Miete Pacht; Insolvenzrecht,1
Schadensersatz; Neue Bundesländer; Landwirtschaftsrecht,1
Umsatzsteuer; Steuerstrafrecht; Wohnungseigentum; Steuerstrafrecht; Wohnungseigentum; ELWI-STAP,1
Zivilverfahrensrecht; Wettbewerbsrecht Kartellrecht; BGBAT,1
Lohnsteuer; Einkommensteuer/Lohnsteuer/Kirchensteuer; Rechnungslegung,1
Neue Bundesländer; SchuldrechtAT; Schadensersatz,1
SchuldrechtAT; EDV-Recht; EU-Recht; Kauf Tausch Leasing,1
Miete Pacht; SchuldrechtAT; Zivilverfahrensrecht; Insolvenzrecht,1
Versicherungsrecht; SchuldrechtAT; ELWI-Lohn,1
Berufsrecht Rechtsanwälte; BGBAT; Werkvertrag,1
Berufsrecht Steuerberater; Wirtschaftsprüfung; Strafrecht,1
Schadensersatz; Zivilverfahrensrecht; Versicherungsrecht,1
Berufsrecht Rechtsanwälte; Berufsrecht Steuerberater; Verfahrensrecht/Abgabenordnung,1
Strafrecht; Steuerstrafrecht; Umsatzsteuer; Verbrauchsteuern,1
Sozialversicherungsrecht; Steuerstrafrecht; Lohnsteuer; Lohnsteuer; Lohnsteuer; Handelsrecht Gesellschaftsrecht; Insolvenzrecht; Einkommensteuer/Lohnsteuer/Kirchensteuer; Umsatzsteuer; Sozialrecht; Schadensersatz; Info,1
Handelsrecht Gesellschaftsrecht; Rechnungslegung; EU-Recht,1
BGBAT; Erbschaft Schenkung; Sachenrecht,1
Sozialrecht; Schuldverhältnisse; SchuldrechtAT,1
Schadensersatz; BGBAT; Landwirtschaftsrecht; Miete Pacht; Neue Bundesländer,1
Kauf Tausch Leasing; Erbschaft Schenkung; Erbschaftsteuer; SchuldrechtAT,1
EDV-Recht; Insolvenzrecht; Sozialrecht; Sozialversicherungsrecht,1
Berufsrecht Rechtsanwälte; Einkommensteuer/Lohnsteuer/Kirchensteuer; Gewerbesteuer,1
Berufsrecht Steuerberater; Schadensersatz; Rechnungslegung; Handelsrecht Gesellschaftsrecht,1
Bankrecht Kreditrecht; BGBAT; Sachenrecht; Neue Bundesländer,1
Berufsrecht Rechtsanwälte; Wettbewerbsrecht Kartellrecht; Zivilverfahrensrecht; Wettbewerbsrecht Kartellrecht; Zivilverfahrensrecht,1
Verbrauchsteuern; Steuerstrafrecht; EU-Recht,1
BGBAT; Schuldverhältnisse; Schadensersatz; Sachenrecht,1
Berufsrecht Rechtsanwälte; Schadensersatz; Schuldverhältnisse; BGBAT; Schuldverhältnisse; BGBAT,1
BGBAT; SchuldrechtAT; Schadensersatz; EDV-Recht,1
Zivilverfahrensrecht; Schuldverhältnisse; BGBAT; Schadensersatz; Handelsrecht Gesellschaftsrecht,1
Verfahrensrecht/Abgabenordnung; Körperschaftsteuer; Einkommensteuer/Lohnsteuer/Kirchensteuer,1
SchuldrechtAT; Schadensersatz; Sachenrecht; Bankrecht Kreditrecht,1
Strafrecht; Erbschaftsteuer; Steuerstrafrecht,1
Umsatzsteuer; Reisevertrag,1
Zivilverfahrensrecht; Sonstiges Recht,1
Bankrecht Kreditrecht; SchuldrechtAT; Familienrecht; ELWI-FAMR,1
Bankrecht Kreditrecht; SchuldrechtAT; Urheberrecht Markenrecht Patentrecht,1
Bankrecht Kreditrecht; BGBAT; Strafrecht,1
Schadensersatz; Miete Pacht; Miete Pacht; Landwirtschaftsrecht; Neue Bundesländer,1
BGBAT; Landwirtschaftsrecht; Neue Bundesländer,1
Berufsrecht Rechtsanwälte; Erbschaft Schenkung; Erbschaftsteuer; Schadensersatz; BGBAT,1
Familienrecht; EU-Recht; Zivilverfahrensrecht,1
Berufsrecht Rechtsanwälte; Schadensersatz; SchuldrechtAT; Kauf Tausch Leasing,1
EDV-Recht; SchuldrechtAT; BGBAT; Schadensersatz,1
Zivilverfahrensrecht; Handelsrecht Gesellschaftsrecht; SchuldrechtAT; Zivilverfahrensrecht; Handelsrecht Gesellschaftsrecht; SchuldrechtAT,1
Sachenrecht; Bankrecht Kreditrecht; Schadensersatz; SchuldrechtAT; Schuldverhältnisse,1
Einkommensteuer/Lohnsteuer/Kirchensteuer; Berufsrecht Rechtsanwälte; Berufsrecht Steuerberater; BGBAT; Schadensersatz; Zivilverfahrensrecht; BGBAT; Schadensersatz; Zivilverfahrensrecht,1
Berufsrecht Rechtsanwälte; Insolvenzrecht; Handelsrecht Gesellschaftsrecht; Schadensersatz,1
"Berufsrecht Rechtsanwälte; Öffentliches
Recht; Zivilverfahrensrecht",1
Berufsrecht Rechtsanwälte; Schuldverhältnisse; Urheberrecht Markenrecht Patentrecht,1
SchuldrechtAT; Strafrecht; Zivilverfahrensrecht,1
SchuldrechtAT; Familienrecht; Info; ELWI-FAMR,1
Schuldverhältnisse; ELWI-FAMR,1
Lohnsteuer; Berufsrecht Steuerberater; Wettbewerbsrecht Kartellrecht; Wettbewerbsrecht Kartellrecht; Einkommensteuer/Lohnsteuer/Kirchensteuer,1
Berufsrecht Rechtsanwälte; SchuldrechtAT; Werkvertrag,1
Schadensersatz; SchuldrechtAT; Kauf Tausch Leasing; Schuldverhältnisse,1
BGBAT; Sachenrecht; Neue Bundesländer,1
Zollrecht; Neue Bundesländer; Umsatzsteuer; Steuerstrafrecht; Verfahrensrecht/Abgabenordnung,1
Strafrecht; Sozialrecht; Sozialversicherungsrecht; LEXPUB,1
Handelsrecht Gesellschaftsrecht; Wirtschaftsprüfung; Rechnungslegung,1
Erbschaft Schenkung; Neue Bundesländer; BGBAT,1
Einkommensteuer/Lohnsteuer/Kirchensteuer; Lohnsteuer; Lohnsteuer; Wettbewerbsrecht Kartellrecht; Berufsrecht Steuerberater,1
Wohnungseigentum; Berufsrecht Rechtsanwälte; Zivilverfahrensrecht,1
Strafrecht; Verfahrensrecht/Abgabenordnung; Berufsrecht Rechtsanwälte,1
Zivilverfahrensrecht; Berufsrecht Steuerberater,1
Arbeitsrecht; SchuldrechtAT; EDV-Recht; Urheberrecht Markenrecht Patentrecht; SchuldrechtAT; EDV-Recht; Urheberrecht Markenrecht Patentrecht,1
Neue Bundesländer; Bankrecht Kreditrecht; SchuldrechtAT; Bankrecht Kreditrecht,1
Einkommensteuer/Lohnsteuer/Kirchensteuer; Sachenrecht,1
Erbschaftsteuer; Erbschaft Schenkung; Handelsrecht Gesellschaftsrecht; Erbschaftsteuer; Erbschaft Schenkung; Handelsrecht Gesellschaftsrecht,1
Kauf Tausch Leasing; Bankrecht Kreditrecht; SchuldrechtAT; Bankrecht Kreditrecht,1
Bankrecht Kreditrecht; Handelsrecht Gesellschaftsrecht; Kauf Tausch Leasing; Wettbewerbsrecht Kartellrecht,1
Erbschaft Schenkung; Insolvenzrecht; Handelsrecht Gesellschaftsrecht; Zivilverfahrensrecht; Handelsrecht Gesellschaftsrecht; Zivilverfahrensrecht,1
SchuldrechtAT; BGBAT; Kauf Tausch Leasing; Zivilverfahrensrecht,1
BGBAT; Berufsrecht Rechtsanwälte; Berufsrecht Rechtsanwälte; Berufsrecht Rechtsanwälte; Info,1
EU-Recht; Öffentliches Recht; Sachenrecht; Grundsteuer; Verfahrensrecht/Abgabenordnung,1
SchuldrechtAT; Berufsrecht Rechtsanwälte; Berufsrecht Steuerberater; Handelsrecht Gesellschaftsrecht,1
Sozialversicherungsrecht; Bankrecht Kreditrecht,1
Wohnungseigentum; Erbschaft Schenkung; BGBAT,1
Schadensersatz; Sachenrecht; Urheberrecht Markenrecht Patentrecht; EDV-Recht,1
Berufsrecht Rechtsanwälte; Insolvenzrecht; BGBAT; Bankrecht Kreditrecht,1
Bankrecht Kreditrecht; BGBAT; SchuldrechtAT; Kauf Tausch Leasing,1
Sachenrecht; EDV-Recht; Zivilverfahrensrecht,1
BGBAT; SchuldrechtAT; Schuldverhältnisse; Sachenrecht; Zivilverfahrensrecht,1
Insolvenzrecht; Werkvertrag; Berufsrecht Rechtsanwälte,1
Insolvenzrecht; Handelsrecht Gesellschaftsrecht; Rechnungslegung; Wirtschaftsprüfung,1
Wirtschaftsprüfung; Schadensersatz; SchuldrechtAT; Bankrecht Kreditrecht; Schadensersatz,1
Bankrecht Kreditrecht; Zivilverfahrensrecht; Schadensersatz; Wirtschaftsprüfung; Handelsrecht Gesellschaftsrecht,1
Erbschaft Schenkung; BGBAT; Familienrecht,1
Familienrecht; Neue Bundesländer; BGBAT; Zivilverfahrensrecht; ELWI-FAMR,1
Ausländisches Recht; Wohnungseigentum,1
Miete Pacht; Kauf Tausch Leasing; Werkvertrag; Schadensersatz; SchuldrechtAT,1
BGBAT; Familienrecht; ELWI-FAMR; ELWI-Lohn,1
Sozialrecht; Sozialversicherungsrecht; Öffentliches Recht; Familienrecht; Einkommensteuer/Lohnsteuer/Kirchensteuer; Lohnsteuer,1
Bankrecht Kreditrecht; Zivilverfahrensrecht; SchuldrechtAT; Schuldverhältnisse,1
Handelsrecht Gesellschaftsrecht; Erbschaft Schenkung; Schadensersatz; SchuldrechtAT,1
"Wohnungseigentum; Handelsrecht
Gesellschaftsrecht",1
Kauf Tausch Leasing; Erbschaft Schenkung; Erbschaftsteuer; Erbschaftsteuer,1
EU-Recht; Zivilverfahrensrecht; Wettbewerbsrecht Kartellrecht,1
Handelsrecht Gesellschaftsrecht; BGBAT; Bankrecht Kreditrecht; SchuldrechtAT; Handelsrecht Gesellschaftsrecht; BGBAT; Bankrecht Kreditrecht; SchuldrechtAT,1
Wohnungseigentum; Yellowmap; Info,1
Lohnsteuer; Rechnungslegung; Einkommensteuer/Lohnsteuer/Kirchensteuer; Verfahrensrecht/Abgabenordnung,1
"Miete Pacht; Berufsrecht
Rechtsanwälte",1
Berufsrecht Steuerberater; Berufsrecht Rechtsanwälte; Werkvertrag,1
Bankrecht Kreditrecht; Erbschaftsteuer; Erbschaft Schenkung; SchuldrechtAT,1
Schadensersatz; BGBAT; SchuldrechtAT; Miete Pacht; BGBAT; SchuldrechtAT; Miete Pacht,1
Schadensersatz; Kauf Tausch Leasing; Zivilverfahrensrecht,1
Arbeitsrecht; Sozialrecht; Sozialversicherungsrecht; Handelsrecht Gesellschaftsrecht,1
SchuldrechtAT; Kauf Tausch Leasing; Schadensersatz; Bankrecht Kreditrecht,1
BGBAT; SchuldrechtAT; Erbschaft Schenkung; ELWI-FAMR,1
Handelsrecht Gesellschaftsrecht; Insolvenzrecht; SchuldrechtAT; Schuldverhältnisse; Berufsrecht Rechtsanwälte,1
Insolvenzrecht; Insolvenzrecht; Handelsrecht Gesellschaftsrecht; Berufsrecht Rechtsanwälte,1
BGBAT; Zivilverfahrensrecht; Berufsrecht Rechtsanwälte,1
Berufsrecht Rechtsanwälte; Sachenrecht; Kauf Tausch Leasing; Schadensersatz,1
Berufsrecht Steuerberater; Berufsrecht Rechtsanwälte; Handelsrecht Gesellschaftsrecht; Öffentliches Recht,1
Kauf Tausch Leasing; SchuldrechtAT; Schuldverhältnisse; Insolvenzrecht,1
Neue Bundesländer; Sozialrecht,1
SchuldrechtAT; Erbschaft Schenkung; Handelsrecht Gesellschaftsrecht; Schadensersatz; ELWI-Lohn; ELWI-FAMR,1
Lohnsteuer; Lohnsteuer; Einkommensteuer/Lohnsteuer/Kirchensteuer,1
Schuldverhältnisse; SchuldrechtAT; EDV-Recht,1
Erbschaft Schenkung; Miete Pacht; BGBAT,1
Berufsrecht Rechtsanwälte; Bankrecht Kreditrecht; SchuldrechtAT; Schuldverhältnisse,1
Miete Pacht; Zivilverfahrensrecht; Bankrecht Kreditrecht; Sachenrecht,1
BGBAT; Zivilverfahrensrecht; Sozialrecht,1
SchuldrechtAT; Bankrecht Kreditrecht; Öffentliches Recht,1
Berufsrecht Rechtsanwälte; Rechnungslegung; Handelsrecht Gesellschaftsrecht,1
Berufsrecht Steuerberater; Wirtschaftsprüfung; Schadensersatz,1
Wirtschaftsprüfung; Körperschaftsteuer; Rechnungslegung; Handelsrecht Gesellschaftsrecht,1
Rechnungslegung; EDV-Recht; Sonstiges Recht,1
Berufsrecht Rechtsanwälte; Handelsrecht Gesellschaftsrecht; Zivilverfahrensrecht; Insolvenzrecht; Bankrecht Kreditrecht,1
Kauf Tausch Leasing; Sachenrecht; Landwirtschaftsrecht; Zivilverfahrensrecht,1
Umsatzsteuer; Bankrecht Kreditrecht; BGBAT,1
Schuldverhältnisse; SchuldrechtAT; EDV-Recht; Umsatzsteuer; EU-Recht,1
Kauf Tausch Leasing; SchuldrechtAT; Sachenrecht; Erbschaft Schenkung,1
Erbschaft Schenkung; BGBAT; Sozialrecht,1
Kauf Tausch Leasing; Berufsrecht Rechtsanwälte; Bankrecht Kreditrecht,1
"EU-Recht; Urheberrecht
Markenrecht Patentrecht; EDV-Recht",1
Strafrecht; Steuerstrafrecht; Körperschaftsteuer,1
Sozialrecht; Sozialversicherungsrecht; Familienrecht; Öffentliches Recht,1
Umsatzsteuer; Wettbewerbsrecht Kartellrecht,1
Berufsrecht Rechtsanwälte; Bankrecht Kreditrecht; SchuldrechtAT; Zivilverfahrensrecht,1
Arbeitsrecht; Wettbewerbsrecht Kartellrecht,1
Urheberrecht Markenrecht Patentrecht; Sozialrecht; Strafrecht; Öffentliches Recht,1
Handelsrecht Gesellschaftsrecht; Einkommensteuer/Lohnsteuer/Kirchensteuer; Körperschaftsteuer; Grunderwerbsteuer,1
Miete Pacht; Sachenrecht; Wohnungseigentum,1
Zivilverfahrensrecht; Berufsrecht Rechtsanwälte; Schuldverhältnisse,1
Handelsrecht Gesellschaftsrecht; SchuldrechtAT; Bankrecht Kreditrecht; Handelsrecht Gesellschaftsrecht; SchuldrechtAT; Bankrecht Kreditrecht,1
Rechnungslegung; Handelsrecht Gesellschaftsrecht; Insolvenzrecht; Zivilverfahrensrecht; Handelsrecht Gesellschaftsrecht; Insolvenzrecht; Zivilverfahrensrecht,1
Miete Pacht; Sachenrecht; Zivilverfahrensrecht,1
SchuldrechtAT; Wettbewerbsrecht Kartellrecht; EDV-Recht; Öffentliches Recht,1
SchuldrechtAT; BGBAT; Familienrecht,1
Miete Pacht; Handelsrecht Gesellschaftsrecht; Info,1
Versicherungsrecht; BGBAT; Schadensersatz; Familienrecht,1
SchuldrechtAT; Berufsrecht Rechtsanwälte; Info,1
Bankrecht Kreditrecht; Handelsrecht Gesellschaftsrecht; SchuldrechtAT; Zivilverfahrensrecht,1
Berufsrecht Rechtsanwälte; Insolvenzrecht; Schadensersatz; Bankrecht Kreditrecht; Sachenrecht; SchuldrechtAT,1
Bankrecht Kreditrecht; Schuldverhältnisse; Schadensersatz; ELWI-FAMR,1
Insolvenzrecht; Berufsrecht Rechtsanwälte; Umsatzsteuer,1
Insolvenzrecht; Berufsrecht Rechtsanwälte; SchuldrechtAT; Sachenrecht,1
EDV-Recht; Öffentliches Recht; Zivilverfahrensrecht,1
Einkommensteuer/Lohnsteuer/Kirchensteuer; Körperschaftsteuer; Erbschaftsteuer; Umsatzsteuer; Verfahrensrecht/Abgabenordnung; Erbschaftsteuer,1
Verfahrensrecht/Abgabenordnung; Steuerstrafrecht; Erbschaftsteuer,1
Schadensersatz; Zivilverfahrensrecht; Sachenrecht,1
Erbschaft Schenkung; Wohnungseigentum; Erbschaft Schenkung; LEXPUB,1
Handelsrecht Gesellschaftsrecht; Werkvertrag,1
Insolvenzrecht; Handelsrecht Gesellschaftsrecht; Schuldverhältnisse,1
Bankrecht Kreditrecht; Kauf Tausch Leasing; Sachenrecht; BGBAT,1
Schuldverhältnisse; Bankrecht Kreditrecht; BGBAT; Schuldverhältnisse; Bankrecht Kreditrecht; BGBAT,1
Schadensersatz; Rechnungslegung; Handelsrecht Gesellschaftsrecht; Bankrecht Kreditrecht; Handelsrecht Gesellschaftsrecht; Bankrecht Kreditrecht,1
Rechnungslegung; Handelsrecht Gesellschaftsrecht; Verfahrensrecht/Abgabenordnung,1
Rechnungslegung; Zivilverfahrensrecht; Insolvenzrecht,1
Rechnungslegung; Handelsrecht Gesellschaftsrecht; BGBAT; Schadensersatz; Handelsrecht Gesellschaftsrecht; BGBAT; Schadensersatz,1
Versicherungsrecht; Berufsrecht Rechtsanwälte; Berufsrecht Steuerberater; Wirtschaftsprüfung,1
Insolvenzrecht; Versicherungsrecht; SchuldrechtAT,1
SchuldrechtAT; Berufsrecht Steuerberater; Berufsrecht Rechtsanwälte,1
Insolvenzrecht; BGBAT; Erbschaftsteuer; Insolvenzrecht; BGBAT; Erbschaftsteuer,1
Miete Pacht; Miete Pacht; Miete Pacht; Zivilverfahrensrecht,1
Schadensersatz; Bankrecht Kreditrecht; Handelsrecht Gesellschaftsrecht; SchuldrechtAT; Bankrecht Kreditrecht; Handelsrecht Gesellschaftsrecht; SchuldrechtAT,1
Wettbewerbsrecht Kartellrecht; Insolvenzrecht; Wettbewerbsrecht Kartellrecht; Insolvenzrecht,1
ELWI-FAMR; SchuldrechtAT; Familienrecht,1
Schadensersatz; BGBAT; Wettbewerbsrecht Kartellrecht,1
Öffentliches Recht; EU-Recht; Urheberrecht Markenrecht Patentrecht; EDV-Recht,1
Urheberrecht Markenrecht Patentrecht; BGBAT; Schadensersatz; SchuldrechtAT,1
Insolvenzrecht; Schadensersatz; SchuldrechtAT; Handelsrecht Gesellschaftsrecht,1
Schadensersatz; Handelsrecht Gesellschaftsrecht; Verfahrensrecht/Abgabenordnung,1
Rechnungslegung; Handelsrecht Gesellschaftsrecht; SchuldrechtAT; Schuldverhältnisse,1
Handelsrecht Gesellschaftsrecht; Zivilverfahrensrecht; SchuldrechtAT; Zivilverfahrensrecht; SchuldrechtAT,1
Berufsrecht Rechtsanwälte; Kauf Tausch Leasing; Insolvenzrecht,1
SchuldrechtAT; Schadensersatz; Bankrecht Kreditrecht; Berufsrecht Steuerberater,1
Arbeitsrecht; Zivilverfahrensrecht; Handelsrecht Gesellschaftsrecht,1
Strafrecht; Verfahrensrecht/Abgabenordnung; Berufsrecht Rechtsanwälte; Berufsrecht Steuerberater,1
Erbschaft Schenkung; Landwirtschaftsrecht; Sachenrecht; Zivilverfahrensrecht,1
Schuldverhältnisse; Schadensersatz; SchuldrechtAT; BGBAT,1
Wohnungseigentum; BGBAT; Miete Pacht; Sachenrecht,1
Familienrecht; Sozialrecht; Zivilverfahrensrecht; ELWI-FAMR,1
Berufsrecht Rechtsanwälte; BGBAT; Schadensersatz; SchuldrechtAT; Kauf Tausch Leasing; BGBAT; Schadensersatz; SchuldrechtAT; Kauf Tausch Leasing,1
SchuldrechtAT; Schadensersatz; ELWI-FAMR,1
Sonstiges Steuerrecht; Sonstiges Recht,1
Bankrecht Kreditrecht; Versicherungsrecht; Zivilverfahrensrecht,1
Bankrecht Kreditrecht; Berufsrecht Rechtsanwälte; Insolvenzrecht; Schadensersatz,1
Wettbewerbsrecht Kartellrecht; EDV-Recht; SchuldrechtAT,1
Wirtschaftsprüfung; Handelsrecht Gesellschaftsrecht; Zivilverfahrensrecht,1
Familienrecht; Zivilverfahrensrecht; Zivilverfahrensrecht,1
Handelsrecht Gesellschaftsrecht; Insolvenzrecht; Schadensersatz; Handelsrecht Gesellschaftsrecht; Insolvenzrecht; Schadensersatz,1
Zivilverfahrensrecht; Familienrecht; Erbschaft Schenkung,1
Berufsrecht Rechtsanwälte; Zivilverfahrensrecht; SchuldrechtAT; Erbschaftsteuer; Erbschaft Schenkung,1
Rechnungslegung; Rechnungslegung,1
Zivilverfahrensrecht; SchuldrechtAT; Sachenrecht; Bankrecht Kreditrecht,1
Schadensersatz; Insolvenzrecht; Zivilverfahrensrecht; Bankrecht Kreditrecht,1
Schadensersatz; Sachenrecht; Zivilverfahrensrecht; Wohnungseigentum,1
Kauf Tausch Leasing; Berufsrecht Rechtsanwälte; Insolvenzrecht,1
Handelsrecht Gesellschaftsrecht; SchuldrechtAT; Bankrecht Kreditrecht,1
Zivilverfahrensrecht; Handelsrecht Gesellschaftsrecht; Bankrecht Kreditrecht; SchuldrechtAT; Schadensersatz,1
Urheberrecht Markenrecht Patentrecht; Schuldverhältnisse; Öffentliches Recht,1
Berufsrecht Rechtsanwälte; SchuldrechtAT; SchuldrechtAT,1
Handelsrecht Gesellschaftsrecht; BGBAT; SchuldrechtAT; Berufsrecht Rechtsanwälte; Zivilverfahrensrecht,1
SchuldrechtAT; Handelsrecht Gesellschaftsrecht; Sachenrecht,1
Schadensersatz; Zivilverfahrensrecht; Wettbewerbsrecht Kartellrecht,1
Schadensersatz; Zivilverfahrensrecht; Wettbewerbsrecht Kartellrecht; EDV-Recht,1
BGBAT; Familienrecht; BGBAT; Familienrecht,1
Strafrecht; Steuerstrafrecht; Arbeitsrecht; Sozialrecht; Sozialversicherungsrecht,1
Strafrecht; EDV-Recht; Strafrecht; Zivilverfahrensrecht; Urheberrecht Markenrecht Patentrecht,1
Miete Pacht; Miete Pacht; Erbschaft Schenkung; Erbschaftsteuer; Erbschaftsteuer,1
Neue Bundesländer; Steuerstrafrecht; Verfahrensrecht/Abgabenordnung,1
Insolvenzrecht; Neue Bundesländer; Zivilverfahrensrecht; Bankrecht Kreditrecht,1
Schuldverhältnisse; Wettbewerbsrecht Kartellrecht; Öffentliches Recht,1
Berufsrecht Steuerberater; Schadensersatz; Rechnungslegung; Bankrecht Kreditrecht; Bankrecht Kreditrecht,1
Wohnungseigentum; Schadensersatz; Bankrecht Kreditrecht; Werkvertrag,1
Schadensersatz; SchuldrechtAT; Insolvenzrecht; Bankrecht Kreditrecht,1
Arbeitsrecht; Schuldverhältnisse; SchuldrechtAT; Handelsrecht Gesellschaftsrecht; Öffentliches Recht,1
Insolvenzrecht; Sachenrecht; Zivilverfahrensrecht; Erbschaft Schenkung,1
Wettbewerbsrecht Kartellrecht; Bankrecht Kreditrecht; EDV-Recht,1
Bankrecht Kreditrecht; BGBAT; Schuldverhältnisse; Erbschaft Schenkung,1
Bankrecht Kreditrecht; Handelsrecht Gesellschaftsrecht; SchuldrechtAT; Schadensersatz,1
Arbeitsrecht; Schuldverhältnisse; BGBAT; Sozialrecht; Sozialversicherungsrecht,1
Familienrecht; Neue Bundesländer; BGBAT; ELWI-FAMR,1
Kauf Tausch Leasing; Miete Pacht; Schadensersatz,1
Verfahrensrecht/Abgabenordnung; ELWI-STAP,1
Handelsrecht Gesellschaftsrecht; Miete Pacht; Handelsrecht Gesellschaftsrecht; Miete Pacht,1
Urheberrecht Markenrecht Patentrecht; Wettbewerbsrecht Kartellrecht; Neue Bundesländer,1
Steuerstrafrecht; Strafrecht; Verfahrensrecht/Abgabenordnung,1
Berufsrecht Rechtsanwälte; Rechtliche Informationen; Steuerrechtliche Informationen; Zivilverfahrensrecht,1
Rechnungslegung; Insolvenzrecht; SchuldrechtAT; Berufsrecht Rechtsanwälte,1
Kauf Tausch Leasing; Versicherungsrecht; Zivilverfahrensrecht,1
Berufsrecht Steuerberater; Steuerliche Betriebsprüfung; Schadensersatz; Zivilverfahrensrecht,1
BGBAT; Bankrecht Kreditrecht; BGBAT; Bankrecht Kreditrecht,1
Sozialversicherungsrecht; Handelsrecht Gesellschaftsrecht; Sozialrecht,1
Arbeitsrecht; Zivilverfahrensrecht; Öffentliches Recht,1
Öffentliches Recht; SchuldrechtAT; Familienrecht,1
Strafrecht; EU-Recht; Öffentliches Recht,1
Handelsrecht Gesellschaftsrecht; Kauf Tausch Leasing; Handelsrecht Gesellschaftsrecht; Kauf Tausch Leasing,1
Erbschaft Schenkung; Miete Pacht; Öffentliches Recht,1
EDV-Recht; Öffentliches Recht; Zivilverfahrensrecht; Verfahrensrecht/Abgabenordnung; Berufsrecht Rechtsanwälte; Berufsrecht Steuerberater,1
Insolvenzrecht; Neue Bundesländer; Sachenrecht; Zivilverfahrensrecht; Insolvenzrecht; Neue Bundesländer; Sachenrecht; Zivilverfahrensrecht,1
Miete Pacht; Handelsrecht Gesellschaftsrecht; Neue Bundesländer,1
Sachenrecht; Miete Pacht; Zivilverfahrensrecht,1
Insolvenzrecht; SchuldrechtAT; Sachenrecht,1
Berufsrecht Rechtsanwälte; Schadensersatz; Kauf Tausch Leasing; Zivilverfahrensrecht,1
Erbschaftsteuer; Erbschaft Schenkung; Erbschaftsteuer; Erbschaft Schenkung; ELWI-FAMR,1
Erbschaft Schenkung; Arbeitsrecht,1
Bankrecht Kreditrecht; Sachenrecht; SchuldrechtAT; Schadensersatz,1
Berufsrecht Rechtsanwälte; Schuldverhältnisse; Schadensersatz; Bankrecht Kreditrecht,1
Insolvenzrecht; SchuldrechtAT; Schadensersatz; Bankrecht Kreditrecht,1
Berufsrecht Rechtsanwälte; BGBAT; Bankrecht Kreditrecht; Zivilverfahrensrecht,1
EU-Recht; Handelsrecht Gesellschaftsrecht; Schuldverhältnisse; Arbeitsrecht,1
Sozialrecht; Sozialversicherungsrecht; BGBAT; EDV-Recht; SchuldrechtAT,1
Schadensersatz; SchuldrechtAT; BGBAT; Berufsrecht Rechtsanwälte; Zivilverfahrensrecht,1
Miete Pacht; Kauf Tausch Leasing; Wettbewerbsrecht Kartellrecht,1
EU-Recht; Berufsrecht Rechtsanwälte; Zivilverfahrensrecht,1
Kauf Tausch Leasing; BGBAT; SchuldrechtAT; Insolvenzrecht; Handelsrecht Gesellschaftsrecht,1
Wirtschaftsprüfung; Bankrecht Kreditrecht; BGBAT; Handelsrecht Gesellschaftsrecht; Wirtschaftsprüfung; Schadensersatz; Yellowmap,1
EDV-Recht; Urheberrecht Markenrecht Patentrecht; Schuldverhältnisse; Zivilverfahrensrecht; Schadensersatz,1
Berufsrecht Rechtsanwälte; Bankrecht Kreditrecht; Schadensersatz; Insolvenzrecht,1
Steuerstrafrecht; Einkommensteuer/Lohnsteuer/Kirchensteuer,1
Familienrecht; Umsatzsteuer,1
Versicherungsrecht; Reisevertrag,1
Neue Bundesländer; Neue Bundesländer; Familienrecht; ELWI-FAMR,1
Berufsrecht Rechtsanwälte; Zivilverfahrensrecht; Neue Bundesländer; BGBAT; Zivilverfahrensrecht; Neue Bundesländer; BGBAT,1
Schuldverhältnisse; EDV-Recht; EU-Recht,1
Erbschaft Schenkung; Erbschaftsteuer; Schuldverhältnisse,1
Zivilverfahrensrecht; Erbschaft Schenkung; Schadensersatz,1
Miete Pacht; Schadensersatz; Zivilverfahrensrecht; SchuldrechtAT,1
Bankrecht Kreditrecht; Rechnungslegung; EU-Recht,1
Erbschaft Schenkung; Familienrecht; SchuldrechtAT; Berufsrecht Rechtsanwälte,1
BGBAT; Schadensersatz; SchuldrechtAT; Sachenrecht,1
Berufsrecht Steuerberater; Handelsrecht Gesellschaftsrecht,1
Kauf Tausch Leasing; SchuldrechtAT; BGBAT; Bankrecht Kreditrecht,1
BGBAT; Wettbewerbsrecht Kartellrecht; Erbschaftsteuer; BGBAT; Wettbewerbsrecht Kartellrecht; Erbschaftsteuer,1
Bankrecht Kreditrecht; Kauf Tausch Leasing; Schuldverhältnisse,1
Lohnsteuer; Einkommensteuer/Lohnsteuer/Kirchensteuer; Steuerstrafrecht; Strafrecht,1
Miete Pacht; SchuldrechtAT; Bankrecht Kreditrecht; Sachenrecht,1
SchuldrechtAT; Schuldverhältnisse; Schadensersatz; EDV-Recht,1
Lohnsteuer; Schadensersatz,1
Zivilverfahrensrecht; Berufsrecht Rechtsanwälte; Berufsrecht Steuerberater; EDV-Recht,1
Erbschaft Schenkung; Sachenrecht; Zivilverfahrensrecht; SchuldrechtAT; Erbschaftsteuer; ELWI-FAMR,1
Schadensersatz; SchuldrechtAT; Schuldverhältnisse; Bankrecht Kreditrecht; Berufsrecht Rechtsanwälte,1
"Bankrecht Kreditrecht; Handelsrecht
Gesellschaftsrecht",1
EU-Recht; Öffentliches Recht; Familienrecht,1
Berufsrecht Steuerberater; Berufsrecht Rechtsanwälte; Verfahrensrecht/Abgabenordnung; Verfahrensrecht/Abgabenordnung,1
Lohnsteuer; Einkommensteuer/Lohnsteuer/Kirchensteuer; Sozialrecht,1
BGBAT; Handelsrecht Gesellschaftsrecht; SchuldrechtAT; Berufsrecht Rechtsanwälte,1
Schadensersatz; Erbschaft Schenkung; Familienrecht; Erbschaftsteuer; Erbschaftsteuer,1
Zivilverfahrensrecht; Familienrecht; Arbeitsrecht,1
Bankrecht Kreditrecht; Kauf Tausch Leasing; SchuldrechtAT; Insolvenzrecht,1
Schadensersatz; SchuldrechtAT; Bankrecht Kreditrecht; Bankrecht Kreditrecht,1
Rechnungslegung; BGBAT; SchuldrechtAT; Handelsrecht Gesellschaftsrecht; Bankrecht Kreditrecht,1
Schuldverhältnisse; EDV-Recht; Zivilverfahrensrecht; Wettbewerbsrecht Kartellrecht,1
Erbschaft Schenkung; Familienrecht; Insolvenzrecht,1
Kauf Tausch Leasing; BGBAT; SchuldrechtAT; EDV-Recht,1
Versicherungsrecht; Berufsrecht Rechtsanwälte; Schadensersatz,1
Berufsrecht Rechtsanwälte; Bankrecht Kreditrecht; Zivilverfahrensrecht; SchuldrechtAT; BGBAT; Schadensersatz,1
SchuldrechtAT; Handelsrecht Gesellschaftsrecht; Wettbewerbsrecht Kartellrecht; Zivilverfahrensrecht,1
Miete Pacht; Schuldverhältnisse; Werkvertrag,1
Reisevertrag; Schadensersatz; SchuldrechtAT,1
Berufsrecht Rechtsanwälte; Berufsrecht Steuerberater; Wirtschaftsprüfung; Strafrecht; Verfahrensrecht/Abgabenordnung,1
Versicherungsrecht; Neue Bundesländer; Neue Bundesländer; Arbeitsrecht,1
Wohnungseigentum; BGBAT; Berufsrecht Rechtsanwälte,1
Steuerstrafrecht; Einkommensteuer/Lohnsteuer/Kirchensteuer; Verfahrensrecht/Abgabenordnung; Steuerliche Betriebsprüfung,1
SchuldrechtAT; Zivilverfahrensrecht; Familienrecht,1
Schadensersatz; Berufsrecht Rechtsanwälte; Berufsrecht Steuerberater; SchuldrechtAT,1
Miete Pacht; Miete Pacht; Miete Pacht; Schuldverhältnisse; Schadensersatz; Sachenrecht; Neue Bundesländer,1
Bankrecht Kreditrecht; SchuldrechtAT; Handelsrecht Gesellschaftsrecht; Bankrecht Kreditrecht; SchuldrechtAT; Handelsrecht Gesellschaftsrecht,1
Schuldverhältnisse; SchuldrechtAT; Schadensersatz; Bankrecht Kreditrecht,1
EU-Recht; SchuldrechtAT; Zivilverfahrensrecht,1
Landwirtschaftsrecht; Sachenrecht; Berufsrecht Rechtsanwälte; Zivilverfahrensrecht,1
Handelsrecht Gesellschaftsrecht; SchuldrechtAT; Insolvenzrecht; BGBAT; Handelsrecht Gesellschaftsrecht; SchuldrechtAT; Insolvenzrecht; BGBAT,1
BGBAT; Schadensersatz; Urheberrecht Markenrecht Patentrecht; EDV-Recht,1
Familienrecht; ELWI-FAMR; Zivilverfahrensrecht; ELWI-FAMR,1
BGBAT; EDV-Recht; SchuldrechtAT; Kauf Tausch Leasing; Wohnungseigentum; Zivilverfahrensrecht; Wettbewerbsrecht Kartellrecht,1
Wohnungseigentum; BGBAT; Schadensersatz; SchuldrechtAT,1
Berufsrecht Rechtsanwälte; Werkvertrag; Bankrecht Kreditrecht,1
Insolvenzrecht; Handelsrecht Gesellschaftsrecht; Schadensersatz,1
Insolvenzrecht; Familienrecht; BGBAT,1
EDV-Recht; Reisevertrag,1
BGBAT; Umsatzsteuer; Schadensersatz; EU-Recht; LEXPUB,1
Kauf Tausch Leasing; BGBAT; Schuldverhältnisse,1
Schuldverhältnisse; Zivilverfahrensrecht; EU-Recht,1
Zivilverfahrensrecht; Berufsrecht Rechtsanwälte; Verfahrensrecht/Abgabenordnung; Familienrecht,1
Erbschaft Schenkung; Handelsrecht Gesellschaftsrecht; Zivilverfahrensrecht,1
Wohnungseigentum; Schadensersatz; Zivilverfahrensrecht; Bankrecht Kreditrecht; SchuldrechtAT,1
Öffentliches Recht; Sachenrecht; Schadensersatz; SchuldrechtAT,1
Schuldverhältnisse; Handelsrecht Gesellschaftsrecht; BGBAT; Zivilverfahrensrecht,1
Neue Bundesländer; Landwirtschaftsrecht; BGBAT,1
BGBAT; BGBAT; Familienrecht; Zivilverfahrensrecht,1
SchuldrechtAT; BGBAT; Sachenrecht; Bankrecht Kreditrecht; Zivilverfahrensrecht,1
SchuldrechtAT; Arbeitsrecht; Sozialrecht; Sozialversicherungsrecht,1
Berufsrecht Rechtsanwälte; SchuldrechtAT; Werkvertrag; Zivilverfahrensrecht,1
Berufsrecht Rechtsanwälte; Berufsrecht Steuerberater; Handelsrecht Gesellschaftsrecht; Wettbewerbsrecht Kartellrecht,1
Bankrecht Kreditrecht; Öffentliches Recht; Handelsrecht Gesellschaftsrecht,1
Wettbewerbsrecht Kartellrecht; EU-Recht; Sozialrecht; Sozialversicherungsrecht,1
Einkommensteuer/Lohnsteuer/Kirchensteuer; Lohnsteuer; Erbschaft Schenkung; Erbschaftsteuer; ELWI-FAMR,1
Berufsrecht Rechtsanwälte; Handelsrecht Gesellschaftsrecht; Sachenrecht; Zivilverfahrensrecht; Insolvenzrecht,1
BGBAT; Familienrecht; Arbeitsrecht,1
Schadensersatz; SchuldrechtAT; Schuldverhältnisse; Arbeitsrecht; Handelsrecht Gesellschaftsrecht,1
Sachenrecht; Wohnungseigentum; Zivilverfahrensrecht,1
SchuldrechtAT; Werkvertrag; Wettbewerbsrecht Kartellrecht,1
Sozialversicherungsrecht; Steuerstrafrecht; ELWI-FAMR,1
Bankrecht Kreditrecht; Handelsrecht Gesellschaftsrecht; Bankrecht Kreditrecht; Handelsrecht Gesellschaftsrecht,1
Zivilverfahrensrecht; Arbeitsrecht; Insolvenzrecht,1
Berufsrecht Rechtsanwälte; Umsatzsteuer; Schadensersatz; SchuldrechtAT; Schuldverhältnisse; Schadensersatz; SchuldrechtAT; Schuldverhältnisse,1
Sachenrecht; Insolvenzrecht; Bankrecht Kreditrecht,1
SchuldrechtAT; Berufsrecht Rechtsanwälte; Zivilverfahrensrecht; Sachenrecht,1
Berufsrecht Rechtsanwälte; Urheberrecht Markenrecht Patentrecht; Schuldverhältnisse,1
Berufsrecht Rechtsanwälte; Schadensersatz; Schadensersatz; Schuldverhältnisse,1
Lohnsteuer; Handelsrecht Gesellschaftsrecht; Schadensersatz; SchuldrechtAT; Schuldverhältnisse; Einkommensteuer/Lohnsteuer/Kirchensteuer,1
SchuldrechtAT; Handelsrecht Gesellschaftsrecht; Schuldverhältnisse,1
EU-Recht; Zivilverfahrensrecht; Urheberrecht Markenrecht Patentrecht,1
Schadensersatz; Berufsrecht Steuerberater; Handelsrecht Gesellschaftsrecht,1
Kauf Tausch Leasing; Zivilverfahrensrecht; Zivilverfahrensrecht; Berufsrecht Rechtsanwälte,1
Insolvenzrecht; SchuldrechtAT; Schadensersatz; Handelsrecht Gesellschaftsrecht; Insolvenzrecht; SchuldrechtAT; Schadensersatz; Handelsrecht Gesellschaftsrecht,1
Schadensersatz; Umsatzsteuer; SchuldrechtAT,1
Schadensersatz; Rechnungslegung; Handelsrecht Gesellschaftsrecht; Insolvenzrecht,1
Berufsrecht Steuerberater; Schadensersatz; BGBAT; SchuldrechtAT; BGBAT; SchuldrechtAT,1
Schadensersatz; Familienrecht; Handelsrecht Gesellschaftsrecht; SchuldrechtAT,1
Berufsrecht Rechtsanwälte; Schadensersatz; SchuldrechtAT; Miete Pacht; SchuldrechtAT; Miete Pacht,1
Urheberrecht Markenrecht Patentrecht; Rechnungslegung; Schadensersatz; SchuldrechtAT; Zivilverfahrensrecht,1
Gewerbesteuer; Einkommensteuer/Lohnsteuer/Kirchensteuer; Körperschaftsteuer,1
Bankrecht Kreditrecht; Erbschaft Schenkung; Erbschaftsteuer,1
SchuldrechtAT; Schadensersatz; Familienrecht; Info; ELWI-FAMR,1
Ausländisches Recht; Handelsrecht Gesellschaftsrecht,1
Reisevertrag; Zivilverfahrensrecht; EU-Recht,1
"Schadensersatz; SchuldrechtAT; Berufsrecht
Rechtsanwälte; Berufsrecht Steuerberater; Berufsrecht
Rechtsanwälte; LEXPUB",1
Berufsrecht Rechtsanwälte; Erbschaft Schenkung; Insolvenzrecht; Bankrecht Kreditrecht,1
Berufsrecht Steuerberater; Bankrecht Kreditrecht; Wirtschaftsprüfung; Schadensersatz; SchuldrechtAT; BGBAT,1
BGBAT; Sachenrecht; Urheberrecht Markenrecht Patentrecht; Handelsrecht Gesellschaftsrecht; EDV-Recht,1
Zivilverfahrensrecht; Schadensersatz; Wirtschaftsprüfung,1
Berufsrecht Rechtsanwälte; Schadensersatz; SchuldrechtAT; Sachenrecht; Schadensersatz; SchuldrechtAT; Sachenrecht; ELWI-STAP,1
Strafrecht; Steuerliche Förderungsgesetze,1
BGBAT; Schadensersatz; Wettbewerbsrecht Kartellrecht,1
BGBAT; Schadensersatz; SchuldrechtAT; BGBAT; Schadensersatz; SchuldrechtAT; ELWI-STAP,1
Umsatzsteuer; Kauf Tausch Leasing; BGBAT; Bankrecht Kreditrecht,1
Bankrecht Kreditrecht; Arbeitsrecht; EDV-Recht,1
BGBAT; SchuldrechtAT; Erbschaft Schenkung; Schadensersatz; Sachenrecht; Sozialrecht,1
Steuerliche Betriebsprüfung; Strafrecht; Steuerstrafrecht,1
Schadensersatz; Sozialrecht; Miete Pacht,1
Werkvertrag; Kauf Tausch Leasing; SchuldrechtAT; EU-Recht,1
Berufsrecht Rechtsanwälte; Bankrecht Kreditrecht; Schadensersatz; Bankrecht Kreditrecht; Schadensersatz,1
Insolvenzrecht; BGBAT; Schadensersatz,1
BGBAT; SchuldrechtAT; Bankrecht Kreditrecht; Handelsrecht Gesellschaftsrecht,1
BGBAT; Schadensersatz; SchuldrechtAT; Handelsrecht Gesellschaftsrecht; Berufsrecht Rechtsanwälte,1
Insolvenzrecht; Sozialversicherungsrecht,1
Erbschaft Schenkung; Wettbewerbsrecht Kartellrecht; Berufsrecht Rechtsanwälte,1
Zivilverfahrensrecht; Schadensersatz; Steuerstrafrecht,1
Berufsrecht Steuerberater; Berufsrecht Rechtsanwälte; EDV-Recht; Verfahrensrecht/Abgabenordnung,1
Wirtschaftsprüfung; Strafrecht,1
SchuldrechtAT; Bankrecht Kreditrecht; Zivilverfahrensrecht; ELWI-FAMR,1
Lohnsteuer; Arbeitsrecht; Einkommensteuer/Lohnsteuer/Kirchensteuer,1
Berufsrecht Rechtsanwälte; Strafrecht; Verfahrensrecht/Abgabenordnung; Familienrecht,1
Berufsrecht Rechtsanwälte; Schadensersatz; Werkvertrag; Zivilverfahrensrecht,1
Versicherungsrecht; Bankrecht Kreditrecht; SchuldrechtAT; Zivilverfahrensrecht; BGBAT; Versicherungsrecht; Bankrecht Kreditrecht; SchuldrechtAT; Zivilverfahrensrecht; BGBAT,1
Sachenrecht; Schadensersatz; SchuldrechtAT; Kauf Tausch Leasing; Zivilverfahrensrecht,1
Handelsrecht Gesellschaftsrecht; EDV-Recht; Zivilverfahrensrecht,1
Schadensersatz; Arbeitsrecht; Sozialrecht; Sozialversicherungsrecht,1
Insolvenzrecht; Berufsrecht Rechtsanwälte; BGBAT; Schuldverhältnisse,1
Berufsrecht Steuerberater; Bankrecht Kreditrecht; Arbeitsrecht,1
Wettbewerbsrecht Kartellrecht; Schadensersatz; EDV-Recht,1
Schadensersatz; Schadensersatz; Rechnungslegung; Handelsrecht Gesellschaftsrecht; Insolvenzrecht; EU-Recht,1
Handelsrecht Gesellschaftsrecht; Handelsrecht Gesellschaftsrecht; Familienrecht,1
Schadensersatz; Bankrecht Kreditrecht; Schuldverhältnisse; Werkvertrag,1
Handelsrecht Gesellschaftsrecht; Zivilverfahrensrecht; Sachenrecht; Bankrecht Kreditrecht,1
Bankrecht Kreditrecht; Kauf Tausch Leasing; SchuldrechtAT; EU-Recht,1
Zivilverfahrensrecht; BGBAT; Werkvertrag; Wohnungseigentum,1
Zivilverfahrensrecht; Verfahrensrecht/Abgabenordnung; Erbschaft Schenkung,1
Handelsrecht Gesellschaftsrecht; Insolvenzrecht; Schadensersatz; BGBAT,1
Miete Pacht; Miete Pacht; Neue Bundesländer,1
Zivilverfahrensrecht; Versicherungsrecht; Berufsrecht Rechtsanwälte,1
Berufsrecht Steuerberater; Berufsrecht Rechtsanwälte; Insolvenzrecht; Neue Bundesländer; Zivilverfahrensrecht,1
Erbschaft Schenkung; SchuldrechtAT; Erbschaftsteuer; Erbschaftsteuer,1
Berufsrecht Rechtsanwälte; Zivilverfahrensrecht; Berufsrecht,1
SchuldrechtAT; Miete Pacht; Sachenrecht; Verfahrensrecht/Abgabenordnung,1
Schadensersatz; Familienrecht; Zivilverfahrensrecht; ELWI-FAMR,1
Werkvertrag; Werkvertrag; SchuldrechtAT,1
Strafrecht; Steuerstrafrecht; Körperschaftsteuer; ELWI-STAP,1
Wettbewerbsrecht Kartellrecht; EDV-Recht; BGBAT; Schadensersatz,1
Öffentliches Recht; BGBAT; SchuldrechtAT; EDV-Recht,1
Bankrecht Kreditrecht; Öffentliches Recht; Strafrecht,1
Einkommensteuer/Lohnsteuer/Kirchensteuer; Lohnsteuer; Zivilverfahrensrecht,1
Strafrecht; EDV-Recht; Arbeitsrecht,1
Schadensersatz; EDV-Recht; SchuldrechtAT; Schuldverhältnisse,1
Rechnungslegung; Öffentliches Recht; Gewerbesteuer,1
Handelsrecht Gesellschaftsrecht; Zivilverfahrensrecht; BGBAT; Handelsrecht Gesellschaftsrecht; Zivilverfahrensrecht; BGBAT,1
BGBAT; Insolvenzrecht; Zivilverfahrensrecht,1
Neue Bundesländer; Sachenrecht; SchuldrechtAT; EDV-Recht,1
Handelsrecht Gesellschaftsrecht; Strafrecht; Insolvenzrecht,1
Sachenrecht; Insolvenzrecht; Zivilverfahrensrecht; Bankrecht Kreditrecht; SchuldrechtAT; Insolvenzrecht; Zivilverfahrensrecht; Bankrecht Kreditrecht; SchuldrechtAT,1
Insolvenzrecht; Zivilverfahrensrecht; Bankrecht Kreditrecht; Schuldverhältnisse,1
SchuldrechtAT; BGBAT; Sachenrecht,1
SchuldrechtAT; Erbschaft Schenkung; Erbschaftsteuer,1
Sozialversicherungsrecht; Einkommensteuer/Lohnsteuer/Kirchensteuer; Lohnsteuer; Wettbewerbsrecht Kartellrecht; Wettbewerbsrecht Kartellrecht,1
EDV-Recht; Handelsrecht Gesellschaftsrecht; BGBAT,1
Berufsrecht Steuerberater; Wirtschaftsprüfung; Schadensersatz; SchuldrechtAT; BGBAT; Bankrecht Kreditrecht,1
Steuerliche Betriebsprüfung; Schadensersatz; Schadensersatz,1
Verfahrensrecht/Abgabenordnung; Schadensersatz; SchuldrechtAT; Zivilverfahrensrecht; Schadensersatz; SchuldrechtAT; Zivilverfahrensrecht,1
Neue Bundesländer; Familienrecht; Zivilverfahrensrecht; ELWI-FAMR,1
Miete Pacht; SchuldrechtAT; Miete Pacht,1
Schadensersatz; Handelsrecht Gesellschaftsrecht; Insolvenzrecht; Info,1
Schadensersatz; Familienrecht; ELWI-FAMR; ELWI-FAMR,1
Schadensersatz; Schadensersatz; SchuldrechtAT; Werkvertrag; EDV-Recht,1
Schuldverhältnisse; Sachenrecht; Schadensersatz,1
Landwirtschaftsrecht; Zivilverfahrensrecht; Erbschaft Schenkung,1
"Sonstiges Recht; Öffentliches
Recht",1
Steuerstrafrecht; Ausländisches Recht,1
SchuldrechtAT; BGBAT; Wettbewerbsrecht Kartellrecht,1
Insolvenzrecht; Verfahrensrecht/Abgabenordnung; Zivilverfahrensrecht; Sachenrecht,1
Berufsrecht Rechtsanwälte; Einkommensteuer/Lohnsteuer/Kirchensteuer; Körperschaftsteuer,1
Insolvenzrecht; Insolvenzrecht; Familienrecht; ELWI-FAMR,1
Handelsrecht Gesellschaftsrecht; Neue Bundesländer; Landwirtschaftsrecht,1
BGBAT; Bankrecht Kreditrecht; Info,1
Insolvenzrecht; Familienrecht; Insolvenzrecht; Familienrecht,1
Miete Pacht; Kauf Tausch Leasing; Handelsrecht Gesellschaftsrecht; SchuldrechtAT; Sachenrecht; Zivilverfahrensrecht,1
Berufsrecht Rechtsanwälte; Kauf Tausch Leasing; Schadensersatz; Sachenrecht; Zivilverfahrensrecht,1
Arbeitsrecht; Handelsrecht Gesellschaftsrecht; BGBAT; Öffentliches Recht,1
Sachenrecht; Schadensersatz; Öffentliches Recht; Zivilverfahrensrecht,1
Erbschaft Schenkung; Sozialrecht; Sozialversicherungsrecht,1
Zivilverfahrensrecht; SchuldrechtAT; Schuldverhältnisse; Schadensersatz,1
Versicherungsrecht; Zivilverfahrensrecht; Berufsrecht Rechtsanwälte,1
Berufsrecht Steuerberater; Rechnungslegung; BGBAT; Schadensersatz,1
Sozialversicherungsrecht; Lohnsteuer; Familienrecht; Sozialrecht; Einkommensteuer/Lohnsteuer/Kirchensteuer,1
EDV-Recht; Schadensersatz; Bankrecht Kreditrecht,1
Insolvenzrecht; Neue Bundesländer; Landwirtschaftsrecht,1
Zivilverfahrensrecht; Urheberrecht Markenrecht Patentrecht; Wettbewerbsrecht Kartellrecht,1
Bankrecht Kreditrecht; Schadensersatz; SchuldrechtAT; Schadensersatz; SchuldrechtAT,1
SchuldrechtAT; Neue Bundesländer; Sachenrecht; BGBAT,1
Berufsrecht Steuerberater; Rechnungslegung; Werkvertrag,1
Urheberrecht Markenrecht Patentrecht; Wettbewerbsrecht Kartellrecht; Urheberrecht Markenrecht Patentrecht; Wettbewerbsrecht Kartellrecht,1
Rechnungslegung; SchuldrechtAT; Bankrecht Kreditrecht,1
Öffentliches Recht; Erbschaftsteuer,1
Sachenrecht; Kauf Tausch Leasing; Neue Bundesländer,1
Berufsrecht Rechtsanwälte; SchuldrechtAT; Schuldverhältnisse; SchuldrechtAT; Schuldverhältnisse,1
Insolvenzrecht; EDV-Recht,1
Sachenrecht; Zivilverfahrensrecht; SchuldrechtAT,1
Schadensersatz; SchuldrechtAT; Kauf Tausch Leasing; Miete Pacht; Werkvertrag; Schuldverhältnisse,1
BGBAT; SchuldrechtAT; Bankrecht Kreditrecht; Werkvertrag,1
Zollrecht; Schadensersatz; SchuldrechtAT; Schadensersatz; SchuldrechtAT,1
Berufsrecht Steuerberater; Berufsrecht Rechtsanwälte; BGBAT; SchuldrechtAT; Bankrecht Kreditrecht; Schuldverhältnisse; BGBAT; SchuldrechtAT; Bankrecht Kreditrecht; Schuldverhältnisse,1
Steuerstrafrecht; Handelsrecht Gesellschaftsrecht,1
Insolvenzrecht; Bankrecht Kreditrecht; Arbeitsrecht,1
Berufsrecht Rechtsanwälte; Berufsrecht Steuerberater; Wirtschaftsprüfung; Bankrecht Kreditrecht; SchuldrechtAT,1
Kauf Tausch Leasing; SchuldrechtAT; Grunderwerbsteuer,1
Familienrecht; Berufsrecht Rechtsanwälte; Berufsrecht Steuerberater; Info; ELWI-FAMR,1
SchuldrechtAT; Erbschaftsteuer,1
Berufsrecht Rechtsanwälte; ELWI-STAP,1
Schadensersatz; SchuldrechtAT; Wohnungseigentum; Zivilverfahrensrecht,1
Gewerbesteuer; Erbschaft Schenkung; Erbschaftsteuer; Handelsrecht Gesellschaftsrecht,1
Kauf Tausch Leasing; SchuldrechtAT; Miete Pacht; Sachenrecht,1
BGBAT; SchuldrechtAT; Miete Pacht; Versicherungsrecht,1
Kauf Tausch Leasing; Berufsrecht Rechtsanwälte; Zivilverfahrensrecht; Strafrecht,1
Schadensersatz; SchuldrechtAT; ELWI-FAMR; Familienrecht,1
Miete Pacht; Zivilverfahrensrecht; SchuldrechtAT,1
Berufsrecht Rechtsanwälte; Bankrecht Kreditrecht; Insolvenzrecht; Schadensersatz; SchuldrechtAT,1
Schadensersatz; Sachenrecht; Bankrecht Kreditrecht,1
Berufsrecht Rechtsanwälte; Insolvenzrecht; Insolvenzrecht; Zivilverfahrensrecht,1
EDV-Recht; Öffentliches Recht; Schadensersatz; EDV-Recht,1
Zivilverfahrensrecht; Berufsrecht Rechtsanwälte; Berufsrecht Steuerberater; Verfahrensrecht/Abgabenordnung,1
Insolvenzrecht; Zivilverfahrensrecht; Miete Pacht,1
Bankrecht Kreditrecht; Zivilverfahrensrecht; BGBAT; SchuldrechtAT,1
Berufsrecht Rechtsanwälte; Gewerbesteuer; Einkommensteuer/Lohnsteuer/Kirchensteuer,1
Berufsrecht Rechtsanwälte; BGBAT; SchuldrechtAT; Schadensersatz; Zivilverfahrensrecht; BGBAT,1
Wettbewerbsrecht Kartellrecht; Berufsrecht Steuerberater,1
Rechnungslegung; Wirtschaftsprüfung; Schadensersatz; Handelsrecht Gesellschaftsrecht; SchuldrechtAT; Handelsrecht Gesellschaftsrecht; SchuldrechtAT,1
Arbeitsrecht; Arbeitsrecht; SchuldrechtAT; Versicherungsrecht,1
Berufsrecht Rechtsanwälte; Steuerliche Betriebsprüfung; Zivilverfahrensrecht,1
BGBAT; Schadensersatz; SchuldrechtAT; Bankrecht Kreditrecht; Schuldverhältnisse; Handelsrecht Gesellschaftsrecht,1
