question,cluster
"Welche Voraussetzungen müssen erfüllt sein, damit ein nicht im Grundbuch eingetragener Eigentümer eine (Rück-)Auflassung verlangen kann?",24
Unter welchen Bedingungen kann ein Eigentümer statt einer Grundbuchberichtigung auch (Rück-)Auflassung verlangen?,24
"Wer ist verpflichtet, die Eigentumsübertragung im Grundbuch zu korrigieren, wenn der Eigentümer nicht im Grundbuch eingetragen ist?",24
"Welche Rolle spielt die Genehmigung der Großeltern für die Gültigkeit einer Auflassung, wenn die Notariatsangestellte nicht zur Auflassung bevollmächtigt war?",123
"Welche Rechtsgrundlage gilt für den Fall, dass der Notar ohne Vollmacht eine Auflassung erklärt?",112
"Welche Rechte hat ein Eigentümer, wenn er das Eigentum an einem Grundstück aufgrund einer fehlerhaften Auflassung verloren hat?",17
"Welche Rechtsfolge tritt ein, wenn ein Notar ohne Vollmacht eine Auflassung erklärt?",112
"Welche Bedingungen müssen erfüllt sein, damit eine Auflassung gültig ist?",107
"Welche Rechtsgrundlage gilt für den Fall, dass ein Eigentümer das Eigentum an einem Grundstück aufgrund einer Schenkung verloren hat?",17
"Welche Rechte hat ein Eigentümer, wenn er das Eigentum an einem Grundstück aufgrund einer unentgeltlichen Übertragung verloren hat?",17
"Welche Voraussetzungen müssen erfüllt sein, damit ein Überbau auf fremdem Grundstück rechtmäßig ist?",17
"Wer ist berechtigt, den Überbau auf einem fremden Grundstück zu unterhalten, wenn der ursprüngliche Mieter aus dem Mietvertrag aussteigt?",12
"Welche Rechte hat der Eigentümer des überbauten Grundstücks, wenn der Überbau auf vertraglicher Grundlage erfolgte?",17
Wie kann der Eigentümer des überbauten Grundstücks nach dem Wechsel des Eigentums am Stammgrundstück seine Rechte am Überbau behalten?,17
Welche Rolle spielt der Mietvertrag bei der rechtmäßigen Überbauung der Grenze?,12
"Welche Rechtsgrundlage gilt für die Herausgabe der Teilfläche, die Bestandteil des Grundstücks ist, auf dem der Nießbrauch lastet?",17
"Wie kann der Eigentümer des überbauten Grundstücks seine Rechte am Überbau schützen, wenn der Überbau auf seinem Grundstück errichtet wurde, ohne seine Zustimmung einzuholen?",17
"Welche Rechtsfolgen treten ein, wenn der Eigentümer des Stammgrundstücks das Überbauen seines Grundstücks gestattet hat, aber der Überbau auf vertraglicher Grundlage erfolgte?",17
"Wie kann der Eigentümer des überbauten Grundstücks seine Rechte am Überbau schützen, wenn der Überbau auf seinem Grundstück errichtet wurde, ohne seine Zustimmung einzoholen, aber der Überbau auf vertraglicher Grundlage erfolgte?",17
Welche Rolle spielt der Wechsel des Eigentums am Stammgrundstück für die Rechtslage des Überbaus?,17
"Welche Voraussetzungen müssen erfüllt sein, damit ein Frachtführer Anspruch auf Ersatz von Aufwendungen für die Verzollung von Gütern hat?",13
"Wer ist verpflichtet, die Zollgebühren zu tragen, wenn der Frachtführer die Verzollung im Auftrag eines Dritten durchführt?",157
"Wie lange ist ein Aufwendungsersatzanspruch des Frachtführers gegen den Auftraggeber verjährungsfrei, wenn der Auftraggeber den Rückgriff auf den Frachtführer begehrt?",20
Welche Rolle spielt das niederländische Recht bei der Beurteilung eines Aufwendungsersatzanspruchs des Frachtführers gegen den Auftraggeber?,9
Warum beginnt die Verjährungsfrist für den Aufwendungsersatzanspruch des Frachtführers erst mit der Geltendmachung des Anspruchs durch den Auftraggeber?,166
Welche Bedeutung hat die Geschäftsbesorgung im Sinne von § 675 BGB für die Anwendung der §§ 407 ff. HGB?,16
Wie ist der Anwendungsbereich der Verjährungsvorschrift des § 439 HGB zu bestimmen?,16
Welche Rechtsgrundlage gilt für den Regress des Frachtführers gegen den Auftraggeber im Falle von Zollgebühren?,9
"Welche Voraussetzungen müssen erfüllt sein, damit ein Gesellschafter einer GmbH persönlich für die Verbindlichkeiten der Gesellschaft haften kann?",81
Welche Rolle spielt die Überwachung der Mittelverwendung durch einen Gesellschafter im Hinblick auf eine mögliche Haftung nach § 826 BGB?,78
"Wer ist verpflichtet, die zweckentsprechende Verwendung von Geld zu überwachen, wenn er eine Rechnung stellt?",36
Wie kann ein Gesellschafter seine Unkenntnis über den Bautenstand und den Baufortschritt im Rahmen einer Haftung nach § 826 BGB geltend machen?,78
"Welche Beweise kann ein Gesellschafter vorlegen, um seine Behauptungen im Rahmen einer Haftung nach § 826 BGB zu unterstützen?",105
Wie kann ein Gericht den Schädigungsvorsatz eines Beklagten im Rahmen einer Haftung nach § 826 BGB beurteilen?,105
"Welche Bedeutung hat die Beweisaufnahme im Rahmen einer Haftung nach § 826 BGB, insbesondere wenn es um Widersprüche in den Aussagen von Beteiligten geht?",105
Wie kann ein Gericht zwischen den Voraussetzungen für einen Haftungsdurchgriff für Gesellschaftsverbindlichkeiten und den Voraussetzungen der Haftung eines Gesellschafters aus § 826 BGB unterscheiden?,105
Welche Rechte hat ein Gesellschafter einer GmbH im Falle einer unzureichenden Vertragserfüllung durch die GmbH?,48
Wie kann ein Gericht im Rahmen einer Haftung nach § 826 BGB zwischen leichtfertigem und gewissenlosem Verhalten unterscheiden?,105
"Welche Voraussetzungen müssen erfüllt sein, damit eine Aufrechnung mit einem Schadensersatzanspruch aus einem Bauvorhaben erfolgreich ist?",45
"Wer ist verpflichtet, die Kosten der Nachbesserungsarbeiten zu tragen, wenn die Werkleistung Mängel aufweist?",157
Wie ist die Höhe eines Schadensersatzanspruchs bei mangelhafter Werkleistung zu berechnen?,74
Unter welchen Bedingungen kann eine Aufrechnung mit einer Schadensersatzforderung aus einem anderen Bauvorhaben erklärt werden?,45
Welche Rechtsgrundlage gilt für die Verrechnung eines Schadensersatzanspruchs mit einer Werklohnforderung?,7
Welche Rolle spielt ein Vergleich im Zusammenhang mit Schadensersatzansprüchen aus mangelhafter Werkleistung?,74
"Welche Rechtsfolge tritt ein, wenn eine Aufrechnung mit einem Schadensersatzanspruch nicht substantiiert dargelegt wird?",45
"Welche Voraussetzungen müssen erfüllt sein, damit ein Frachtführer für den Verlust von Diapositiven während des Transports haften muss?",158
"Wer ist verpflichtet, den Wert von transportierten Gütern anzugeben?",189
Welche Rolle spielt die Unterschrift des Empfängers bei der Haftung des Frachtführers?,136
Wie kann ein Vertragsschluss zwischen einem Versender und einem Frachtführer trotz unklarer Wertangaben der Sendung zustande kommen?,139
Welche Rechtsgrundlage gilt für die Haftung des Frachtführers bei vorsätzlicher Pflichtverletzung durch seinen Mitarbeiter?,9
Welche Bedeutung haben Allgemeine Geschäftsbedingungen (AGB) für die Haftung des Frachtführers?,117
Wie kann ein Schadensersatzanspruch des Eigentümers gegen den Empfänger der Diapositive geltend gemacht werden?,6
"Welche Rechtsfolge tritt ein, wenn der Schädiger die Leistung ernsthaft und endgültig ablehnt?",88
"Welche Voraussetzungen müssen erfüllt sein, damit eine Stammkapitalerhöhung im Interesse der Gesellschaft liegt?",121
"Wer ist verpflichtet, die Liquidität der Gesellschaft zu berücksichtigen, wenn eine Vergütung entnommen wird?",188
"Wie kann eine Gesellschafterin ihre Treuepflichten verletzen, wenn sie ihre Vergütung entnimmt?",210
Welche Rolle spielt die Kreditwürdigkeit der Gesellschaften bei einer Stammkapitalerhöhung?,121
Welche Rechtsgrundlage gilt für die Auszahlung der erhöhten Vergütung an die Komplementär-GmbH?,7
Wann ist eine einstimmige Entscheidung der Gesellschafter für die Auszahlung der erhöhten Vergütung erforderlich?,7
"Welche Gründe rechtfertigen eine Stammkapitalerhöhung, die zu einer Erhöhung der Haftungsvergütung führt?",121
"Welche Bedingungen müssen erfüllt sein, damit eine Gesellschafterin ihre Vergütung entnehmen kann, ohne ihre Treuepflichten zu verletzen?",210
Welche Rechtsfolgen hat eine unzulässige Stammkapitalerhöhung für die Gesellschaften und ihre Gesellschafter?,121
Welche Rolle spielt die Kreditwürdigkeit der Gesellschaften bei der Entscheidung über eine Stammkapitalerhöhung?,121
Welche Rolle spielt die Betriebsgefahr bei der Haftungsquote im Schadensersatzrecht?,45
Unter welchen Bedingungen müssen Sachverständigenkosten im Rahmen des Schadensersatzrechts quotiert werden?,45
"Wer ist verpflichtet, Sachverständigenkosten im Falle einer quotenmäßigen Haftung zu erstatten?",45
Wie sind Sachverständigenkosten im Schadensersatzrecht einzuordnen?,45
Welche Rechtsgrundlage gilt für die Erstattung von Sachverständigenkosten im Schadensersatzrecht?,45
Welche Bedeutung hat die Eigenhaftungsquote des Geschädigten für die Erstattung von Sachverständigenkosten?,45
Welche Rolle spielt die Verursachung des Schadens bei der Quotierung von Sachverständigenkosten?,45
Welche Rechtsfolge ergibt sich aus der quotenmäßigen Haftung des Schädigers bezüglich der Erstattung von Sachverständigenkosten?,45
"Wie ist die Haftung des Schädigers im Schadensersatzrecht geregelt, wenn der Geschädigte ebenfalls für den Schaden verantwortlich ist?",45
"Welche Bedeutung haben die ""Umstände"" im Schadensersatzrecht bei der Quotierung von Sachverständigenkosten?",45
"Welche Voraussetzungen müssen erfüllt sein, damit Versicherte Bonuspunkte erhalten können?",122
Wer entscheidet über die Verwendung der Rückstellung für Überschussverteilung und die Zuteilung von Bonuspunkten?,29
Wie ist die Höhe der Überschussbeteiligung zu bestimmen?,29
"Warum ist es dem Versicherer überlassen, in welcher Höhe er ermittelte Überschüsse zuteilt?",29
Welche Rolle spielt die paritätische Besetzung des Verwaltungsrats der Beklagten bei der Entscheidungsfindung über die Verwendung der Rückstellung für Überschussverteilung und die Zuteilung von Bonuspunkten?,46
Wie beeinflusst die Dynamisierung der Anwartschaften der Versicherten die Zuteilung bzw. Gutschrift von Bonuspunkten?,122
"Welche Rechte haben Versicherte, wenn die Beklagte den satzungsgemäßen Vorgaben für die Überschussbeteiligung nicht nachkommt?",29
Welche Auswirkungen hat die Verweigerung eines Auskunftsanspruchs auf den angekündigten Leistungsantrag?,142
"Welche Rechtsgrundlage gilt für die Haftung einer Person, die einen Arbeitsunfall grob fahrlässig herbeiführt, obwohl sie eine Unfallverhütungsvorschrift verletzt hat?",130
"Welche Pflichten hat ein Arbeitgeber, um seine Mitarbeiter vor tödlichen Gefahren am Arbeitsplatz zu schützen, insbesondere bei Arbeiten in großer Höhe?",198
Unter welchen Bedingungen kann ein Verstoß gegen eine Unfallverhütungsvorschrift als grob fahrlässig eingestuft werden?,61
"Wer ist verpflichtet, während Maurerarbeiten in großer Höhe geeignete Absturzsicherungen vorzusehen?",209
Welche Rolle spielt die Höhe des Absturzes bei der Beurteilung des Verschuldensgrades bei einem Arbeitsunfall?,42
"Welche Rechtsfolge tritt ein, wenn eine Person einen Arbeitsunfall grob fahrlässig herbeiführt und somit den Versicherungsfall verursacht?",130
"Welche Bedeutung hat es, ob eine Person die Gefahr eines Arbeitsunfalls erkennt oder nicht, wenn sie ihre Pflichten verletzt und somit den Unfall verursacht?",130
"Welche Bedeutung hat es, ob eine Person ihre Pflichten nur kurzzeitig verletzt oder ob die Verletzung über einen längeren Zeitraum andauert, wenn sie somit einen Arbeitsunfall verursacht?",130
"Welche Bedeutung hat es, ob eine Person ihre Pflichten aus eigenem Antrieb verletzt oder ob sie von einer dritten Person dazu angestiftet wurde, wenn sie somit einen Arbeitsunfall verursacht?",130
"Welche Rolle spielt es, ob eine Person ihre Pflichten aus Unwissenheit verletzt oder ob sie die Vorschriften kennt und absichtlich ignoriert, wenn sie somit einen Arbeitsunfall verursacht?",130
Unter welchen Bedingungen kann eine Bank für Beratungsfehler eines Dritten haften?,15
"Wer ist verpflichtet, die Kosten für eine notwendige Nachbesserung zu tragen, wenn der ursprüngliche Auftragnehmer insolvent ist?",157
Welche Rolle spielt die Verjährungsfrist bei der Geltendmachung von Schadensersatzansprüchen?,20
"Wie ist der Begriff ""Sachmangel"" im Rahmen des Kaufrechts definiert?",6
"Welche Rechtsfolgen treten ein, wenn ein Mieter die Miete nicht zahlt?",12
"Warum ist es wichtig, zwischen Schadensersatz und Schmerzensgeld zu unterscheiden?",183
Welche Rechtsgrundlage gilt für die Geltendmachung von Ansprüchen aus unerlaubter Handlung?,9
"Welche Bedingungen müssen erfüllt sein, damit ein Arbeitnehmer eine Lohnfortzahlung im Krankheitsfall beanspruchen kann?",7
"Wie ist der Begriff ""Verschuldenshaftung"" im Rahmen des Deliktsrechts zu verstehen?",203
"Welche Anforderungen müssen an eine arglistige Täuschung gestellt werden, damit sie als solche gilt?",8
Wer trägt die Beweislast bei einer arglistigen Täuschung und unter welchen Umständen kann sie sich umkehren?,8
Welche Rolle spielt die Genehmigungsbedürftigkeit bei der Nutzung von Räumen als Wohnraum?,12
"Welche Auswirkungen hat es, wenn Räume als Wohnraum angepriesen werden, obwohl die notwendige Genehmigung nicht vorliegt?",12
Welche Bedeutung hat die secondary Darlegungslast bei der Beweislastverteilung in arglistigen Täuschungen?,8
"Welche Rechte haben Käufer, wenn sie arglistig getäuscht wurden?",6
Welche Pflichten haben Verkäufer bei der Information über das Kaufobjekt und welche Konsequenzen können sich daraus ergeben?,6
Welche Rolle spielt die Aufklärung des Käufers bei der arglistigen Täuschung und wann kann sie den Irrtum des Käufers beseitigen?,6
"Wie kann ein Käufer beweisen, dass er arglistig getäuscht wurde, wenn die Täuschung bereits vor einer behaupteten Aufklärung stattfand?",6
Welche Bedeutung hat die Genehmigungsbedürftigkeit von Nutzungsänderungen im Zusammenhang mit arglistigen Täuschungen?,8
"Welche Voraussetzungen müssen erfüllt sein, damit ein Immobilienfonds und dessen Finanzierung durch ein Kreditgeschäft als verbundenes Geschäft i.S.v. § 9 Abs. 1, Abs. 3 VerbrKrG gelten?",89
"Unter welchen Bedingungen kann ein Einwendungsdurchgriff nach § 9 Abs. 3 VerbrKrG stattfinden, obwohl den Beklagten keine Ansprüche gegen die Fondsgesellschaft oder deren Initiatoren zustehen?",46
Welche Rechte haben die Beklagten im Falle eines Schadensersatzanspruchs gegenüber den Gründungsgesellschaftern des Fonds?,46
Welche Rolle spielt die Darlehensvaluta im Rahmen des Rückforderungsdurchgriffs nach § 9 Abs. 2 Satz 4 VerbrKrG?,42
"Welche Verpflichtungen haben die Beklagten im Hinblick auf Steuervorteile, die sie durch die Fondsbeteiligung erlangt haben, im Wege des Vorteilsausgleichs?",46
Welche Rechtsgrundlage gilt für den Anspruch der Beklagten auf Rückgewähr ihrer bereits erbrachten Leistungen gegenüber der Klägerin?,9
"Wie ist der Begriff ""verbundenes Geschäft"" i.S.v. § 9 Abs. 1, Abs. 3 VerbrKrG zu interpretieren, insbesondere im Zusammenhang mit dem Beitritt zu einem Immobilienfonds und dessen Finanzierung durch ein Kreditgeschäft?",89
"Welche Rechtsfolge tritt ein, wenn die Voraussetzungen für ein verbundenes Geschäft i.S.v. § 9 Abs. 1, Abs. 3 VerbrKrG erfüllt sind?",18
"Welche Voraussetzungen müssen erfüllt sein, damit ein Arzt mehrere Leistungen neben einer Hauptleistung abrechnen kann?",93
Welche Rolle spielt die Gebührenordnung für Ärzte (GOÄ) bei der Abrechnung ärztlicher Leistungen?,47
"Wer ist verpflichtet, den Patienten über die Entgelte von Wahlleistungen und deren Inhalt zu unterrichten?",202
"Welche Rechtsgrundlage gilt für die Abrechnung von ärztlichen Leistungen, die nicht im Gebührenverzeichnis aufgeführt sind?",47
"Wie ist zu entscheiden, ob eine ärztliche Leistung als selbständige Leistung berechnet werden kann?",93
Welche Gründe rechtfertigen eine analoge Anwendung der Gebührenordnung für Ärzte?,47
Welche Bedeutung hat der medizinische Fortschritt für die Anwendung der Gebührenordnung für Ärzte?,47
"Welche Rechtsfolge tritt ein, wenn ein Arzt mehrere Leistungen neben einer Hauptleistung abrechnet, obwohl sie nicht selbständig berechenbar sind?",93
"Unter welchen Voraussetzungen ist eine Schenkung unwirksam, wenn sie nicht der Form nach § 518 Abs. 1 BGB entspricht?",16
Welche Rolle spielt der Wille des Schenkers bei der Heilung des Formmangels einer Schenkung durch den Vollzug?,110
"Wer kann den Herausgabeanspruch nach § 952 BGB geltend machen, wenn er im Besitz des Fahrzeugs ist?",4
"Wie kann eine dingliche Einigung bei einer Schenkung erfolgen, ohne dass die Beteiligten das Abstraktionsprinzip kennen?",118
"Welche Beweise müssen erbracht werden, um eine Schenkungserklärung zu belegen?",26
"Welche Rechtsfolge tritt ein, wenn eine Schenkung wegen Formmangels unwirksam ist und nicht geheilt wird?",110
Wie kann ein Kreditinstitut seine Rechte aus einer Sicherungsübereignung geltend machen?,15
Welche Bedeutung hat die Übertragung eines Eigentumsanwartschaftsrechts für den Empfänger?,17
"Welche Voraussetzungen müssen erfüllt sein, damit ein Käufer nach § 437 Nr. 3 in Verbindung mit §§ 440, 280, 281, 283 und 311a BGB einen Nutzungsausfallschaden geltend machen kann, obwohl er bereits vom Kaufvertrag zurückgetreten ist?",16
"Wer ist verpflichtet, Wertersatz für die Nutzung einer Kaufsache zu zahlen, wenn der Käufer vom Kaufvertrag zurücktritt?",6
"Wie wird der Schadensersatzanspruch des Käufers im Falle eines Mangels der Kaufsache berechnet, wenn der Käufer vom Vertrag zurückgetreten ist?",6
Welche Rolle spielt der § 325 BGB bei der Geltendmachung eines Schadensersatzanspruchs durch den Käufer nach dem Rücktritt vom Kaufvertrag?,16
"Welche Rechtsgrundlage gilt für die Erstattung von Mietwagenkosten, wenn der Käufer aufgrund eines Mangels der Kaufsache Schadensersatz statt der Leistung verlangt?",12
"Unter welchen Bedingungen kann der Käufer keine Erstattung der Mietwagenkosten beanspruchen, obwohl er Schadensersatz statt der Leistung verlangt?",12
"Wer ist verpflichtet, die Reparaturkosten eines Fahrzeugs zu tragen, wenn der Käufer aufgrund eines Mangels Schadensersatz statt der Leistung verlangt?",62
"Wie ist der Schadensersatzanspruch des Käufers zu berechnen, wenn der Käufer aufgrund eines Mangels Schadensersatz statt der Leistung verlangt, jedoch die Reparaturkosten nicht trägt?",6
"Welche Rechtsfolgen treten ein, wenn der Käufer aufgrund eines Mangels Schadensersatz statt der Leistung verlangt und das Fahrzeug in beschädigtem Zustand zurückgibt?",62
"Welche Rolle spielt der § 346 Abs. 3 Satz 2 BGB bei der Erstattung von Mietwagenkosten, wenn der Käufer aufgrund eines Mangels Schadensersatz statt der Leistung verlangt?",12
"Welche Voraussetzungen müssen erfüllt sein, damit eine Reise als vereitelt gilt und eine Entschädigung fällig wird?",19
"Wer ist verpflichtet, Abhilfe zu leisten, wenn eine Reise vereitelt wird?",19
Wie ist die Höhe der Entschädigung bei vereitelter Reise zu bemessen?,19
Welche Rolle spielt der Reisepreis bei der Bemessung der Entschädigung?,19
Warum kann eine Entschädigung in Höhe des vollen Reisepreises bei vereitelter Reise nicht immer angemessen sein?,19
Welche Bedeutung hat die Art der Reise bei der Bemessung der Entschädigung?,19
"Welche Rechte hat der Reisende, wenn er seine gebuchte Reise nicht antreten kann?",19
"Welche Pflichten hat der Reisende bei der Nutzung der Zeit seiner gebuchten, aber vereitelten Reise?",19
Welche Rechtsgrundlage gilt für den Ersatz der Mehrkosten einer Ersatzreise?,19
"Wie ist zu entscheiden, ob die Kosten einer Ersatzreise als erforderlich anzusehen sind?",19
"Welche Voraussetzungen müssen erfüllt sein, damit ein Pflichtteilsanspruch abgetreten werden kann?",107
"Wer ist berechtigt, einen Pflichtteilsanspruch geltend zu machen, wenn dieser abgetreten wurde?",43
"Wie kann der Wille der Vertragsparteien bei einem Erbverzicht ermittelt werden, wenn § 2350 BGB nicht zur Anwendung kommt?",1
"Welche Rechtsfolgen treten ein, wenn ein Erbverzicht unwirksam ist, aber ein isolierter Pflichtteilsverzicht gewollt war?",9
Wann ist eine teleologische Reduktion des § 2350 BGB geboten?,134
"Welche Hinweispflichten hat das Gericht, wenn es den Vortrag einer Partei nicht berücksichtigt hat?",99
Welche Bedeutung hat die Vermutung des § 2350 BGB für die Wirksamkeit eines Erbverzichts?,16
"Wie kann der Kläger beweisen, dass er Rechte aus einem unbedingten Verzicht herleiten will, entgegen den Vermutungen des § 2350 BGB?",105
Unter welchen Bedingungen kann ein Schadensersatzanspruch aus § 823 Abs. 1 BGB wegen Verletzung eines eigenen deliktsrechtlich geschützten Rechtsgutes geltend gemacht werden?,105
"Wer ist verpflichtet, Schadensersatz zu leisten, wenn ein Dritter durch eine unerlaubte Handlung geschädigt wird?",45
"Welche Rechte hat ein Kläger, wenn er durch eine unerlaubte Handlung geschädigt wurde?",45
"Wie kann ein Schadensersatzanspruch aus § 823 Abs. 1 BGB wegen Verletzung eines eigenen deliktsrechtlich geschützten Rechtsgutes geltend gemacht werden, wenn der Geschädigte nicht (Allein-)Inhaber des geschädigten Vermögens ist?",105
Welche Rolle spielt die Gesellschaft des bürgerlichen Rechts bei der Geltendmachung eines Schadensersatzanspruchs aus § 823 Abs. 1 BGB?,105
Welche Rechtsgrundlage gilt für die Zurechnung von Beratungsfehlern eines Dritten auf eine Bank?,15
Welche Rechtsfolgen hat die Verletzung einer deliktsrechtlich geschützten Rechtsposition?,9
Unter welchen Voraussetzungen kann ein Schadensersatzanspruch aus § 844 Abs. 2 BGB oder § 845 BGB geltend gemacht werden?,105
Welche Bedeutung hat die Gesamtrechtsnachfolge im Hinblick auf Schadensersatzansprüche?,45
"Welche Voraussetzungen müssen erfüllt sein, damit ein nicht im Pflichtenkreis einer Bank tätiger Dritter für dessen Beratungsfehler haftet?",15
"Wer ist verpflichtet, Anleger über eine bekannte arglistige Täuschung durch einen Dritten zu informieren?",71
"Wie kann ein Anleger nachweisen, dass eine Bank von einer arglistigen Täuschung durch einen Dritten Kenntnis hatte?",71
Welche Rolle spielt das institutionalisierte Zusammenwirken bei der Zurechnung von Beratungsfehlern?,79
Welche Rechtsgrundlage gilt für die Haftung einer Bank bei unterbliebener Aufklärung über eine an die A. AG geflossene Rückvergütung?,15
"Wer ist verpflichtet, Anleger über eine erkannte allgemeine Unseriösität eines Unternehmens zu informieren?",30
"Welche Bedingungen müssen erfüllt sein, damit eine Bank wegen einer Beteiligung an einer sittenwidrigen vorsätzlichen Schädigung eines Kunden haften kann?",15
"Wie kann ein Anleger nachweisen, dass er durch eine arglistige Täuschung geschädigt wurde?",71
"Welche Rechtsfolge tritt ein, wenn eine Bank ihre Aufklärungspflichten regarding einer arglistigen Täuschung durch einen Dritten verletzt?",15
Welche Rechtsgrundlage gilt für die Haftung einer Bank bei unterbliebener Aufklärung über eine bekannte arglistige Täuschung durch einen Dritten?,15
"Welche Verpflichtungen hat das Gericht im Hinblick auf die Aufklärungspflicht nach § 139 ZPO, wenn es den Eindruck hat, dass eine Partei ihre Aussagen nicht vollständig dargelegt hat?",99
"Unter welchen Umständen kann eine Regelung in einem Mietvertrag als Allgemeine Geschäftsbedingung (AGB) eingestuft werden, obwohl sie vor Inkrafttreten des AGBG geschlossen wurde?",117
"Wie kann eine Partei beweisen, dass eine Klausel in einem Vertrag individuell ausgehandelt wurde, um die Anwendung des AGBG zu vermeiden?",1
Welche Rolle spielt die mündliche Verhandlung im Hinblick auf die Ergänzung des Parteivortrags durch das Gericht?,23
Welche Rechtsfolgen hat die Verletzung der richterlichen Aufklärungspflicht nach § 539 ZPO?,105
"Wer ist verpflichtet, die Anwendung des AGBG auf einen Vertrag zu überprüfen, wenn dieser vor Inkrafttreten des AGBG geschlossen wurde?",1
"Wie kann ein Gericht feststellen, ob eine Klausel in einem Vertrag gegen wesentliche Grundgedanken der gesetzlichen Regelung verstößt und somit unwirksam ist?",1
"Welche Bedeutung hat die rechtliche Wertung des Gerichts für die Hinweispflicht nach §§ 139, 278 Abs. 3 ZPO?",105
"Welche Voraussetzungen müssen erfüllt sein, damit eine Schönheitsreparaturklausel in einem Mietvertrag als angemessen gilt?",170
"Wer ist berechtigt, die Fristen für Schönheitsreparaturen in einem Mietvertrag zu verlängern oder zu verkürzen?",170
"Wie kann ein Mieter sicherstellen, dass er nicht ohne Renovierungsbedarf zur Ausführung von Schönheitsreparaturen verpflichtet wird?",170
Welche Rolle spielt der Abnutzungsgrad der gemieteten Räume bei der Festlegung der Fristen für Schönheitsreparaturen?,170
Wann kann ein Mieter von der Geltung der in einem Mietvertrag vereinbarten Fristen für Schönheitsreparaturen abweichen?,170
"Welche Rechte hat ein Mieter, wenn der Vermieter die Fristen für Schönheitsreparaturen unangemessen festlegt?",170
Welche Rechtsgrundlage gilt für die Zurechnung von Schönheitsreparaturen auf den Mieter?,170
"Welche Bedingungen müssen erfüllt sein, damit ein Mieter von der Geltung der in einem Mietvertrag vereinbarten Fristen für Schönheitsreparaturen abweichen kann?",170
"Welche Voraussetzungen müssen erfüllt sein, damit ein Schadensersatzanspruch gemäß § 2 Abs. 1 Satz 1 HPflG besteht?",60
"Welche Funktion muss eine Anlage erfüllen, damit ihr Inhaber nach § 2 Abs. 1 Satz 1 HPflG zum Schadensersatz verpflichtet ist?",60
"Wer ist verpflichtet, den Schaden zu ersetzen, wenn dieser durch die Wirkungen von Elektrizität verursacht wurde, die von einer Stromleitungs- oder Rohrleitungsanlage ausgehen?",58
"Unter welchen Bedingungen ist der Inhaber einer Anlage zur Abgabe von Elektrizität nicht zum Schadensersatz verpflichtet, obwohl der Schaden durch die Wirkungen von Elektrizität verursacht wurde?",58
Welche Rolle spielt der Schutzzweck der Haftungsvorschrift in § 2 Abs. 1 Satz 1 HPflG bei der Interpretation der Vorschrift?,60
"Welche Rechtsgrundlage gilt für die Haftung des Inhabers einer Anlage, wenn der Schaden nicht auf die Wirkungen von Elektrizität zurückzuführen ist, aber auf das Vorhandensein der Anlage?",58
"Wer ist verpflichtet, den Schaden zu ersetzen, wenn dieser auf das Vorhandensein einer Anlage zurückzuführen ist, aber nicht auf die Wirkungen von Elektrizität, Gasen, Dämpfen oder Flüssigkeiten?",58
"Unter welchen Bedingungen ist der Inhaber einer Anlage nicht zum Schadensersatz verpflichtet, wenn der Schaden auf das Vorhandensein der Anlage zurückzuführen ist?",58
Was ist ein ordnungsmäßiger Zustand einer Anlage nach § 2 Abs. 1 Satz 3 HPflG?,60
Welche Bedeutung hat die Intention des Gesetzgebers bei der Auslegung der Haftungsvorschriften in § 2 HPflG?,60
Unter welchen Voraussetzungen ist ein Schlichtungsverfahren zwingend vor der Klageerhebung durchzuführen?,9
"Wer ist verpflichtet, vor der Klageerhebung ein Schlichtungsverfahren durchzuführen, wenn dies nach Landesrecht obligatorisch ist?",9
Welche Rolle spielt das Schlichtungsverfahren in Bezug auf die Zulässigkeit einer Klage?,9
Wie ist der Wille des Gesetzgebers bei der Einführung des obligatorischen Schlichtungsverfahrens nach § 15a EGZPO zu interpretieren?,40
Welche Rechtsgrundlage gilt für die Durchführung eines obligatorischen Schlichtungsverfahrens vor der Klageerhebung?,9
"Welche Rechtsfolge tritt ein, wenn das obligatorische Schlichtungsverfahren nicht durchgeführt wird, bevor die Klage erhoben wird?",9
"Warum ist es wichtig, dass das Schlichtungsverfahren vor der Klageerhebung durchgeführt wird, um die Ziele des Gesetzgebers zu erreichen?",9
Welche Bedeutung hat der Wortlaut des § 15a EGZPO für die Interpretation der Vorschrift?,40
"Wie ist der Begriff ""obligatorisch"" in Bezug auf das Schlichtungsverfahren nach § 15a EGZPO zu verstehen?",40
Welche Rechtsgrundlage gilt für die Nachholung des Schlichtungsverfahrens während des Rechtsstreits?,200
"Welche Voraussetzungen müssen erfüllt sein, damit ein Vertragspartner eine fristlose Kündigung wegen eines wichtigen Grundes aussprechen kann?",43
Unter welchen Bedingungen kann eine Kündigungserklärung durch eine ordentliche Kündigung ersetzt werden?,43
Welche Rolle spielt das AGB-Gesetz bei der Überprüfung von Kündigungsklauseln in Allgemeinen Geschäftsbedingungen?,117
"Wer ist verpflichtet, die vereinbarte Vergütung zu zahlen, wenn ein Vertrag nicht ordnungsgemäß gekündigt wurde?",31
"Welche Rechtsfolge tritt ein, wenn eine Kündigung unwirksam ist und der Vertragspartner die vereinbarte Vergütung nicht zahlt?",43
Wie kann die Unwirksamkeit einer Kündigungsklausel im Rahmen des AGB-Gesetzes festgestellt werden?,117
Welche Bedeutung hat der Ausschluss der ordentlichen Kündigung in Allgemeinen Geschäftsbedingungen?,43
"Welche Voraussetzungen müssen erfüllt sein, damit ein Vermieter ein Mieterhöhungsverlangen nach § 558 BGB stellen kann, wenn er öffentliche Fördermittel für Modernisierungsmaßnahmen erhalten hat?",12
Wie lange besteht die Anrechnungspflicht von Drittmitteln für Wohnungsmodernisierung nach § 559a Abs. 1 BGB?,12
"Wer ist verpflichtet, die sich aus öffentlichen Fördermitteln ergebenden Kürzungsbeträge in einem Mieterhöhungsverlangen darzustellen?",12
Welche Rolle spielt der Abschluss eines Mietvertrages bei der Angabe von Drittmitteln in einem Mieterhöhungsverlangen?,12
"Wie kann ein Mieter überprüfen, ob die Berechnung einer Mieterhöhung aufgrund von Modernisierungsmaßnahmen rechtmäßig ist?",12
"Wie lange gilt eine vertragliche Verpflichtung eines Vermieters, sich an die in einem Förderungsvertrag festgelegten Beschränkungen für Modernisierungsmieterhöhungen zu halten?",12
Welche Auswirkungen hat der Erhalt von öffentlichen Fördermitteln für Wohnungsmodernisierung auf die Berechnung der ortsüblichen Vergleichsmiete?,149
"Welche Informationen muss ein Vermieter in einem Mieterhöhungsverlangen aufgrund von Modernisierungsmaßnahmen bereitstellen, wenn er öffentliche Fördermittel erhalten hat?",12
"Wie kann ein Vermieter nachweisen, dass er die sich aus öffentlichen Fördermitteln ergebenden Kürzungsbeträge in einem Mieterhöhungsverlangen ordnungsgemäß dargestellt hat?",12
"Welche Rechtsfolgen treten ein, wenn ein Vermieter die sich aus öffentlichen Fördermitteln ergebenden Kürzungsbeträge nicht ordnungsgemäß in einem Mieterhöhungsverlangen darstellt?",12
"Welche Voraussetzungen müssen erfüllt sein, damit ein Käufer einen Schadensersatzanspruch wegen Nichterfüllung geltend machen kann, wenn der Verkäufer einen Fehler arglistig verschwiegen hat?",6
"Wer ist verpflichtet, den Käufer über einen Fehler in der Kaufsache aufzuklären, und welche Informationen müssen dabei bereitgestellt werden?",6
"Wie kann ein Käufer beweisen, dass der Verkäufer einen Fehler arglistig verschwiegen hat?",6
"Welche Rolle spielt die Kenntnis des Verkäufers von einem Fehler in der Kaufsache bei der Beurteilung, ob er arglistig gehandelt hat?",6
"Welche Rechtsfolge tritt ein, wenn ein Käufer einen Schadensersatzanspruch wegen Nichterfüllung geltend macht, bei dem der Verkäufer einen Fehler arglistig verschwiegen hat?",6
Welche Bedeutung hat die Menge des eingebrachten Bauschutts für die Beurteilung eines Schadensersatzanspruchs wegen Nichterfüllung?,45
"Wie kann ein Gericht die Menge des eingebrachten Bauschutts feststellen, wenn es zwischen den Parteien unterschiedliche Angaben gibt?",99
"Welche Rechtsgrundlage gilt für die Zurückweisung von Beweisanträgen, die erst in der Berufungsinstanz gestellt werden?",23
"Welche Pflichten hat ein Gericht im Hinblick auf die Prozeßförderung, wenn es um die Zulassung von Beweisanträgen geht?",9
Welche Bedeutung hat die Kenntnis des Gerichts von den Umständen eines Falls für die Anwendung der Präklusionsvorschriften?,9
Welche Rolle spielt die Beklagte im vorliegenden Vertragsverhältnis zwischen der Klägerin und der S.?,9
Unter welchen Bedingungen kann die Beklagte als Vertragspartner der Klägerin gelten?,9
Welche Aufklärungspflichten hätte die Beklagte als Anlageberaterin gegenüber der Klägerin gehabt?,9
Welche Rechtsgrundlage gilt für die Haftung der Beklagten im Falle von Aufklärungsversäumnissen?,9
Welche Bedeutung hat die Eigenhaftung des Vertreters im Vertragsschluss und wann greift sie?,1
"Welche Anforderungen müssen erfüllt sein, damit ein Vertreter persönlich für das Geschäft einsteht?",81
Welche Bedeutung hat die unabhängige und neutrale Anlageberatung im vorliegenden Fall?,80
"Welche Pflichten hätte die Beklagte als Anlageberaterin gegenüber der Klägerin gehabt, um eine ordnungsgemäße Beratung zu gewährleisten?",9
"Welche Rechtsfolgen treten ein, wenn ein Anlageberater seine Aufklärungspflichten verletzt?",9
"Wie kann ein Gericht die Unternehmensbezogenheit eines Geschäfts feststellen, wenn Zweifel bestehen?",171
"Welche Voraussetzungen müssen erfüllt sein, damit ein Mieter eine Nutzungsentschädigung für die Zeit des Mietausfalls wegen Baulärms verlangen kann?",12
Welche Rolle spielt die Kündigung des Mietverhältnisses bei der Verpflichtung zur Zahlung von Nutzungsentschädigung?,12
Unter welchen Bedingungen kann der Mietzins oder die Nutzungsentschädigung über die zugestandenen 10 % hinaus gemindert werden?,12
"Wer ist verpflichtet, die Beeinträchtigung des Mietgebrauchs substantiiert darzulegen?",12
Welche Rechtsgrundlage gilt für die Aufrechnung von Forderungen im Mietverhältnis?,12
Wie muss eine wirksame Aufrechnung im Mietverhältnis erklärt werden?,12
Welche Verpflichtungen hat das Berufungsgericht bei der Entscheidung über die Fälligkeit und Begründetheit der Gegenansprüche des Mieters?,12
"Welche Pflichten hat ein Architekt, der mit der uneingeschränkten Bauaufsicht beauftragt ist, während der Ausführung der Arbeiten?",57
"Unter welchen Umständen ist ein Architekt verpflichtet, den ausführenden Unternehmer zur Mangelbeseitigung aufzufordern?",57
"Wer ist verantwortlich, wenn ein Mangel an einer kritischen Baumaßnahme nicht rechtzeitig erkannt und behoben wird?",141
Wie lange dauert die Verjährungsfrist für Gewährleistungsansprüche gegen einen Architekten oder Ingenieur?,57
"Unter welchen Bedingungen ist ein Architekt verpflichtet, den Klienten auf die Möglichkeit eines Anspruchs wegen fehlerhafter Bauaufsicht hinzuweisen?",57
Welche Rolle spielt die Abnahme der Werkleistung eines Architekten oder Ingenieurs für den Beginn der Verjährungsfrist von Gewährleistungsansprüchen?,57
"Welche Pflichten hat ein Architekt, wenn er feststellt, dass ein Mangel an einer Baumaßnahme einen erhöhten Schadensträger darstellt?",57
"Welche Voraussetzungen müssen erfüllt sein, damit ein Zwangsverwalter Pachtzinsansprüche geltend machen kann, die innerhalb eines Jahres vor der Anordnung der Zwangsverwaltung fällig wurden?",22
"Wer ist befugt, Pachtzinsansprüche geltend zu machen, die auf nicht der Zwangsverwaltung unterliegende, auf Fremdgrundstücken befindliche Teile des Pachtobjekts entfallen?",13
"Wie ist der Pachtzins zu berechnen, wenn sich der Zwangsverwalter und die Vollstreckungsschuldnerin nicht auf eine quotenmäßige Verteilung einigen können?",42
Welche Rolle spielt die Schriftform bei der Geltung eines Pachtvertrags?,1
Wie ist die Mietminderung nach § 287 ZPO in diesem Fall zu handhaben?,12
"Wie ist die Aufrechnung in diesem Fall zu behandeln, insbesondere im Hinblick auf die nicht von der Beschlagnahme erfassten Fremdflächen?",77
Welche Rechtsgrundlage gilt für die Zurechnung von Beratungsfehlern eines Dritten auf einen Zwangsverwalter?,15
"Welche Bedingungen müssen erfüllt sein, damit eine Klausel in einem Vertrag als Eingriff in die VOB/B als Ganzes angesehen wird?",5
"Welche Rechtsfolge tritt ein, wenn die VOB/B nicht als Ganzes vereinbart ist?",5
"Wer ist verpflichtet, die Inhaltskontrolle nach dem AGB-Gesetz durchzuführen, wenn die VOB/B nicht als Ganzes vereinbart ist?",106
Wie lange dauert die Verjährungsfrist für Schadensersatzansprüche nach § 638 Abs. 1 BGB?,20
Welche Rolle spielt die gemeinsame Prüfung des Vorhandenseins eines Mangels für die Hemmung der Verjährung?,88
"Warum ist es irrelevant, dass sich die Beklagte bei der gemeinsamen Prüfung gegen Ansprüche des Gemeinschuldners verwahrt hat?",9
Welche Rechtsgrundlage gilt für die Hemmung der Verjährung durch die gemeinsame Prüfung des Mangels?,88
"Welche Voraussetzungen müssen erfüllt sein, damit ein Kunde vom Vertrag zurücktreten kann, wenn das Werk mangelhaft ist? (Berücksichtigen Sie §§ 323, 636 BGB)",31
"Wer ist verpflichtet, die vereinbarte Beschaffenheit eines Werkes sicherzustellen? (Berücksichtigen Sie § 633 Abs. 1 BGB)",124
Wie ist die vereinbarte Beschaffenheit eines Werkes im Sinne des § 633 Abs. 2 Satz 1 BGB zu interpretieren? (Berücksichtigen Sie die Rechtsprechung des Bundesgerichtshofs),124
Welche Rolle spielt die nach dem Vertrag vorausgesetzte Verwendung bei der Beurteilung der vereinbarten Beschaffenheit eines Werkes? (Berücksichtigen Sie § 633 Abs. 2 Satz 1 Nr. 2 BGB),124
"Welche Verantwortlichkeit hat ein Unternehmer für Mängel eines von ihm erstellten Werkes, wenn er nicht alleine für dessen Errichtung verantwortlich ist? (Berücksichtigen Sie das Beispiel der Klägerin und der G. GmbH)",87
"Wie ist zu beurteilen, ob ein Werk seine vereinbarte oder nach dem Vertrag vorausgesetzte Funktion erfüllt hat? (Berücksichtigen Sie die Rechtsprechung des Bundesgerichtshofs)",1
Welche Bedeutung hat der Parteiwille bei der Frage der Beschaffenheitsvereinbarung im Werkvertragsrecht? (Berücksichtigen Sie das Gesetzgebungsverfahren zur Modernisierung des Schuldrechts),34
Welche Hinweispflichten hat ein Unternehmer gegenüber seinem Kunden bezüglich der Tauglichkeit eines Werkes? (Berücksichtigen Sie § 241 Abs. 2 BGB),78
"Welche Rechte hat ein Kunde, wenn er aufgrund eines Mangels des Werkes nicht in der Lage ist, seine vertragliche Leistung zu erbringen? (Berücksichtigen Sie das Beispiel der Klägerin)",31
"Welche Beweislast trägt ein Kunde, wenn er geltend macht, dass der Unternehmer seine Hinweispflichten verletzt hat? (Berücksichtigen Sie das Beispiel des Beklagten)",78
"Welche Voraussetzungen müssen erfüllt sein, damit ein Arzt eine Rechnung stellen und Vergütung für seine Leistungen verlangen kann?",47
Welche Rolle spielt die Überprüfbarkeit einer Rechnung für die Fälligkeit des Vergütungsanspruchs eines Arztes?,47
"Wer ist verpflichtet, eine Rechnung zu stellen, die den Anforderungen des § 12 GOÄ entspricht?",40
"Welche Rechte hat ein Patient, wenn er eine Rechnung erhält, die nicht den Anforderungen des § 12 GOÄ entspricht?",47
"Welche Rechtsfolge tritt ein, wenn ein Arzt eine Rechnung stellt, die nicht den Anforderungen des § 12 GOÄ entspricht?",47
Wie kann ein Patient gegen eine unberechtigte Rechnung eines Arztes vorgehen?,47
Welche Bedeutung hat die Begründungspflicht nach § 12 Abs. 3 GOÄ für die Fälligkeit des Vergütungsanspruchs eines Arztes?,47
"Welche Gebührennummern können analog abgerechnet werden, wenn sie nicht im Gebührenverzeichnis aufgeführt sind?",191
"Welche Mindestangaben müssen in einer Rechnung enthalten sein, um dem Zahlungspflichtigen eine Nachprüfung zu ermöglichen?",36
Wie hat sich der Verordnungsgeber mit der Einführung der GOÄ den Schutz des Patienten vor unangemessenen Arztkosten vorgestellt?,47
Unter welchen Voraussetzungen verliert ein Miterbe sein Vorkaufsrecht bei der Veräußerung eines Erbanteils?,6
"Wer ist nicht vorkaufsberechtigt, wenn er einen Erbanteil rechtsgeschäftlich erwirbt?",64
Wie wirkt sich der Eintritt in die Erbengemeinschaft als Erbe auf das Vorkaufsrecht eines ehemaligen Miterben aus?,17
Welche Rolle spielt die Vererbbarkeit des Vorkaufsrechts bei der Übertragung eines Erbanteils?,6
"Welche rechtliche Bedeutung hat das ""Recht auf Rückkehr"" eines vormals ausgeschiedenen Miterben?",147
Wie schützt das Vorkaufsrecht den Miterben vor dem Eindringen Dritter in die Erbengemeinschaft?,6
Welche Funktion hat das Vorkaufsrecht bei der Veräußerung eines Erbanteils durch einen Miterben?,6
Welche Auswirkungen hat die Übertragung eines Erbanteils auf die Stellung des Miterben in der Erbengemeinschaft?,151
Wie rechtfertigt sich der Schutzzweck des § 2034 BGB bei der Veräußerung eines Erbanteils durch einen Miterben?,16
Welche Auswirkungen hat das Zusammenfallen von Mitgliedschaft in der Gesamthand und Stellung als Erbeserbe auf das Vorkaufsrecht?,17
"Welche Voraussetzungen müssen erfüllt sein, damit eine Modernisierung im Sinne des § 554 Abs. 2 BGB als Verbesserung der Mietsache angesehen wird?",12
"Wer ist verpflichtet, den Anschluss einer Wohnung an die Zentralheizung zu dulden, wenn die Wohnung bereits mit einer Gasetagenheizung ausgestattet ist?",66
"Welche Rolle spielt die Härtefallprüfung nach § 554 Abs. 2 Satz 4 BGB, wenn die Mietsache durch die vom Vermieter beabsichtigte Maßnahme lediglich in einen Zustand versetzt wird, wie er allgemein üblich ist?",12
"Welche Rechtsgrundlage gilt für den Ausschluss der Härtefallprüfung nach § 554 Abs. 2 BGB, wenn die Mietsache bereits dem allgemein üblichen Standard entspricht?",12
Wie ist der gegenwärtige Zustand der Mietsache einschließlich der vom Mieter rechtmäßig vorgenommenen Verbesserungen bei der Beurteilung von Modernisierungsmaßnahmen nach § 554 Abs. 2 BGB zu berücksichtigen?,12
"Welche Bedeutung hat die Möglichkeit, dass der Anschluss der Wohnung an die Zentralheizung zu einer Einsparung von Energie führt, für die Entscheidung über den Anschluss?",66
"Welche Rechte hat der Mieter, wenn der Vermieter den Anschluss der Wohnung an die Zentralheizung verlangen möchte, obwohl die Wohnung bereits mit einer Gasetagenheizung ausgestattet ist?",66
"Welche Pflichten hat der Vermieter, wenn er den Anschluss der Wohnung an die Zentralheizung verlangen möchte, obwohl die Wohnung bereits mit einer Gasetagenheizung ausgestattet ist?",66
"Welche Anforderungen müssen an eine Mängelrüge gestellt werden, damit sie als ordnungsgemäß gilt?",107
Unter welchen Umständen ist eine Fristsetzung mit Ablehnungsandrohung nicht erforderlich?,53
"Wer ist verpflichtet, die Mängelbeseitigung durchzuführen, wenn ein Werk mangelhaft ist?",157
Welche Schäden können durch eine mangelhafte Werkleistung entstanden sein und inwiefern sind sie nachbesserungsfähig?,74
"Wie kann ein Besteller seine Rechte geltend machen, wenn der Unternehmer die Mängelbeseitigung verweigert?",24
Welche Rolle spielt die Kenntnis des Bestellers von der Mängelursache bei der Geltendmachung von Schadensersatzansprüchen?,6
"Welche Rechtsgrundlage gilt für den Schadensersatzanspruch des Bestellers, wenn der Unternehmer die Mängelbeseitigung verweigert?",24
Welche Bedeutung hat die Feststellung des Mangels und der Ursache für den Schadensersatzanspruch des Bestellers?,6
"Wie kann der Besteller die Höhe der geltend gemachten Schäden beweisen, wenn er Schadensersatz wegen Nichterfüllung verlangt?",6
"Welche Rechtsfolge tritt ein, wenn der Besteller seine Rechte nicht ordnungsgemäß geltend macht?",6
"Welche Voraussetzungen müssen erfüllt sein, damit ein Kläger eine Patentnichtigkeitsklage erheben darf?",212
Wer kann als Kläger in einem Patentnichtigkeitsverfahren auftreten?,212
Wie kann ein Kläger von seiner Rechtsschutzmöglichkeit im Patentnichtigkeitsverfahren ausgeschlossen werden?,212
"Welche Rolle spielt die Rechtsschutzmöglichkeit des Klägers im Patentnichtigkeitsverfahren, wenn er als Strohmann betrachtet wird?",212
"Welche Gründe können dazu führen, dass die Zulässigkeit einer Patentnichtigkeitsklage verneint wird?",212
Welche Bedeutung hat die Möglichkeit der Inanspruchnahme des Klägers aus einem angegriffenen Patent für die Zulässigkeit einer Patentnichtigkeitsklage?,212
"Wie kann die Beklagte in einem Patentnichtigkeitsverfahren argumentieren, dass der Kläger nicht in der Lage ist, das angegriffene Patent anzuwenden?",212
"Welche Auswirkungen hat es, wenn der Kläger als Strohmann des Unternehmens betrachtet wird, aus dem er stammt?",9
"Wie kann die Beklagte in einem Patentnichtigkeitsverfahren argumentieren, dass der Kläger nicht in der Lage ist, das angegriffene Patent zu nutzen?",212
"Welche Auswirkungen hat es für den Kläger, wenn er als Strohmann des Unternehmens angesehen wird, aus dem er stammt?",9
"Welche Bedingungen müssen erfüllt sein, damit ein selbständiges Beweisverfahren als beendet gilt und die Verjährung von Ansprüchen neu beginnt?",26
Wer kann nach § 477 BGB von der Unterbrechung der Verjährungsfrist durch ein selbständiges Beweisverfahren profitieren?,86
"Wie lange dauert die Verjährungsfrist für kaufrechtliche Gewährleistungsansprüche nach § 477 BGB, wenn sie durch ein selbständiges Beweisverfahren unterbrochen wird?",16
Welche Rolle spielt die Zustellung des Sachverständigengutachtens an die Beteiligten für den Lauf der Verjährungsfrist?,53
"Wer ist verpflichtet, Einwendungen gegen ein schriftlich erstelltes Sachverständigengutachten innerhalb einer angemessenen Frist mitzuteilen?",22
Welche Rechtsgrundlage gilt für die Beendigung eines selbständigen Beweisverfahrens im Falle einer schriftlichen Begutachtung?,26
"Wie ist der Beginn der Verjährungsfrist nach § 477 Abs. 2 Satz 2 BGB zu bestimmen, wenn das selbständige Beweisverfahren beendet ist?",86
"Welche Rechtsfolge tritt ein, wenn die Verjährungsfrist für kaufrechtliche Gewährleistungsansprüche nach § 477 BGB abgelaufen ist?",16
"Welche Rechte hat der Gemeinschuldner, wenn die Verjährungsfrist für seine kaufrechtlichen Gewährleistungsansprüche abgelaufen ist?",15
Welche Rolle spielt der Zugang des Sachverständigengutachtens an die Parteien für die Beendigung des selbständigen Beweisverfahrens?,99
"Welche Voraussetzungen müssen erfüllt sein, damit ein Gasliefervertrag als Tarifkundenvertrag (jetzt: Grundversorgungsvertrag) eingeordnet wird?",177
Unter welchen Bedingungen kann ein Gasgrundversorger seine Bezugskosten im Rahmen der Grundversorgung an seine Kunden weitergeben?,177
"Wer ist verpflichtet, bei der Preisbestimmung im Rahmen der Grundversorgung Kostensenkungen zu berücksichtigen?",157
Unter welchen Umständen ist eine gerichtliche Billigkeitskontrolle von Gaspreiserhöhungen nicht mehr gerechtfertigt?,160
Welche Rolle spielt das Feststellungsinteresse bei einer auf (Zwischen-)Feststellung gerichteten Widerklage?,88
"Wie ist die Rechtslage, wenn die Feststellungswiderklage sich auf bestimmte Beziehungen oder Folgen aus dem Rechtsverhältnis bezieht?",9
Welche Bedeutung hat die Rechtskraft einer Entscheidung für die Feststellungswiderklage?,9
"Wie ist die Rechtslage, wenn die Feststellungswiderklage sich auf den Umfang einer Leistungspflicht bezieht?",9
"Wie ist die Rechtslage, wenn die Feststellungswiderklage sich auf bestimmte Verpflichtungen bezieht?",9
Welche Rechtsgrundlage gilt für die Anwendung von § 1004 BGB auf das Recht aus einer bergrechtlichen Bewilligung?,105
Unter welchen Voraussetzungen kann ein Bergbauberechtigter nach § 8 Abs. 2 BBergG einen Beseitigungsanspruch geltend machen?,44
"Wer ist berechtigt, eine Grundabtretung nach § 77 BBergG zu verlangen?",44
"Welche Rechte hat ein Grundstückseigentümer gegenüber einem Bergbauberechtigten, der eine Grundabtretung nach § 77 BBergG beantragt?",17
"Welche Bedingungen müssen erfüllt sein, damit eine Grundabtretung nach § 77 BBergG durchgeführt werden kann?",44
Wie ist die Rechtsstellung eines Bergbauberechtigten im Vergleich zu der eines Grundstückseigentümers zu bewerten?,17
"Welche Rechte hat ein Bergbauberechtigter an der Grundstücksoberfläche, die von seinem Gewinnungsrecht erfasst ist?",17
Welche Rolle spielt die verfassungsrechtliche Bestandsgarantie für das Grundstückseigentum (Art. 14 Abs. 1 GG) im Konflikt zwischen Bergbauberechtigtem und Grundstückseigentümer?,17
"Welche Voraussetzungen müssen erfüllt sein, damit ein Werkvertrag nach § 631 BGB vorliegt?",16
"Welche Vergütungsregelung gilt für Werkverträge, wenn keine bestimmte Vergütung vereinbart wurde?",7
"Wer trägt die Verantwortung, die übliche Vergütung für eine Werkleistung nachzuweisen?",7
Welche Rolle spielt die Kenntnis der üblichen Vergütung für den Auftraggeber bei der Vertragsverhandlung?,7
"Wie kann das Gericht die übliche Vergütung für eine Werkleistung feststellen, wenn dies nicht bereits im Vertrag geregelt ist?",7
Welche Bedeutung hat die Schadenshöhe bei der Berechnung der Vergütung für einen Schadensgutachter?,45
"Welche Auswirkungen hat es, wenn die Vergütungsvereinbarung in einem Werkvertrag sittenwidrig ist?",7
"Welche Rechtsfolge tritt ein, wenn die Revision gegen ein Urteil erfolgreich ist?",23
"Welche Voraussetzungen müssen erfüllt sein, damit ein Eisenbahninfrastrukturunternehmen nach § 1 Abs. 1 HaftpflG haftet?",125
Unter welchen Bedingungen greift ein Haftungsausschluss wegen höherer Gewalt nach § 1 Abs. 2 HaftpflG nicht ein?,9
"Wer ist verpflichtet, die Sicherheit der Schienentrasse zu gewährleisten und die Eisenbahninfrastruktur in betriebssicherem Zustand zu halten?",125
Welche Rolle spielt eine Kuh auf der Trasse bei der Abwägung der Haftungsverantwortung zwischen Eisenbahninfrastrukturunternehmen und Eisenbahnverkehrsunternehmen?,125
"Welche Rechtsgrundlage gilt für die Zurechnung von Beratungsfehlern eines Dritten auf eine Bank, wenn die Bank nicht im Pflichtenkreis des Dritten tätig geworden ist?",15
"Wie ist die Haftungsverteilung zwischen Eisenbahninfrastrukturunternehmen und Eisenbahnverkehrsunternehmen zu regeln, wenn die Verursachung des Schadens nicht allein einem der Beteiligten angelastet werden kann?",125
"Welche Rechtsfolge tritt ein, wenn ein Eisenbahninfrastrukturunternehmen seine Verkehrssicherungspflicht verletzt und dadurch einen Schaden verursacht?",125
Unter welchen Voraussetzungen kann ein Eisenbahnverkehrsunternehmen von seiner Haftung nach § 1 Abs. 1 HaftpflG befreit werden?,125
"Welche Voraussetzungen müssen erfüllt sein, damit ein Vertragspartner den anderen zur Annahme und Verwertung von Abfällen verpflichten kann?",13
Unter welchen Bedingungen kann ein bereits in Vollzug gesetztes Dauerschuldverhältnis gekündigt werden?,42
"Wer ist verpflichtet, den Schaden zu ersetzen, der durch die Nichterfüllung einer Leistungspflicht entstanden ist?",157
Welche Rolle spielt das Mitverschulden bei der Schadensersatzverpflichtung?,42
"Welche Rechtsgrundlage gilt für die Verpflichtung zur Schadensersatzleistung, wenn die Erfüllung der Leistungspflicht unmöglich geworden ist?",45
"Wie kann ein Schaden abstrakt berechnet werden, wenn die konkrete Berechnung fraglich ist?",74
Welche Bedeutung hat die Möglichkeit einer abstrakten Schadensberechnung für die Wahrscheinlichkeit eines erstattungsfähigen Schadens?,74
"Welche Anforderungen müssen erfüllt sein, damit ein Zwischenurteil über den Grund ergehen kann?",107
"Welche Bedeutung hat die Möglichkeit, dass der Klägerin gar nicht in der Lage war, Abfall von ihren Kunden abzunehmen, für die abstrakte Schadensberechnung?",166
Wie kann das Berufungsgericht im Falle der Zurückverweisung der Sache mit den im Revisionsverfahren vorgebrachten Einwendungen umgehen?,23
"Welche Voraussetzungen müssen erfüllt sein, damit Genussscheininhaber im Falle eines Beherrschungs- und Gewinnabführungsvertrages einen Ausgleichsanspruch geltend machen können?",31
"Wer ist verpflichtet, den Ausgleichsanspruch nach § 304 AktG zu zahlen, wenn ein Beherrschungs- und Gewinnabführungsvertrag besteht?",105
Wie ist im Falle eines Beherrschungs- und Gewinnabführungsvertrages zwischen der I. und der Beklagten die Anpassung der Genussscheinbedingungen an die veränderte Rechtslage vorzunehmen?,31
Welche Rolle spielt die Prognose hinsichtlich der wirtschaftlichen Entwicklung der Beklagten bei der Bedienung der Genussscheine bis zum Ende des Beherrschungs- und Gewinnabführungsvertrages?,31
Welche Rechtsgrundlage gilt für die Anpassung der Genussscheinbedingungen nach § 313 BGB im Falle eines Beherrschungs- und Gewinnabführungsvertrages?,16
Welche Rechte hat die Beklagte im Falle einer positiven Ertragsprognose zum Zeitpunkt der Verschmelzung?,182
"Wer ist schutzbedürftiger, die Genussscheininhaber oder die Beklagte, und warum?",113
"Welche Rechtsfolge tritt ein, wenn die Beklagte nicht schlüssig dargelegt hat, dass negative Entwicklungen schon zum Zeitpunkt der Verschmelzung angelegt gewesen seien?",182
"Welche Voraussetzungen müssen erfüllt sein, damit ein Garantieanspruch wegen eines Motorschadens geltend gemacht werden kann?",45
"Wer ist verpflichtet, die Kosten für die Reparatur eines Garantiefalls zu tragen?",157
Unter welchen Bedingungen kann eine Garantie wegen Verletzung der Wartungspflicht unwirksam sein?,45
"Wie wird entschieden, ob eine Klausel in Allgemeinen Geschäftsbedingungen der Inhaltskontrolle nach §§ 307 ff. BGB unterliegt?",106
Welche Rolle spielt die Entgeltlichkeit einer Garantie bei der Beurteilung einer Wartungsklausel?,31
"Welche Rechtsgrundlage gilt für die Unwirksamkeit einer Klausel in Allgemeinen Geschäftsbedingungen, die den Kunden unangemessen benachteiligt?",18
"Wie wird entschieden, ob eine Klausel in einem Vertrag eine wirksame vertragliche Regelung darstellt oder dispositives Gesetzesrecht zur Anwendung kommt?",1
"Wer trägt das Risiko für Schäden, die durch die Verletzung der Wartungspflicht entstehen, wenn die Garantie unwirksam ist?",45
"Welche Rechtsfolge tritt ein, wenn eine Klausel in Allgemeinen Geschäftsbedingungen unwirksam ist?",18
"Wie wird entschieden, ob eine Vertragsauslegung durch das Berufungsgericht rechtmäßig ist?",23
Unter welchen Voraussetzungen ist eine Widerwiderklage unzulässig?,9
Was ist ein Streitgegenstand in Bezug auf die materielle Rechtskraft?,25
"Wer ist verpflichtet, eine gerichtliche Entscheidung zu beachten, und welche Konsequenzen hat das Nichtbeachten?",9
Welche Rolle spielt das Modernisierungsverlangen bei der Beurteilung eines Duldungsanspruchs?,216
"Wie kann ein neuer Streitgegenstand entstehen, und wann ist das nicht der Fall?",119
"Welche Rechtsfolge tritt ein, wenn eine gerichtliche Entscheidung nicht beachtet wird?",9
Welche Bedeutung hat die Fortentwicklung der Technik für die Beibehaltung eines vertraglich vorgegebenen Zustands?,1
"Welche Voraussetzungen müssen erfüllt sein, damit ein Prüfungsantrag zulässig ist?",201
Welche Maßnahmen gelten als Dienstaufsichtsmaßnahmen im Sinne des § 26 Abs. 3 DRiG?,197
"Wer ist befugt, auf dienstliche Erklärungen eines Richters zuzugreifen?",186
Unter welchen Umständen kann die Beschaffung und Einsichtnahme in dienstliche Erklärungen als Vorbereitungsmaßnahme für dienstaufsichtliche Maßnahmen angesehen werden?,197
"Wie kann die Einsichtnahme in dienstliche Erklärungen geeignet sein, sich auf die künftige Tätigkeit eines Richters auszuwirken?",186
Welche Rolle spielt die Kenntnisnahme vom Inhalt der dienstlichen Erklärungen bei der Vorbereitung von Vorhaltungen oder der Veranlassung zur Aufgabe von Rechtsansichten?,197
Welche Maßnahmen können als Vorbereitungsmaßnahmen für künftige beeinträchtigende Maßnahmen der Dienstaufsicht im Sinne des § 26 Abs. 3 DRiG angesehen werden?,197
"Welche Rechte hat ein Richter, wenn er der Meinung ist, dass die Einsichtnahme in seine dienstlichen Erklärungen eine Vorbereitungsmaßnahme für dienstaufsichtliche Maßnahmen darstellt?",186
Wie kann die Kenntnisnahme vom Inhalt der dienstlichen Erklärungen zu dem Gefühl einer heimlichen Überwachung durch den Präsidenten des Bundesgerichtshofs führen und damit zu einer Einflussnahme auf die Rechtsprechung?,116
Welche Rechtsgrundlage gilt für die Zurückweisung eines Antrages als unzulässig?,9
"Welche Voraussetzungen müssen erfüllt sein, damit eine Abtretungsklausel wirksam ist?",148
"Wer ist verpflichtet, die Transparenz einer Abtretungsklausel sicherzustellen?",148
Wie kann eine unklare Abtretungsklausel zur Unwirksamkeit der gesamten Klausel führen?,148
"Welche Rechte hat der Geschädigte gegenüber dem Sachverständigen, wenn dieser seinen vertraglichen Honoraranspruch geltend macht?",9
"Was geschieht mit der abgetretenen Schadensersatzforderung, wenn der Sachverständige seinen vertraglichen Honoraranspruch gegen die Geschädigte geltend macht?",9
"Welche Rechtsfolge tritt ein, wenn eine Abtretungsklausel unwirksam ist?",148
Welche Rolle spielt die Verständlichkeit einer Abtretungsklausel für ihre Wirksamkeit?,148
Unter welchen Bedingungen kann ein Werklohnanspruch durch die Aufrechnung mit Mehraufwendungen erlöschen?,7
"Wer ist verpflichtet, dem Auftragnehmer nach einer Kündigung eine Aufstellung über die entstandenen Mehrkosten zuzusenden?",31
"Welche Rechte hat der Auftragnehmer, wenn ihm die Aufstellung über die entstandenen Mehrkosten nicht zugesendet wird?",31
"Wie muss die Aufstellung über die entstandenen Mehrkosten erstellt werden, damit sie dem Auftragnehmer eine sachgerechte Prüfung ermöglicht?",37
Welche Rolle spielt die Rechnungslegung im Rahmen einer Stufenklage?,46
"Warum kann die Stufenklage unzulässig sein, obwohl die Rechnungslegung dem Kläger Informationen über seine Rechtsverfolgung verschaffen soll?",9
"Welche Rechtsgrundlage gilt für die Verpflichtung des Auftraggebers, dem Auftragnehmer eine Aufstellung über die entstandenen Mehrkosten zuzusenden?",31
"Welche Voraussetzungen müssen erfüllt sein, damit Gesellschafter einer GmbH verpflichtet sind, keine höheren Geschäftsführervergütungen zu vereinnahmen als in einem Gesellschafterbeschluss festgelegt?",48
Unter welchen Bedingungen kann eine Änderung der Geschäftsführerverträge bezüglich der Gründungsgesellschafter einer GmbH erfolgen?,48
"Wer ist berechtigt, einen Mitgesellschafter im Interesse der Gesellschaft in Anspruch zu nehmen?",81
Welche Rolle spielt die Regelung in § 5 Abs. 4 des Gesellschaftsvertrages im Vergleich zu § 8 Abs. 3?,40
"Welche Rechtsfolge tritt ein, wenn Gesellschafter einer GmbH gegen die gesellschaftliche Treuepflicht verstoßen?",24
"Wie ist der Streitwert in einem Verfahren zu berechnen, in dem es um die Unterlassung von Geschäftsführervergütungen geht?",7
"Welche Rechte hat ein Gesellschafter einer GmbH, wenn er sich nicht auf eine neue Vergütungshöhe einigen kann?",48
"Welche Voraussetzungen müssen erfüllt sein, damit ein Mietvertrag über den vereinbarten Endzeitpunkt hinaus fortbesteht?",12
Welche Rolle spielt die Ausübung des Optionsrechts der Mieterin für die Anwendung der Verlängerungsklausel im Mietvertrag?,12
"Wie ist die Verlängerungsklausel im Mietvertrag auszulegen, wenn der Wortlaut mehrere Auslegungsmöglichkeiten zulässt?",12
"Wer ist verpflichtet, eine Entscheidung zu treffen, ob er eine automatische Verlängerung des Mietvertrages verhindern will, und wie lange vor Ablauf der regulären Mietzeit muss diese Entscheidung getroffen werden?",12
"Welche Rechte hat die Mieterin, wenn sie sich zunächst gegen die Verlängerung des Mietvertrages ausspricht, aber später ihr Optionsrecht ausüben will?",12
Wie kann die Mieterin dem Einwand widersprüchlichen Verhaltens bei Ablehnung der Verlängerung nach § 3 Abs. 3 vorbeugen?,12
Welche Auswirkungen hat die Anwendung der Verlängerungsklausel bereits nach Ablauf der regulären Mietzeit auf die Optionsmöglichkeit der Mieterin?,12
"Welche Gründe sprechen dafür, dass die Verlängerungsklausel eigenständig ist und nicht als Unterfall des Optionsrechts geregelt ist?",144
Wie beeinflusst die Anwendung der Verlängerungsklausel bereits nach Ablauf der regulären Mietzeit den Entscheidungsdruck für die Mieterin?,12
"Wer ist befugt, einen Geschäftsführeranstellungsvertrag für eine GmbH abzuschließen?",48
"Welche Voraussetzungen müssen erfüllt sein, damit ein Geschäftsführervertrag wirksam ist?",48
Wie kann ein unwirksamer Geschäftsführervertrag für die Zukunft behandelt werden?,48
Wann kann eine Abfindungsklausel in einem Geschäftsführervertrag unwirksam sein?,48
"Welche Rechte hat ein Geschäftsführer, wenn der Vertrag unwirksam ist, aber er bereits als Geschäftsführer tätig war?",48
Welche Rolle spielt die Kenntnis aller Gesellschafter von einem Geschäftsführervertrag für dessen Wirksamkeit?,48
Wie kann eine Gesellschafterversammlung die Wirksamkeit eines Geschäftsführervertrages bestätigen?,48
"Welche Rechtsfolgen hat es, wenn ein Geschäftsführervertrag unwirksam ist, aber die Parteien ihn jahrelang praktiziert haben?",48
"Wie kann eine Klausel in einem Geschäftsführervertrag unzulässig sein, wenn sie die Beendigung des Vertrages erschwert?",48
Welche Bedeutung hat die praktizierte Vertragsdauer für die Beurteilung der Wirksamkeit eines Geschäftsführervertrages?,48
"Welche Partei ist in diesem Fall als Beklagte behandelt worden, obwohl sie nicht passiv legitimiert war?",104
"Welche Anforderungen müssen an die Bezeichnung der Beklagten in einer Klageschrift gestellt werden, um Missverständnisse zu vermeiden?",9
"Unter welchen Umständen kann ein Parteiwechsel nach § 44 Abs. 1 WEG nachgeholt werden, wenn die Fristen des § 46 Abs. 1 Satz 2 WEG wahrt werden müssen?",14
"Welche Rolle spielt die Angabe der ladungsfähigen Anschriften der übrigen Wohnungseigentümer in einer Klageschrift, insbesondere wenn die Mitteilung ohne weiteres möglich ist?",12
"Welche Konsequenzen hat es, wenn die Angabe der ladungsfähigen Anschriften der übrigen Wohnungseigentümer in einer Klageschrift fehlt und die Mitteilung ohne weiteres möglich war?",12
"Wer ist verpflichtet, die ladungsfähigen Anschriften der übrigen Wohnungseigentümer in einer Klageschrift anzugeben, wenn diese ohne weiteres bekannt sind?",12
"Welche Rechtsfolgen treten ein, wenn eine Partei die falsche Beklagte in einer Klageschrift benennt und dies erst im Laufe des Verfahrens korrigiert wird?",99
"Welche Bedeutung hat die Benennung der Mitglieder der Wohnungseigentümergemeinschaft in einer Klageschrift, die gegen den teilrechtsfähigen Verband gerichtet ist?",12
"Welche Voraussetzungen müssen erfüllt sein, damit ein Vergleich über die Honorarforderung eines Architekten wirksam ist, obwohl er nach Beendigung der Architektentätigkeit abgeschlossen wurde?",57
"Wer kann nach § 4 HOAI ein Honorar beanspruchen, das nach Mindestsätzen berechnet ist?",167
"Welche Rolle spielt das zeitliche Merkmal des Vergleichsschlusses ""nach"" Beendigung der Architektentätigkeit in Bezug auf den Geltungsbereich des § 4 HOAI?",51
Was ist das Ziel der Vergütungsvereinbarung in einem Vergleich über die Honorarforderung eines Architekten?,57
Welche Bedeutung hat das Erfordernis der Prüffähigkeit und Eignung in einem Vergleich über die Honorarforderung eines Architekten?,57
"Wer ist verpflichtet, die Bodenplatte zu berechnen, wenn die Tragwerksplanung nicht fertiggestellt ist, wie im vorliegenden Fall?",141
"Welche Rechtsgrundlage gilt für die Auslegung eines Vergleichs über die Honorarforderung eines Architekten, wenn die Auslegung des Berufungsgerichts in sich widersprüchlich ist?",57
"Was ist Gegenstand der Vergütung in einem Vergleich über die Honorarforderung eines Architekten, wenn die Parteien die Vergütung für die bereits eingereichten statischen Berechnungen vereinbaren?",57
"Welche Voraussetzungen müssen erfüllt sein, damit die erbrachten Planungsleistungen eines Architekten in einem Vergleich als geeignet für den Standsicherheitsnachweis gelten können?",57
"Welche Rechtsfolge tritt ein, wenn die Parteien sich wirksam und abschließend über den Honoraranspruch eines Architekten geeinigt haben?",57
"Welche Voraussetzungen müssen erfüllt sein, damit eine Geschäftsführung ohne Auftrag nach §§ 677, 683 Satz 1, § 670 BGB vorliegt?",39
Wer kann als berechtigter Geschäftsführer im Sinne von § 677 BGB gelten?,39
Welche Rolle spielt der Rechtsbindungswille bei der Abgrenzung zwischen einem Auftrags- und einem Gefälligkeitsverhältnis?,164
Wie ist zwischen der Geschäftsführung ohne Auftrag nach §§ 677 ff BGB und der (außerrechtlichen) Gefälligkeit ohne Auftrag zu unterscheiden?,39
Welche Bedeutung hat der Charakter einer Tätigkeit als Gefälligkeit für die Frage des Aufwendungsersatzanspruchs?,3
Welche Abgrenzungskriterien sind bei der Unterscheidung zwischen Geschäftsführung ohne Auftrag und Gefälligkeit ohne Auftrag relevant?,164
"Welche Rechte hat ein berechtigter Geschäftsführer im Falle von Schäden, die er bei der Ausführung des Auftrags erleidet?",48
Welche Pflichten hat ein Sportverein im Hinblick auf den Transport von minderjährigen Vereinsmitgliedern zu Auswärtsspielen?,115
Welche Bedeutung hat die Art der Tätigkeit und ihr Grund und Zweck bei der Abgrenzung zwischen Geschäftsführung ohne Auftrag und Gefälligkeit ohne Auftrag?,164
"Welche Rechte hat ein Vereinsmitglied, das von einem anderen Vereinsmitglied um eine Gefälligkeit gebeten wird, wie den Transport eines minderjährigen Vereinsmitglieds zu einem Auswärtsspiel?",115
Welche Rechtsgrundlage gilt für die Berechnung der Nutzungsentschädigung bei verspäteter Rückgabe einer Mietsache nach Beendigung des Mietverhältnisses?,12
Welche Gegebenheiten müssen bei der Bestimmung der ortsüblichen Miete für eine Mietsache berücksichtigt werden?,12
"Unter welchen Umständen kann der Vermieter die für vergleichbare Sachen ortsübliche Miete verlangen, wenn der Mieter die Mietsache nicht rechtzeitig zurückgibt?",12
"Wer ist verpflichtet, die ortsübliche Miete zu zahlen, wenn der Mieter die Mietsache nach Beendigung des Mietverhältnisses nicht rechtzeitig zurückgibt?",12
"Welche Rolle spielt die Absicht des Vermieters, die Mietsache nach ihrer Rückgabe erneut zu vermieten oder selbst zu nutzen, bei der Berechnung der Nutzungsentschädigung?",12
"Welche Rechtsfolge tritt ein, wenn der Mieter die Mietsache nach Beendigung des Mietverhältnisses nicht rechtzeitig zurückgibt?",12
"Welche Rechtsgrundlage gilt für die Bestimmung der Nutzungsentschädigung bei verspäteter Rückgabe einer Mietsache, die zuvor grundlegend renoviert wurde?",12
"Welche Rechtsfolge tritt ein, wenn der Mieter die Mietsache nach Beendigung des Mietverhältnisses nicht rechtzeitig zurückgibt und der Vermieter die Mietsache nicht erneut vermieten will?",12
"Welche Rechtsgrundlage gilt für die Bestimmung der Nutzungsentschädigung bei verspäteter Rückgabe einer Mietsache, die zuvor grundlegend renoviert wurde und nicht mehr dem Markt zur Verfügung steht?",12
"Welche Rechtsfolge tritt ein, wenn der Mieter die Mietsache nach Beendigung des Mietverhältnisses nicht rechtzeitig zurückgibt und der Vermieter die Mietsache nicht erneut vermieten will, sondern sie selbst nutzen will?",12
"Welche Voraussetzungen müssen erfüllt sein, damit eine Sonderumlage in der Wohnungseigentümergemeinschaft beschlossen werden kann?",83
"Wer ist verpflichtet, die ordnungsmäßige Verwaltung in einer Wohnungseigentümergemeinschaft sicherzustellen?",83
"Wie muss der Gegenstand einer Beschlussfassung in der Einladung bezeichnet sein, um den Wohnungseigentümern einen ausreichenden Schutz vor überraschenden Beschlüssen zu bieten?",218
"Wann ist es erforderlich, den Wohnungseigentümern eine Unterlage zur Verfügung zu stellen, um ihnen eine inhaltliche Befassung mit dem Beschlussgegenstand zu ermöglichen?",218
Warum ist eine ordnungsmäßige Verwaltung in einer Wohnungseigentümergemeinschaft wichtig?,83
Wie ist eine Sonderumlage im Vergleich zu einem Wirtschaftsplan zu bewerten?,187
"Wer ist berechtigt, an der Beschlussfassung über eine Sonderumlage teilzunehmen?",68
"Wie ist zu entscheiden, ob eine Immobiliengesellschaft bei der Beschlussfassung über eine Sonderumlage mitstimmen durfte oder nicht?",218
Welche Gründe können eine Beschlussfassung über eine Sonderumlage unwirksam machen?,68
"Wie ist zu entscheiden, ob eine Immobiliengesellschaft unangemessene Vorteile aus einer Beschlussfassung gezogen hat?",218
"Welche Voraussetzungen müssen erfüllt sein, damit eine Äußerung in einem satirischen Kontext nicht unter den Schutz der Satirefreiheit fällt?",84
"Wer ist verpflichtet, den objektiven Sinngehalt einer Äußerung zu ermitteln, um ihre rechtliche Würdigung vorzunehmen?",49
"Wie kann eine Äußerung in einem satirischen Beitrag richtig gedeutet werden, um ihren eigentlichen Aussagegehalt zu verstehen?",84
Welche Rolle spielt der Kontext einer Äußerung bei der Interpretation ihres Aussagegehalts?,174
"Welche Rechtsgrundlage gilt für die Zurechnung von Äußerungen in einem Dialog, wenn der Kontext und die satirische Einkleidung nicht hinreichend berücksichtigt werden?",84
"Wer ist verpflichtet, eine unrichtige Information zu korrigieren, die in einem satirischen Kontext erfolgt ist?",84
"Wie kann eine unrichtige Information, die der verfassungsrechtlich vorausgesetzten Möglichkeit zutreffender Meinungsbildung nicht dient, unter dem Gesichtspunkt der Satirefreiheit geschützt werden?",84
"Welche Bedingungen müssen erfüllt sein, damit eine Äußerung unter dem Gesichtspunkt der Satirefreiheit besonderen Schutz genießt?",84
"Welche Rechtsfolgen treten ein, wenn eine Äußerung in einem satirischen Kontext erfolgt, aber der Rezipient die satirische Überzeichnung nicht erkennt?",84
Welche Rolle spielt das Verständnis eines unvoreingenommenen und verständigen Publikums bei der Interpretation des Aussagegehalts einer Äußerung?,174
Welche Rechtsgrundlage gilt für die Kürzung des Vergütungsanspruchs bei Vorliegen von Mängeln in einem Werkvertrag?,7
Unter welchen Bedingungen ist der Unternehmer von seiner Pflicht zur Vertragserfüllung frei?,24
"Wer trägt das Risiko für Mängel in einem Werkvertrag, wenn der Besteller keine Einreden geltend macht?",31
Wie ist der Minderwert einer mangelhaften Leistung in einem Werkvertrag zu berechnen?,7
"Welche Rolle spielt die Nachfristsetzung nach § 648 a Abs. 5 Satz 1, § 643 Abs. 1 BGB für den Vergütungsanspruch des Unternehmers?",7
"Welche Rechtsvorschriften sind auf das Schuldverhältnis anwendbar, wenn die Leistung vor dem 1. Januar 2002 erbracht wurde?",67
"Wer ist verpflichtet, den Vertrauensschaden nach § 648 a Abs. 5 Satz 2 BGB zu ersetzen, wenn der Unternehmer seine Pflichten nicht erfüllt?",78
"Welche Rechtsfolge tritt ein, wenn der Unternehmer seine Pflichten nicht erfüllt und der Besteller keine Einreden geltend macht?",24
"Welche Voraussetzungen müssen erfüllt sein, damit ein Bieter einen Schadensersatzanspruch wegen Verletzung der Vergaberechtskonformität geltend machen kann?",9
Welche Rolle spielt das Vertrauen des Bieters bei der Geltendmachung eines Schadensersatzanspruchs aufgrund von Vergaberechtsverstößen?,9
"Welche Pflichten hat ein öffentlicher Auftraggeber bei der Beschaffung von Waren, Bau- und Dienstleistungen im Wettbewerb?",81
Unter welchen Bedingungen kann ein übergangener Bieter Schadensersatz wegen Verletzung seiner Interessen durch den öffentlichen Auftraggeber beanspruchen?,9
Welche Bedeutung hat die Marktposition eines öffentlichen Auftraggebers für die Anwendbarkeit des Kartellrechts?,30
Welche Rechtsfolgen hat die Verwendung einer vergaberechtswidrigen Klausel durch einen öffentlichen Auftraggeber?,9
"Welche Rechte hat ein Bieter, wenn er der Ansicht ist, dass ein öffentlicher Auftraggeber seine Rücksichtnahmepflichten verletzt hat?",9
"Welche Voraussetzungen müssen erfüllt sein, damit ein Frachtführer zur beförderungssicheren Verladung des Gutes verpflichtet ist, obwohl § 412 Abs. 1 Satz 1 HGB dies nicht vorsieht?",176
"Welche Rolle spielt der Einsatz von speziellen Verladevorrichtungen, wie einer Hebebühne, bei der Entscheidung, wer für die Verladung des Transportgutes verantwortlich ist?",158
"Wer ist verpflichtet, den Nachweis zu erbringen, dass eine bestimmte Verlademethode zwischen den Parteien vereinbart wurde?",104
Wie kann eine Verpflichtung des Frachtführers zur Verladung des Transportgutes auch ohne ausdrückliche Vereinbarung entstehen?,1
Welche Bedeutung hat die Praxis der Parteien bei der Auslegung von Verträgen und der Bestimmung der Verpflichtungen der Vertragsparteien?,1
"Welche Auswirkungen hat es, wenn eine Partei in einem Vertrag nicht die ihr obliegenden Verpflichtungen erfüllt?",104
"Welche Rechtsfolgen treten ein, wenn eine Partei ohne berechtigten Grund ihre vertraglichen Verpflichtungen nicht erfüllt?",104
Welche Bedeutung hat die Art der zu befördernden Güter bei der Bestimmung der Verpflichtungen der Vertragsparteien im Rahmen eines Frachtvertrags?,1
Wie kann eine Partei ihre Verpflichtungen im Rahmen eines Vertrages nachweisen?,1
Welche Rolle spielt die Kommunikation und das Einvernehmen zwischen den Vertragsparteien bei der Bestimmung der Verpflichtungen im Rahmen eines Vertrages?,1
"Welche Bedingungen müssen erfüllt sein, damit ein Makler eine Courtage für die Vermittlung einer Wohnung verlangen kann?",12
"Wer ist verpflichtet, eine Courtage zu zahlen, wenn ein Makler lediglich einen Kontakt zu einer Wohnung herstellt, ohne weitere Vermittlungstätigkeit?",64
Welche Rolle spielt die unmittelbare Anwesenheit des Maklers beim Vertragsabschluss für den Courtageanspruch?,9
Welche Rechtsgrundlage gilt für die Courtagepflicht des Auftraggebers im Rahmen eines Maklervertrages?,9
"Wie kann ein Makler seine Courtagepflicht geltend machen, wenn er nicht beim Vertragsabschluss anwesend ist?",9
"Welche Rechte hat ein Makler, wenn er Kontakte zu Wohnungsunternehmen und Wohnungseigentümern herstellt, aber der Auftraggeber den Mietvertrag alleine abschließt?",12
"Welche Voraussetzungen müssen erfüllt sein, damit eine Unterbeteiligung an einer Innengesellschaft als Schenkung gilt?",154
"Wer ist verpflichtet, den Hauptbeteiligten in einer Innengesellschaft zu unterrichten und anzuhören, bevor er bestimmte Handlungen vornimmt?",193
Wie wird eine Schenkung einer Unterbeteiligung an einer Innengesellschaft vollzogen?,154
"Welche Rechte hat ein Unterbeteiligter an einer Innengesellschaft, wenn ihm mitgliedschaftliche Rechte eingeräumt werden?",154
Warum ist die Schenkung einer Unterbeteiligung an einer Innengesellschaft mit dem Abschluss des Gesellschaftsvertrages vollzogen?,154
Welche Rechtsgrundlage gilt für die Feststellung des Bestehens eines Rechtsverhältnisses im Sinne von § 256 Abs. 1 ZPO?,105
Wer kann die Feststellung des Bestehens eines Rechtsverhältnisses im Sinne von § 256 Abs. 1 ZPO beantragen?,105
Welche Rolle spielt die notarielle Beurkundung bei der Schenkung einer Unterbeteiligung an einer Innengesellschaft?,154
"Welche Rechtsfolge tritt ein, wenn eine Schenkung einer Unterbeteiligung an einer Innengesellschaft mit dem Abschluss des Gesellschaftsvertrages vollzogen wird?",154
"Welche Bedingungen müssen erfüllt sein, damit eine Schenkung einer Unterbeteiligung an einer Innengesellschaft wirksam ist?",154
"Welche Voraussetzungen müssen erfüllt sein, damit eine ordentliche Kündigung eines Geschäftsführers einer GmbH wirksam ist?",48
"Wer ist berechtigt, eine ordentliche Kündigung eines Geschäftsführers einer GmbH zu erklären?",48
"Wie kann eine ordentliche Kündigung eines Geschäftsführers einer GmbH wirksam sein, ohne dass sie auf einem bestimmten Grund basiert?",48
Welche Rolle spielen die Motive der Gesellschafter bei der Wirksamkeit einer ordentlichen Kündigung eines Geschäftsführers einer GmbH?,48
Welche Rechtsgrundlage gilt für die Abberufung eines Geschäftsführers einer GmbH und die Kündigung seines Anstellungsvertrages?,48
"Welche Rechte hat ein Geschäftsführer einer GmbH, wenn er ordentlich gekündigt wird?",48
"Welche Voraussetzungen müssen erfüllt sein, damit ein Erfüllungsanspruch auf Renovierung in einem Mietvertrag nicht verjährt?",12
"Wer ist berechtigt, Verhandlungen über Schadensersatzansprüche zu führen, und wann beginnt die Verjährung in einem solchen Fall?",200
"Wie kann die Verjährung eines Erfüllungsanspruchs gehemmt werden, und welche Rolle spielen Verhandlungen dabei?",118
"Welche Bedeutung hat die Bereitschaft des Verpflichteten, sich auf Verhandlungen einzulassen, für die Hemmung der Verjährung?",118
Wie beeinflusst die Umwandlung eines Erfüllungsanspruchs in einen Schadensersatzanspruch die Verjährung?,45
Welche Auswirkungen hat die Verjährung des Erfüllungsanspruchs auf den Schadensersatzanspruch?,45
Welche Verantwortung trägt das Berufungsgericht bei der Überprüfung von Verjährungsfragen in einem Schadensersatzprozess?,23
"Wie kann die Verjährung eines Erfüllungsanspruchs in einem Mietvertrag unterbrochen werden, und welche Rolle spielt dabei die Aktivlegitimation?",12
"Welche Voraussetzungen müssen erfüllt sein, damit eine Verbandsstrafe nach § 12 Satz 4 der Satzung verhängt werden kann?",85
"Wer ist verpflichtet, die Fischablieferungspflicht gegenüber der Genossenschaft einzuhalten?",208
Wie ist der Unterschied zwischen einer Vertragsstrafe und einer Verbandsstrafe nach § 12 der Satzung?,85
Wann entfällt die Disziplinarstrafbefugnis des Verbandes gegenüber einem Mitglied?,85
"Welche Rechte hat ein Mitglied einer Genossenschaft, wenn es schuldhaft gegen seine Fischablieferungspflicht verstößt?",208
Welche Rolle spielt die Mitgliedschaft eines Fischers in einer Genossenschaft bei der Einhaltung der Fischablieferungspflicht?,208
Welche Rechtsgrundlage gilt für die Verhängung einer Verbandsstrafe gegen ein Mitglied einer Genossenschaft?,85
Welche Rechtsfolgen hat der Ausschluss eines Mitglieds aus einer Genossenschaft bezüglich der Verhängung einer Verbandsstrafe?,85
Welche Tatbestandsmerkmale müssen für eine Haftung nach § 823 BGB erfüllt sein?,105
Unter welchen Bedingungen kann eine Vertragsstrafe nach § 339 BGB vereinbart werden?,85
"Wer ist verpflichtet, die Kosten für eine notwendige Rechtsberatung zu tragen, wenn der Mandant ohne Verschulden in eine wirtschaftliche Notlage gerät?",64
Welche Rolle spielt die Verjährung bei Ansprüchen auf Schadensersatz nach § 195 BGB?,105
"Welche Rechtsfolge tritt ein, wenn eine Partei ohne rechtfertigenden Grund von einem Vertrag zurücktritt?",104
Wie ist die Beweislast bei Ansprüchen aus unerlaubter Handlung nach § 823 BGB geregelt?,105
"Warum kann eine Partei von einem Vertrag nicht mehr zurücktreten, wenn die andere Partei die Leistung bereits erbracht hat?",104
Welche Rechtsgrundlage gilt für die Durchsetzung von Ansprüchen aus einer Verletzung von Urheberrechten?,212
Unter welchen Voraussetzungen kann ein nachbarrechtlicher Ausgleichsanspruch entsprechend § 906 Abs. 2 Satz 2 BGB geltend gemacht werden?,105
"Wer kann als mittelbare Handlungsstörerin in Anspruch genommen werden, um einen nachbarrechtlichen Ausgleichsanspruch entsprechend § 906 Abs. 2 Satz 2 BGB geltend zu machen?",105
Welche Art von Beeinträchtigung kann entschädigungslos nicht mehr hingenommen werden und einen nachbarrechtlichen Ausgleichsanspruch entsprechend § 906 Abs. 2 Satz 2 BGB rechtfertigen?,105
"Welche Kosten hat eine Streithelferin im Rahmen eines Rechtsstreits zu tragen, wenn sie sich zur Unterstützung einer Partei Beitritt erklärt?",27
Wie kann die Teilrechtsfähigkeit einer Wohnungseigentümergemeinschaft in Bezug auf den Beitritt einer Streithelferin berücksichtigt werden?,83
"Welche Art von Schadensursachen können im Rahmen eines Rechtsstreits alternativ ins Feld geführt werden, wenn die genauen Brandursache nicht festgestellt werden kann?",98
Welche Rolle spielt die Zurechnung des Verschuldens von Hilfspersonen nach § 278 BGB im Zusammenhang mit einem nachbarrechtlichen Ausgleichsanspruch entsprechend § 906 Abs. 2 Satz 2 BGB?,42
"Welche Bedeutung hat die Tatsache, dass eine Partei nicht im Pflichtenkreis der Beklagten tätig geworden ist, für die Zurechnung von Beratungsfehlern?",99
"Welche Art von Beeinträchtigung kann entschädigungslos nicht mehr hingenommen werden und einen Unterlassungsanspruch rechtfertigen, der wiederum die Grundlage für einen nachbarrechtlichen Ausgleichsanspruch entsprechend § 906 Abs. 2 Satz 2 BGB bilden kann?",105
"Welche Rechtsfolge tritt ein, wenn ein an sich gegebener Unterlassungsanspruch aus besonderen Gründen nicht geltend gemacht werden konnte und ein nachbarrechtlicher Ausgleichsanspruch entsprechend § 906 Abs. 2 Satz 2 BGB in Betracht kommt?",105
"Welche Voraussetzungen müssen erfüllt sein, damit ein Berufungsurteil von Amts wegen aufgehoben und zur erneuten Verhandlung zurückverweist?",23
Welche Rolle spielt die Bezugnahme auf die tatsächlichen Feststellungen des angefochtenen Urteils in einem Berufungsurteil?,23
Welche Bedeutung hat die Wiedergabe der Berufungsanträge in einem Berufungsurteil?,23
Welche Rechtsgrundlage gilt für die Aufhebung und Zurückverweisung eines Berufungsurteils?,23
"Wer ist verpflichtet, die tatsächlichen Feststellungen des angefochtenen Urteils in einem Berufungsurteil zu berücksichtigen?",23
"Welche Rechtsfolge tritt ein, wenn ein Berufungsurteil keine ausreichende Beurteilungsgrundlage enthält?",23
Welche Rechtsgrundlage gilt für die Überprüfung von Berufungsurteilen im Revisionsverfahren?,23
Welche Rolle spielt die mündliche Verhandlung im Berufungsverfahren für die Anwendung des Zivilprozessrechts?,23
"Welche Voraussetzungen müssen erfüllt sein, damit ein Versicherungsmakler eine umfassende Beratungspflicht gegenüber seinem Kunden hat?",10
"Wer ist verpflichtet, den Kunden über die Risiken eines Vertragsabschlusses aufzuklären, und unter welchen Umständen?",30
Welche Rolle spielt die Vertragsgestaltung bei der Bestimmung der Pflichten eines Versicherungsmaklers?,10
Wie kann ein Versicherungsnehmer Schadensersatz wegen mangelnder Beratung durch seinen Makler geltend machen?,10
Welche Bedeutung hat die finanzielle Leistungsfähigkeit eines Kunden für die Beratungspflicht eines Versicherungsmaklers?,10
Welche Rechtsfolgen hat die Verletzung der Beratungspflicht eines Versicherungsmaklers?,10
"Welche Bedingungen müssen erfüllt sein, damit ein Versicherungsnehmer von seinem Makler Schadensersatz wegen mangelnder Beratung verlangen kann?",10
"Welche Voraussetzungen müssen erfüllt sein, damit ein Verrichtungsgehilfe für eine rechtswidrige und schuldhafte Verletzung haftbar gemacht werden kann?",45
Welche Rolle spielt die Haftpflichtversicherung bei der Haftung für einen Schaden?,45
"Wie ist das Tatbestandsmerkmal ""gemeinsame Betriebsstätte"" nach § 106 Abs. 3 3. Alternative SGB VII eng auszulegen?",131
Unter welchen Bedingungen kann eine Haftungsbefreiung nach § 106 Abs. 3 3. Alternative SGB VII eintreten?,105
"Wer ist verpflichtet, für einen Schaden einzustehen, wenn mehrere Parteien beteiligt sind?",104
"Welche Rechte hat ein Geschädigter, wenn er durch eine rechtswidrige und schuldhafte Verletzung einen Schaden erlitten hat?",45
"Wie ist der Begriff ""gemeinsame Betriebsstätte"" nach dem Urteil des Bundesgerichtshofs vom 17. Oktober 2000 auszulegen?",179
"Welche Bedeutung hat der Begriff ""bewußtes Miteinander im Arbeitsablauf"" im Zusammenhang mit § 106 Abs. 3 3. Alternative SGB VII?",131
"Welche Auswirkungen hat es, wenn die Tätigkeiten von beteiligten Unternehmen nicht aufeinander bezogen oder miteinander verknüpft sind, im Hinblick auf § 106 Abs. 3 3. Alternative SGB VII?",131
"Wie ist der Begriff ""Zusammentreffen der Risikosphären mehrerer Betriebe"" im Zusammenhang mit § 106 Abs. 3 3. Alternative SGB VII zu verstehen?",131
"Welche Voraussetzungen müssen erfüllt sein, damit die deutschen Gerichte international zuständig sind, wenn es um unerlaubte Handlungen geht, die in einem anderen Vertragsstaat begangen wurden?",100
Was gilt als unerlaubte Handlung im Sinne des Luganer Übereinkommens?,1
"Wer ist zuständig, wenn eine unerlaubte Handlung oder eine Handlung, die einer unerlaubten Handlung gleichgestellt ist, den Gegenstand des Verfahrens bildet?",87
"Wie ist der Ort zu bestimmen, an dem das schädigende Ereignis eingetreten ist, wenn es um eine unerlaubte Handlung geht?",98
Welche Rolle spielt die Möglichkeit einer Anspruchskonkurrenz bei der Zuständigkeit der Gerichte?,9
"Wie ist die Zuständigkeit der Gerichte zu bestimmen, wenn deliktische Ansprüche mit vertraglichen konkurrieren?",9
Welche Bedeutung hat die Einwilligung des Patienten für die Haftung des Arztes?,47
"Welche Voraussetzungen müssen erfüllt sein, damit ein Sachverständigengutachten zur Begründung eines Mieterhöhungsverlangens wirksam ist?",12
"Wer ist verpflichtet, ein Sachverständigengutachten zu erstellen, um ein Mieterhöhungsverlangen zu begründen?",12
"Wie muss ein Sachverständigengutachten im Detail beschaffen sein, um die Wirksamkeit eines Mieterhöhungsverlangens zu gewährleisten?",12
Welche Rolle spielt die Besichtigung der Wohnung durch den Sachverständigen bei der Erstellung eines Gutachtens zur Begründung eines Mieterhöhungsverlangens?,12
Warum kann eine unterbliebene Besichtigung der Wohnung durch den Sachverständigen nicht automatisch zur Unwirksamkeit des Mieterhöhungsverlangens führen?,12
Welche Bedeutung hat die Differenzierung im Modernisierungsgrad im Rahmen eines Sachverständigengutachtens zur Begründung eines Mieterhöhungsverlangens?,12
"Welche Rechte hat der Mieter, wenn er der Berechtigung eines Mieterhöhungsverlangens nachgehen möchte?",12
"Welche Pflichten hat der Vermieter, wenn er ein Mieterhöhungsverlangen stellt?",12
"Welche Rechtsfolgen treten ein, wenn ein Mieterhöhungsverlangen nicht ordnungsgemäß begründet wurde?",12
"Welche Bedingungen müssen erfüllt sein, damit ein Mieterhöhungsverlangen wirksam ist?",12
"Welche Voraussetzungen müssen für die Anwendung des Widerrufsrechts nach § 495 Abs. 1 BGB n.F. oder §§ 312, 355 BGB n.F. erfüllt sein?",16
"Wer ist nach § 1 HWiG berechtigt, einen Vertrag in einer Haustürsituation zu widerrufen?",135
Wie ist Art. 229 § 9 EGBGB im Verhältnis zu Art. 229 § 5 Satz 2 EGBGB einzuordnen?,63
"Welche Rechtsfolgen hat die Anwendung von Art. 229 § 9 EGBGB auf Haustürgeschäfte, die vor dem 1. August 2002 abgeschlossen wurden?",132
Wie ist der Vorrang von Art. 229 § 9 EGBGB gegenüber Art. 229 § 5 Satz 2 EGBGB zu begründen?,63
Welche Rolle spielt die Kausalität einer Haustürsituation für die Anwendbarkeit des § 1 Abs. 1 HWiG?,135
Wie ist der enge zeitliche Zusammenhang zwischen der mündlichen Verhandlung in einer Haustürsituation und der Vertragserklärung nach § 1 Abs. 1 HWiG zu interpretieren?,135
Welche Bedeutung hat die notarielle Beurkundung eines Vertrages für die Anwendbarkeit des Widerrufsrechts nach § 1 HWiG?,1
Welche Rechtsgrundlage gilt für die Berücksichtigung von Umsatzsteuer bei der Schadensersatzleistung für ein Fahrzeug?,62
Unter welchen Bedingungen ist die Umsatzsteuer bei der Schadensersatzleistung für ein Fahrzeug zu berücksichtigen?,62
"Wer ist verpflichtet, die tatsächlich angefallene Umsatzsteuer im Rahmen der Schadensersatzleistung zu ersetzen?",62
"Welche Rolle spielt die Art der Umsatzsteuer (Regelsteuer, Differenzsteuer, keine Umsatzsteuer) bei der Schadensersatzleistung für ein Fahrzeug?",62
"Wie ist der Wiederbeschaffungswert eines Fahrzeugs im Schadensfall zu berechnen, wenn das Sachverständigengutachten lediglich einen Brutto-Wiederbeschaffungswert ausweist?",62
"Welche Rechte hat der Geschädigte bei der Schadensersatzleistung für ein Fahrzeug, wenn er ein gleichwertiges Ersatzfahrzeug beschafft hat?",62
Unter welchen Voraussetzungen kann der Geschädigte den tatsächlich aufgewendeten Betrag für die Beschaffung eines gleichwertigen Ersatzfahrzeugs ersetzt verlangen?,62
Wie ist der Schadensersatz im Falle eines wirtschaftlichen Totalschadens eines Fahrzeugs zu berechnen?,62
Welche Rechtsfolgen hat die Neuregelung des § 249 Abs. 2 Satz 2 BGB für die Schadensersatzleistung im Falle einer Beschädigung von Sachen?,105
"Wie ist die Umsatzsteuer im Rahmen der Schadensersatzleistung für ein Fahrzeug zu behandeln, wenn der Geschädigte ein völlig gleichartiges und gleichwertiges Fahrzeug entweder differenzbesteuert oder von Privat ohne Umsatzsteuer erwirbt?",62
"Welche Voraussetzungen müssen erfüllt sein, damit die internationale Zuständigkeit deutscher Gerichte nach Art. 5 Nr. 3 LugÜ gegeben ist?",100
"Wer ist verpflichtet, die gebotene Aufklärung im Zusammenhang mit dem Verkauf von Aktien sicherzustellen?",90
Welche Rolle spielt der Prospekt im Hinblick auf die Aufklärung der Anleger bei einem hochspekulativen Geschäft?,90
Wie kann eine vorsätzliche sittenwidrige Schädigung im Zusammenhang mit dem Verkauf von Aktien vorliegen?,90
Welche Rechtsgrundlage gilt für die Haftung des Beklagten zu 2 im Zusammenhang mit der Oberaufsicht über die mit der Geschäftsführung betrauten Personen?,9
Welche Bedeutung hat die Rüge der örtlichen Zuständigkeit in der mündlichen Verhandlung vor dem Landgericht?,23
"Wie kann ein Geschäftsmodell als ""Schwindelunternehmen"" eingestuft werden, das auf Täuschung und Schädigung der Kunden angelegt ist?",155
"Welche Umstände können darauf hindeuten, dass das Geschäfts- und Vertriebsmodell der Gesellschaft auf eine sittenwidrige Schädigung und Täuschung der Anleger angelegt war?",155
Welche Formvorschriften müssen für die Vereinbarung von Wahlleistungen im Krankenhaus gem. § 22 Abs. 2 Satz 1 1. Halbsatz der BPflV eingehalten werden?,114
"Unter welchen Voraussetzungen kann ein Arzt keine Vergütung für Wahlleistungen verlangen, wenn die Wahlleistungsvereinbarung nichtig ist?",47
"Wer ist aktivlegitimiert, einen Rückforderungsanspruch geltend zu machen, wenn der Patient verstorben ist?",152
Wie kann der Kondiktionsausschluß des § 814 BGB im Zusammenhang mit der Rückforderung von Zahlungen für unwirksame Wahlleistungen geprüft werden?,184
"Wann kann eine Versicherung den Rückzahlungsanspruch auf die Unwirksamkeit einer Wahlleistungsvereinbarung stützen, ohne treuwidrig zu handeln?",10
Welche Rolle spielt die Kenntnis des Versicherungsnehmers oder des Versicherers bei der Anwendung des § 814 BGB?,10
"Wie kann eine Versicherung die Einstandspflicht für eine Arztrechnung prüfen, ohne die Wirksamkeit der Wahlleistungsvereinbarung zu übersehen?",10
Welche Bedeutung hat die Unterschrift eines Vertreters des Krankenhauses für die Wirksamkeit einer Wahlleistungsvereinbarung?,114
Welche Rechtsfolgen hat die Nichtigkeit einer Wahlleistungsvereinbarung für den Vergütungsanspruch des behandelnden Arztes?,47
"Wie kann eine Versicherung die Wirksamkeit einer Wahlleistungsvereinbarung überprüfen, um ihre Einstandspflicht zu klären?",10
"Welche Voraussetzungen müssen erfüllt sein, damit ein Kabelnetzbetreiber die Signaldurchleitung durch das Netz eines anderen Betreibers verbieten kann?",172
"Wer ist verpflichtet, eine angemessene Entschädigung zu zahlen, wenn ein Kabelnetzbetreiber die Duldung der Signaldurchleitung durch sein Netz gewährt?",172
Wie kann ein Kabelnetzbetreiber die Durchleitung unerwünschter Signale durch sein Netz verhindern?,172
"Welche Rechtsgrundlage gilt für den Fall, dass ein Kabelnetzbetreiber das Netz eines anderen Betreibers gewerblich nutzt, ohne dessen Einverständnis?",172
"Wer hat das Recht, die gewerbliche Nutzung seines Kabelnetzes durch einen Dritten zu verbieten?",172
Welche Rolle spielt die Bandbreite des Kabelnetzes bei der Signaldurchleitung durch das Netz eines anderen Betreibers?,172
"Wie kann ein Kabelnetzbetreiber sicherstellen, dass nur autorisierte Signale durch sein Netz geleitet werden?",172
"Welche Rechtsfolgen hat es, wenn ein Kabelnetzbetreiber unerlaubt Signale durch das Netz eines anderen Betreibers leitet?",172
"Welche Voraussetzungen müssen erfüllt sein, damit ein Prospektmangel ursächlich für eine Anlageentscheidung ist?",80
Wer trägt die Verantwortung für die Richtigkeit der Angaben in einem Prospekt?,54
Welche Rolle spielt die quotale Haftung bei der Beurteilung eines Prospektfehlers?,45
Wie kann ein Gericht die Ursächlichkeit eines Prospektfehlers für eine Anlageentscheidung feststellen?,26
Welche Bedeutung hat die Substanziierung des Vortrags eines Klägers im Zusammenhang mit einem Prospektfehler?,174
"Welche Rechtsfolge tritt ein, wenn ein Prospektmangel ursächlich für eine Anlageentscheidung ist?",80
Welche Rolle spielt die Risikobereitschaft eines Anlegers bei der Beurteilung eines Prospektfehlers?,26
Welche Bedeutung hat die Vernehmung des Klägers im Rahmen der Beweisaufnahme für die Entscheidung über die Ursächlichkeit eines Prospektfehlers?,26
"Welche Bedingungen müssen erfüllt sein, damit eine Annullierung eines Flugs im Sinne der Verordnung vorliegt?",55
"Wer ist verpflichtet, Passagieren bei einer Annullierung bestimmte Rechte zu gewähren?",91
"Wie kann ein Luftfahrtunternehmen eine Annullierung vermeiden, wenn es einen technischen Mangel erkennt?",55
Warum kann eine Umbuchung nicht automatisch als Annullierung betrachtet werden?,181
Welche Rolle spielt die Absicht des Luftfahrtunternehmens bei der Feststellung einer Annullierung?,55
Welche Rechtsfolgen hat eine Annullierung im Vergleich zu einer Verspätung?,53
"Wer ist für die Entscheidung über eine Annullierung oder Verspätung zuständig, wenn die Tatsachenlage unklar ist?",53
"Wer ist verpflichtet, die Kosten für eine notwendige Aufklärung nach § 129 BGB zu tragen?",16
Welche Rolle spielt die Schriftform bei der Vereinbarung eines Vertrages nach § 126 BGB?,1
"Welche Rechtsfolge tritt ein, wenn eine Partei eine Vereinbarung nach § 134 BGB nicht einhält?",1
Welche Voraussetzungen müssen für eine Anfechtung nach § 142 BGB erfüllt sein?,16
Welche Rechtsgrundlage gilt für die Geltendmachung eines Schadensersatzanspruchs nach § 280 BGB?,105
"Welche Bedingungen müssen erfüllt sein, damit ein Kündigungsgrund nach § 626 BGB vorliegt?",16
Wie ist die Beweislast bei einem Anspruch nach § 812 BGB geregelt?,105
Warum kann eine Vereinbarung nach § 226 BGB nichtig sein?,1
Welche Art der Schadensabrechnung kann ein Geschädigter nach § 249 Abs. 2 Satz 1 BGB wählen?,21
Welche Kosten sind bei einer fiktiven Schadensabrechnung nach § 249 Abs. 2 Satz 1 BGB ersatzfähig?,21
Unter welchen Bedingungen ist eine Kombination von fiktiver und konkreter Schadensabrechnung nach § 249 Abs. 2 Satz 1 BGB unzulässig?,21
"Wer trägt die Kosten für eine Reparaturbestätigung, wenn der Geschädigte sein Fahrzeug in Eigenregie repariert?",62
"Welche Rechtsfolge tritt ein, wenn der Geschädigte durch die Wahl der fiktiven Schadensabrechnung dem Schädiger Umsatzsteuer erspart?",62
Welche Rolle spielt eine Reparaturbestätigung im Rahmen der Abrechnung eines zusätzlichen Nutzungsausfallschadens?,94
"Welche Rechte hat der Geschädigte, wenn er eine fiktive Schadensabrechnung gewählt hat, aber später einen Nachweis der ordnungsgemäßen Reparatur benötigt?",219
"Welche Pflichten hat der Geschädigte, wenn er sich für eine konkrete Schadensabrechnung entscheidet?",219
"Welche Rechtsfolge tritt ein, wenn eine Partei ohne wichtigen Grund von einem Vertrag nach § 314 BGB zurücktritt?",1
"Welche Rechtsgrundlage gilt für die Haftung eines Dritten, der in Ausführung eines Auftrags handelt?",17
"Welche Voraussetzungen müssen erfüllt sein, damit eine Partei von einem Vertrag nach § 323 BGB zurücktreten kann?",1
Welche Rechtsfolgen hat eine Verletzung des Allgemeinen Persönlichkeitsrechts nach § 823 Abs. 1 BGB?,105
"Welche Bedingungen müssen erfüllt sein, damit eine Partei in einem Zivilprozess die Kosten des Verfahrens erstattet bekommt?",27
"Wer ist verpflichtet, die Kosten für eine notwendige Rechtsberatung zu tragen, wenn der Mandant nicht Vertragspartner ist?",64
"Wie kann ein Mieter seine Mietzahlungen einstellen, wenn der Vermieter seine vertraglichen Pflichten verletzt?",12
Welche Rechtsgrundlage gilt für die Geltendmachung von Ansprüchen aus einer unerlaubten Handlung?,9
"Welche Voraussetzungen müssen erfüllt sein, damit ein Kunde von einem Reiseveranstalter Schadensersatz wegen Nichterfüllung des Vertrages verlangen kann?",19
"Welche Rechte hat ein Erbe, wenn er die Erbschaft ausschlagen möchte?",11
"Welche Rechtsfolge tritt ein, wenn ein Arbeitnehmer ohne wichtigen Grund das Arbeitsverhältnis kündigt?",43
Welche Bedeutung hat die Schriftform bei der Vereinbarung von bestimmten Verträgen?,1
Welche Rechtsgrundlage gilt für die Beweislast bei der Geltendmachung von Ansprüchen aus einem Werkvertrag?,9
"Welche Voraussetzungen müssen erfüllt sein, damit ein Selbständiger weiterhin versicherungspflichtig ist, wenn er sein berufliches Tätigkeitsfeld wechselt?",50
"Wer ist verpflichtet, den Nachweis der Versicherungsfähigkeit zu erbringen, wenn diese in Frage gestellt wird?",10
"Wie lange muss ein Selbständiger seine neue Tätigkeit ausüben, um weiterhin versicherungspflichtig zu bleiben, wenn er sein berufliches Tätigkeitsfeld wechselt?",50
"Welche Rolle spielt die Ernsthaftigkeit der Bemühungen eines Selbständigen, nach einer Arbeitsunfähigkeit wieder in seinen Beruf zurückzukehren, bezüglich seiner Versicherungsfähigkeit?",50
Was gilt als regelmäßige Einkünfte für einen selbständigen Berufstätigen im Sinne einer Versicherungsfähigkeit?,50
"Wer ist berechtigt, eine Mediationstätigkeit auszuüben, und wie beeinflusst dies die Versicherungsfähigkeit eines Selbständigen?",49
Welche Bedeutung hat die Mitgliedschaft in einem Anwaltsverein und der Wohnsitz in der Bundesrepublik Deutschland für die Versicherungsfähigkeit eines Selbständigen?,100
"Wie kann ein Versicherungsnehmer beweisen, dass er nach wie vor versicherungspflichtig ist, wenn der Versicherer seine Versicherungsfähigkeit in Frage stellt?",10
"Wer kann den Widerruf eines Prozessvergleichs wirksam erklären, wenn keine abweichende Vereinbarung getroffen wurde?",185
"Welche Voraussetzungen müssen erfüllt sein, damit ein Prozessvergleich widerrufen werden kann?",201
Wie ist der Widerruf eines Prozessvergleichs unter dem Aspekt des materiellen Rechts und des Prozessrechts zu betrachten?,185
"Welche Rolle spielt das Gericht bei der Entgegennahme von Prozesshandlungen, einschließlich ihres Widerrufs?",9
"Warum ist es wichtig, dass auch nicht anwaltlich vertretene Parteien den Widerruf eines Prozessvergleichs erreichen können?",99
Welche Bedeutung hat die Neuregelung des § 278 Abs. 6 ZPO für die Auslegung des Widerrufs eines Prozessvergleichs?,185
"Welche Gründe sprechen dafür, dass eine Empfangszuständigkeit für Widerrufserklärungen sowohl bei Gericht als auch bei der anderen Vergleichspartei zu bejahen ist?",23
Welche Rechtsnatur hat ein Prozessvergleich und wie wirkt sich dies auf die Bestimmung des Widerrufsadressaten aus?,185
"Welche Voraussetzungen müssen erfüllt sein, damit ein Pauschalpreisvertrag als gekündigt gilt?",31
"Wer ist verpflichtet, die erbrachten Leistungen im Fall eines gekündigten Pauschalpreisvertrags darzulegen und von dem nicht ausgeführten Teil abzugrenzen?",31
"Wie ist die Vergütung für die erbrachten Leistungen im Fall eines gekündigten Pauschalpreisvertrags zu berechnen, wenn lediglich noch ganz geringfügige Leistungen ausstehen?",7
"Welche Verpflichtung hat der Auftragnehmer, wenn er den vereinbarten Pauschalpreis nicht einhalten kann?",31
Welche Rolle spielt die Einigkeit der Parteien bei der Änderung des Leistungsumfangs in einem Pauschalpreisvertrag?,34
Welche Rechtsgrundlage gilt für die Abrechnung von Teilleistungen bei einem gekündigten Pauschalpreisvertrag?,31
"Welche Verpflichtung hat das Berufungsgericht, wenn es eine Entscheidung aufhebt und die Sache zur neuen Verhandlung und Entscheidung an das Berufungsgericht zurückverweist?",23
"Welche Voraussetzungen müssen erfüllt sein, damit eine Betriebskostenabrechnung bezüglich der Heizkosten wirksam ist?",37
Welche Rolle spielt die Offenlegung der Rechenschritte in der Betriebskostenabrechnung für die Wirksamkeit der Abrechnung?,37
Welche Auswirkungen hat die Bereinigung der Gesamtkosten um nicht umlagefähige Kostenbestandteile auf die formelle Wirksamkeit der Betriebskostenabrechnung?,37
"Wer ist verpflichtet, die auf die Mieter verteilten Gesamtkosten in der Betriebskostenabrechnung anzugeben?",12
Welche Konsequenzen hat die Unwirksamkeit der Heizkostenabrechnung für die Betriebskostennachforderung?,37
Wie ist die Nachforderung von Betriebskosten im Falle einer unwirksamen Heizkostenabrechnung zu behandeln?,37
Welche Rechtsgrundlage gilt für die Bereinigung der Gesamtkosten um nicht umlagefähige Kostenbestandteile in der Betriebskostenabrechnung?,37
Welche Bedeutung hat die Mitteilung des Vorwegabzugs an den Mieter für die Wirksamkeit der Betriebskostenabrechnung?,12
"Wer ist verpflichtet, die durch den Kohleabbau verursachten Erschütterungen zu dulden?",204
Was gilt als wesentliche Beeinträchtigung der Grundstücksnutzung im Sinne des § 906 Abs. 2 Satz 1 BGB?,105
Wie kann eine wesentliche Beeinträchtigung der Grundstücksnutzung durch wirtschaftlich zumutbare Maßnahmen verhindert werden?,59
"Warum ist ein Anspruch aus § 823 Abs. 1 BGB ausgeschlossen, wenn der Kohleabbau auf der Grundlage einer behördlichen Genehmigung betrieben wird?",4
Welche Rolle spielt der Bezug zu dem beeinträchtigten Grundstück bei der Gewährung eines Ausgleichsanspruchs nach § 906 Abs. 2 Satz 2 BGB?,105
Wie kann die Ortsüblichkeit der Benutzung des emittierenden Grundstücks festgestellt werden?,59
Welche Rechtsfolgen hat die Verletzung eines nach § 823 BGB geschützten Rechtsguts im Verhältnis zwischen Grundstücksnachbarn?,105
Wie kann die widerrechtliche Handlung gemäß § 823 BGB im Verhältnis zwischen Grundstücksnachbarn beurteilt werden?,105
Welche Bedeutung hat die Duldungspflicht nach § 906 Abs. 2 Satz 1 BGB für die Frage der Rechtswidrigkeit einer Handlung nach § 823 Abs. 1 BGB?,105
"Welche Anforderungen müssen an die Beweislast gestellt werden, wenn der betriebsplanzulassung zugrunde liegende Sachverständigengutachten unrichtig ist?",107
"Welche Voraussetzungen müssen erfüllt sein, damit ein Pächter eine Minderung des Pachtzinses wegen eines Mangels des Pachtobjekts verlangen kann?",13
Unter welchen Umständen kann eine vertragliche Abbedingung des § 539 BGB a.F. wirksam sein?,16
"Wer ist verpflichtet, den Pachtzins zu zahlen, wenn der Verpächter den nach dem Vertrag geschuldeten Gebrauch ganz oder teilweise nicht mehr gewährt?",31
Welche Bedeutung hat die ungekürzte Weiterzahlung des Pachtzinses in Bezug auf die Anwendung des § 539 BGB a.F.?,42
Wie kann eine Klausel im Pachtvertrag die Anwendung des § 539 BGB a.F. verhindern?,16
Welche Rolle spielt die vertragliche Regelung in Ziffer 24 des Pachtvertrages für die Anwendung des § 539 BGB a.F.?,1
Welche Bedeutung hat die ungekürzte Weiterzahlung des Pachtzinses für das Vertrauen der Vertragsparteien?,34
Wie kann die Höhe der Minderung des Pachtzinses aufgrund einer Gebrauchsbeeinträchtigung ermittelt werden?,42
Unter welchen Bedingungen kann ein Vertrag nach § 138 BGB nichtig erklärt werden?,1
"Wer ist verpflichtet, die Kosten für die Beseitigung einer Mangelbeseitigung nach § 439 BGB zu tragen?",16
Welche Rolle spielt die Verjährung nach § 195 BGB bei der Geltendmachung von Ansprüchen?,16
Welche Rechtsfolgen hat eine Verletzung von Vertragspflichten nach § 280 BGB?,16
Welche Voraussetzungen müssen für eine Anfechtung nach § 123 BGB erfüllt sein?,16
Welche Bedeutung hat die gute Sittenordnung nach § 138 BGB für die Wirksamkeit eines Vertrages?,1
Wie ist die Haftung nach § 831 BGB bei Verletzung von Aufsichts- und Kontrollpflichten geregelt?,105
Welche Rechtsgrundlage gilt für die Schadensersatzpflicht bei arglistiger Täuschung nach § 123 BGB?,105
Welche Bedeutung hat die Geschäftsfähigkeit nach § 104 BGB für die Wirksamkeit eines Vertrages?,1
"Welche Voraussetzungen müssen erfüllt sein, damit ein Architekt aus wichtigem Grund von einem Bauherrn kündigen kann?",57
Welche Rolle spielt der Bauantrag bei der Bestimmung der Baukostenobergrenze?,37
"Wer ist darlegungs- und beweispflichtig dafür, dass eine neue Baukostenobergrenze vereinbart wurde?",37
Wie ist die Bedeutung des Toleranzrahmens bei der vereinbarten Bausumme zu verstehen?,207
"Welche Rechtsfolge tritt ein, wenn der Architekt die vereinbarte Baukostenobergrenze überschreitet?",37
Welche Bedeutung hat die Unterzeichnung des Bauantrags durch den Geschäftsführer der Beklagten?,136
Welche Gründe können für die Kündigung des Architektenvertrags aus wichtigem Grund vorliegen?,57
"Wie ist die Angabe des Betrags im Bauantrag einzuordnen, wenn es sich nicht um eine absolute Obergrenze handelt?",37
"Welche Beweislast trägt der Kläger, wenn er eine nachträgliche Änderung der Baukostenobergrenze geltend macht?",37
Welche Bedeutung hat die Kostenangabe im Bauantrag für die Berechnung der Gebühren?,37
"Welche Voraussetzungen müssen erfüllt sein, damit ein Richter auf Lebenszeit zur Erprobung an ein Oberlandesgericht abgeordnet werden kann?",186
"Wer ist befugt, den Einsatz von Proberichtern beim Oberlandesgericht zu beschließen?",49
"Unter welchen Bedingungen kann ein Richter auf Lebenszeit abgeordnet werden, ohne sein Einverständnis?",186
Wie wird die persönliche Unabhängigkeit eines Richters auf Lebenszeit durch das DRiG gewährleistet?,186
Welche Rolle spielt die Erprobung eines Richters auf Lebenszeit bei der Bewerbung um ein Richteramt mit höherem Endgrundgehalt?,186
Welche Rechtsgrundlage regelt die Erprobung von Richtern auf Lebenszeit?,186
"Welche Rechte hat ein Richter auf Lebenszeit, wenn er sich einer Erprobung unterziehen muss?",186
Wie kann ein Richter auf Lebenszeit seine Zustimmung zur Abordnung zur Erprobung verweigern?,186
"Unter welchen Voraussetzungen kann ein Kläger die Verjährung einer Forderung hemmen, die auf einem vor dem 1. Januar 2002 begründeten Schuldverhältnis basiert?",67
Welche Rolle spielt der Tag der Einreichung einer Klage bei der Hemmung der Verjährung?,53
"Wer ist verpflichtet, den Gerichtskostenvorschuss zu zahlen, und wie beeinflusst dies die Verjährung?",46
Welche Rechtsgrundlage gilt für die Berücksichtigung der Einrede der Verjährung in der Berufungsinstanz?,23
Welche Auswirkungen hat die Säumnis einer Partei im Revisionstermin auf das Verfahren?,99
"Welche Rechtsfolge tritt ein, wenn eine Klage innerhalb der Verjährungsfrist eingereicht wird, aber die Zustellung verzögert wird?",53
Wie beeinflusst die Geltung des alten oder neuen Verjährungsrechts die Verjährung von Ansprüchen aus einem vor dem 1. Januar 2002 begründeten Schuldverhältnis?,67
"Welche Rolle spielt der Tag der Einreichung einer Klage bei der Hemmung der Verjährung, insbesondere wenn der letzte Tag der Frist auf einen Sonnabend fällt?",53
"Welche Voraussetzungen müssen erfüllt sein, damit ein Wohnungseigentümer einen Mehrheitsbeschluss zur Regelung der Nutzung einer Rasenfläche fassen kann?",41
Welche Rolle spielt die Teilungserklärung bei der Beschlusskompetenz zur Regelung der Nutzung von Rasenflächen?,41
"Wer ist verpflichtet, den Gebrauch des gemeinschaftlichen Eigentums ordnungsmäßig zu gestalten?",83
Wie ist der ordnungsmäßige Gebrauch des gemeinschaftlichen Eigentums im Rahmen des § 15 Abs. 2 WEG zu interpretieren?,83
"Wer ist berechtigt, einen Mehrheitsbeschluss zur Regelung des Gebrauchs des gemeinschaftlichen Eigentums zu fassen?",83
Wie ist das Ermessen der Wohnungseigentümer bei der Regelung des Gebrauchs des gemeinschaftlichen Eigentums zu begrenzen?,83
Welche Rechtsfolgen hat ein nicht ordnungsmäßiger Gebrauch des gemeinschaftlichen Eigentums?,83
"Wie ist der Begriff ""ordnungsmäßiger Gebrauch"" im Zusammenhang mit dem § 15 Abs. 2 WEG zu verstehen?",40
Welche Bedeutung hat die Hausordnung bei der Beschlusskompetenz zur Regelung der Nutzung von Rasenflächen?,41
"Welche Tatbestandsmerkmale müssen für eine Haftung nach § 823 BGB erfüllt sein, wenn es um den Schutz des allgemeinen Persönlichkeitsrechts geht?",105
Welche Rolle spielt die Verjährung bei der Geltendmachung von Schadensersatzansprüchen nach § 823 BGB?,105
"Wer ist verpflichtet, den Nachweis einer Vertragsüberschreitung zu erbringen, wenn es um einen Schadensersatzanspruch nach § 826 BGB geht?",105
"Welche Rechtsfolge tritt ein, wenn eine Partei einen Vertrag nach § 138 BGB anfechten möchte?",1
"Welche Bedingungen müssen erfüllt sein, damit eine Partei von ihrem Widerrufsrecht nach § 312g BGB Gebrauch machen kann?",1
Welche Rechtsgrundlage gilt für die Haftung des Vermieters bei Mängeln der Mietsache nach § 535 BGB?,12
"Welche Voraussetzungen müssen erfüllt sein, damit ein Kunde von seinem Widerrufsrecht nach § 355 BGB Gebrauch machen kann?",16
"Welche Rechte hat ein Erbe, wenn er die Annahme der Erbschaft nach § 1948 BGB widerrufen möchte?",146
"Welche Rechtsfolge tritt ein, wenn ein Arbeitnehmer eine Arbeitsleistung nach § 611 BGB erbringt, ohne dass ein Arbeitsvertrag besteht?",7
"Welche Bedingungen müssen erfüllt sein, damit ein Kunde von seinem Rücktrittsrecht nach § 323 BGB Gebrauch machen kann?",16
"Welche Beweislast trifft den Gesellschafter, der die vollständige Einzahlung seiner Stammeinlage behauptet?",159
"Unter welchen Bedingungen muss ein Berufungsgericht Zeugen erneut vernehmen, die bereits in der Vorinstanz vernommen wurden?",23
"Wer ist verpflichtet, den Nachweis der Aufbringung von Stammeinlagen zu erbringen, wenn die Einlagen nach einem längeren Zeitabstand seit der behaupteten Zahlung und einem späteren Erwerb der Geschäftsanteile in Frage gestellt werden?",52
"Wie kann ein Insolvenzverwalter seine gesteigerte Vortragslast nachkommen, wenn er die Einzahlung von Stammeinlagen beweisen muss?",52
Welche Rolle spielt der zeitliche Zusammenhang zwischen einer Kapitalerhöhung und der Rückzahlung eines Darlehens bei der Beurteilung einer verdeckten Sacheinlage?,121
Unter welchen Voraussetzungen kann ein nicht im Grundbuch eingetragener Eigentümer eine (Rück-)Auflassung verlangen?,24
"Welche Rechtsfolgen treten ein, wenn ein Gesellschafter seine Stammeinlagen nicht vollständig erbracht hat?",159
"Welche Voraussetzungen müssen erfüllt sein, damit ein Sonderkündigungsrecht nach § 57a ZVG gilt?",103
"Wer hat das Recht, eine Kündigung nach § 57a ZVG auszusprechen?",103
Wie wirkt sich die Versteigerung eines Teils eines einheitlich vermieteten Grundstücks auf das Mietverhältnis aus?,12
Welche Rolle spielt die besondere Nutzung des Gesamt-Mietobjekts für die Wirksamkeit einer Kündigung nach § 57a ZVG?,103
Wie ist das Sonderkündigungsrecht nach § 57a ZVG in Bezug auf die gesetzliche Kündigungsfrist zu interpretieren?,103
"Wer ist verpflichtet, die Wohnung nach einer wirksamen Kündigung nach § 57a ZVG zu räumen und herauszugeben?",103
Wie ist das Verhältnis zwischen dem Hauptmieter und den Endmietern bei einer Beendigung des Hauptmietverhältnisses zu betrachten?,35
Welche Auswirkungen hat die Beendigung des Hauptmietverhältnisses auf das Mietverhältnis zwischen der Klägerin und den Endmietern?,12
Wie ist die Veräußerlichkeit von Wohnungseigentum im Zusammenhang mit § 57a ZVG zu betrachten?,12
Welche Bedeutung hat die Einräumung des Sonderkündigungsrechts nach § 57a ZVG im Interesse der Realgläubiger?,105
"Welche Voraussetzungen müssen erfüllt sein, damit ein Kunde eine Schadensersatzleistung wegen mangelhafter Beratung durch eine Bank beanspruchen kann?",15
"Wer ist verpflichtet, die Kosten für die Beseitigung von Mängeln an einer Immobilie zu tragen, wenn der Verkäufer Kenntnis von den Mängeln hatte?",6
Welche Rolle spielt die Kenntnis von Mängeln bei der Beurteilung von Schadensersatzansprüchen im Rahmen eines Kaufvertrags?,6
"Welche Rechtsfolgen treten ein, wenn ein Mieter die Miete nicht zahlt und der Vermieter die fristlose Kündigung aussprechen möchte?",12
"Welche Bedingungen müssen erfüllt sein, damit ein Arbeitnehmer Schadensersatz wegen nicht gezahlter Vergütung fordern kann?",7
"Welche Rechtsgrundlage gilt für die Haftung eines Dritten, der ohne Wissen und Willen des Eigentümers eine Sache in Besitz nimmt?",17
Welche Pflichten hat ein Vermieter gegenüber einem Mieter bezüglich der Instandhaltung der Mietwohnung?,12
"Welche Rechte hat ein Kunde, wenn er von einem Unternehmen falsch beraten wird und dadurch Schäden erleidet?",38
"Welche Bedingungen müssen erfüllt sein, damit die ADSp auf einen Seefrachtvertrag angewendet werden können?",153
Welche Rechtsfolgen hat die Anwendung von Nr. 16.3 ADSp auf einen Seefrachtvertrag?,153
Wer kann einen Vergütungsanspruch nach § 415 Abs. 2 Satz 1 HGB geltend machen?,184
Wie ist der Anwendungsbereich der ADSp im Hinblick auf das Seefrachtrecht zu interpretieren?,153
Welche Rolle spielt die Vertragsfreiheit im Zusammenhang mit der Anwendbarkeit der ADSp auf Seefrachtverträge?,153
Welche Bedeutung hat die Auslegung des Prozeßvorbringens der Klägerin für die Geltendmachung eines Anspruchs aus § 415 Abs. 2 Satz 1 Nr. 1 HGB?,105
Welche Auswirkungen hat die Ausübung des Wahlrechts nach § 415 Abs. 2 Satz 1 HGB auf den Vergütungsanspruch?,184
Wie ist die Mindestvergütung im Zusammenhang mit einem Seefrachtvertrag auszulegen?,7
Wer entscheidet über die Zuteilung von Bonuspunkten und auf welcher Grundlage erfolgt diese Entscheidung?,122
Wie wird die Höhe der Überschussbeteiligung in der Satzung der Beklagten geregelt?,46
Welche Rolle spielt der Verwaltungsrat der Beklagten bei der Entscheidung über die Verwendung der Rückstellung für Überschussverteilung?,46
Welche Verantwortung trägt der Verantwortliche Aktuar in Bezug auf die Überschussbeteiligung?,29
Wie wird die Dynamisierung der Anwartschaften der Versicherten durch die Zuteilung von Bonuspunkten geregelt?,122
Welche Bedeutung hat die paritätische Besetzung des Verwaltungsrats der Beklagten für die Entscheidungen über die Zuteilung von Bonuspunkten?,46
Welche Rolle spielt die richterliche Inhaltskontrolle bei der Auslegung der Satzungsbestimmungen der Beklagten?,106
Wie ist der Anspruch der Versicherten auf Überschussbeteiligung in Bezug auf die satzungsgemäßen Vorgaben zu verstehen?,29
Welche Rolle spielt das Alter eines Bauteils bei der Beurteilung der Beschaffenheit eines bebauten Grundstücks im Rahmen des § 434 Abs. 1 Satz 3 BGB?,51
"Unter welchen Bedingungen kann ein Käufer von einem Verkäufer Schadensersatz wegen eines Mangels an der Kaufsache verlangen, wenn ein umfassender Haftungsausschluss im Vertrag vereinbart wurde?",6
"Wer ist verpflichtet, einen Käufer über aufklärungspflichtige Tatsachen bezüglich der Kaufsache zu informieren, um einen Schadensersatzanspruch zu vermeiden?",6
"Wie kann ein Käufer beweisen, dass ein Verkäufer arglistig gehandelt hat, indem er einen Mangel an der Kaufsache verschwiegen hat?",6
"Welche Rechtsgrundlage gilt für die Haftung eines Verkäufers, wenn die Kaufsache aufgrund von öffentlichen Äußerungen des Verkäufers von dem Käufer erwartet wird, aber nicht entspricht, was tatsächlich geliefert wurde?",6
"Unter welchen Voraussetzungen kann ein Käufer von einem Verkäufer Schadensersatz wegen eines Mangels an der Kaufsache verlangen, wenn der Mangel auf der Einbeziehung älterer Bausubstanz in den Neubau zurückzuführen ist?",6
"Welche Bedingungen müssen erfüllt sein, damit ein Rückzahlungsanspruch verwirkt ist?",52
"Wer ist berechtigt, Netznutzungsentgelte auf ihre Billigkeit hin zu überprüfen?",133
"Wie kann ein Schuldner davon ausgehen, dass ein Gläubiger von einer Überprüfung der Entgelthöhe Abstand genommen hat?",42
Welche Rolle spielt das Senatsurteil vom 18. Oktober 2005 bei der Geltendmachung eines Rückforderungsanspruchs?,129
Welche Rechtsgrundlage gilt für die Überprüfung von Netznutzungsentgelten?,133
"Welche Maßnahmen kann ein Verpflichteter ergreifen, um sich im Vertrauen auf das Verhalten des Berechtigten einzurichten?",109
"Wie kann ein Verpflichteter davon ausgehen, dass der Berechtigte sein Recht nicht mehr geltend machen wird?",11
Welche Auswirkungen hat die verzögerte Geltendmachung eines Rückzahlungsanspruchs auf die Verjährung eigener Ansprüche des Verpflichteten?,52
"Welche Härten müssen vorliegen, damit eine verzögerte Geltendmachung eines Rückzahlungsanspruchs als Verstoß gegen Treu und Glauben erscheint?",52
Welche Bedeutung hat die Regelverjährung bei der Verwirkung eines Anspruchs?,3
"Welche Voraussetzungen müssen erfüllt sein, damit die Zustimmung der Gesellschafterversammlung zur Übertragung von Gesellschaftsanteilen einer Mehrheitsentscheidung unterliegt?",65
"Wer ist verpflichtet, die Zustimmung zur Anteilsübertragung zu erteilen, wenn keine eindeutige Regelung im Gesellschaftsvertrag besteht?",65
Welche Rolle spielt der sogenannte Bestimmtheitsgrundsatz bei der Auslegung allgemeiner Mehrheitsklauseln in Personengesellschaftsverträgen?,65
Wie ist die Reichweite einer im Gesellschaftsvertrag vereinbarten Mehrheitsklausel im Hinblick auf die Zustimmung zur Anteilsübertragung auszulegen?,65
Welche Rechtsfolgen hat die Verletzung der gesellschafterlichen Treuepflicht bei der Ausübung der Mehrheitsmacht?,65
Warum ist die Einstimmigkeit bei der Zustimmung zur Anteilsübertragung in einer Kommanditgesellschaft gesetzlich vorgeschrieben?,65
Welche Bedeutung haben außerhalb des Vertragstextes liegende Umstände bei der Auslegung des Gesellschaftsvertrags?,1
Wie ist die Mehrheitsklausel in § 6 (5) des Gesellschaftsvertrags im Hinblick auf die Beschlussfassung der Gesellschafterversammlung auszulegen?,65
Unter welchen Voraussetzungen kann eine Agenturmeldung den Schutz des allgemeinen Persönlichkeitsrechts verletzen?,54
"Wer ist verpflichtet, bei der Berichterstattung das allgemeine Persönlichkeitsrecht zu berücksichtigen?",54
Welche Rolle spielt das öffentliche Informationsinteresse bei der Berichterstattung über eine Person?,178
Welche Rechtsgrundlage gilt für die Abwägung zwischen dem allgemeinen Persönlichkeitsrecht und der Meinungs- und Pressefreiheit?,54
"Wie ist die Grenze zwischen Berichterstattung und Verletzung des allgemeinen Persönlichkeitsrechts zu ziehen, wenn es um die berufliche Sphäre einer Person geht?",54
Welche Bedeutung hat die Art der Tätigkeit einer Person für die Berichterstattung über diese Person?,178
Welche Rolle spielt das Verbreitungsgebiet einer Meldung bei der Entscheidung über eine Verletzung des allgemeinen Persönlichkeitsrechts?,54
Wie ist das Informationsinteresse der Öffentlichkeit bei der Berichterstattung über eine Person abzuwägen?,178
"Welche Voraussetzungen müssen erfüllt sein, damit ein kombinierter Fracht-/Lagervertrag geschlossen wird?",1
Welche Rolle spielt die genaue Bezeichnung eines Vertragsangebots bei der Vertragsauslegung?,1
"Wer ist verpflichtet, den Entlastungsbeweis zu führen, wenn es um die Haftung für Verlust oder Beschädigung von Ware geht?",157
Welche Rechtsgrundlage gilt für die Haftung eines Lagerhalters bei Diebstahl von gelagertem Gut?,9
Wie wird der Schadensersatzanspruch bei übergegangenem Recht geltend gemacht?,45
"Welche Rechtsfolge tritt ein, wenn eine vertragswesentliche Pflicht von einem Erfüllungsgehilfen vorsätzlich oder grob fahrlässig verletzt wird?",9
Wie wird der entstandene Schaden im Fall von übergegangenem Recht berechnet?,45
Welche Bedeutung hat die Zusammenarbeit der Vertragsparteien bei der Vertragsauslegung?,1
"Welche Voraussetzungen müssen erfüllt sein, damit eine Firmenfortführung nach § 25 Abs. 1 Satz 1 HGB die Haftung des neuen Inhabers für die Verbindlichkeiten des früheren Inhabers auslöst?",102
"Wer ist verpflichtet, für alle im Betrieb des Geschäfts begründeten Verbindlichkeiten des früheren Inhabers zu haften, wenn er ein unter Lebenden erworbenes Handelsgeschäft unter der bisherigen Firma fortführt?",102
Wie beeinflusst die Eröffnung eines Insolvenzverfahrens über das Vermögen des fortgeführten Unternehmens die Anwendbarkeit von § 25 Abs. 1 Satz 1 HGB?,102
Welche Rolle spielt das Vertragsstatut bei der Haftung des Erwerbers aus einer Firmenfortführung für Verbindlichkeiten des fortgeführten Unternehmens?,102
"Warum ist § 25 Abs. 1 Satz 1 HGB nicht anwendbar, wenn der neue Inhaber das Handelsgeschäft nach der Eröffnung des Insolvenzverfahrens über das Vermögen des früheren Inhabers aufnimmt?",102
"Welche Rechtsgrundlage gilt für die Haftung des neuen Inhabers, wenn er das Handelsgeschäft des früheren Inhabers unter der bisherigen Firma fortführt, ohne dass ein Insolvenzverfahren eröffnet wurde?",102
"Wie beeinflussen Kunden- und Lieferantenbeziehungen die Entscheidung, ob eine Firmenfortführung nach § 25 Abs. 1 Satz 1 HGB die Haftung des neuen Inhabers für die Verbindlichkeiten des früheren Inhabers auslöst?",102
"Welche Rechtsfolgen hat die Verjährung von Ansprüchen im italienischen Recht, wenn der Beklagte eine Firmenfortführung durchführt?",9
Welche Verkehrssicherungspflichten hat der Betreiber einer Maschine gegenüber betriebsfremden Personen?,206
"Unter welchen Bedingungen ist ein Betreiber nicht verpflichtet, betriebsfremden Personen den Zutritt zu einer Gefahrenquelle zu verbieten?",206
Wer ist für die Einhaltung der Unfallverhütungsvorschriften verantwortlich?,61
Welche Rolle spielt die Bedienung der Maschine durch den Betreiber bei der Haftung für einen Schaden?,58
"Wie ist die Sorgfaltspflicht des Betreibers gegenüber betriebsfremden Personen einzuschätzen, wenn die Gefährdung für alle Personen in gleichem Maße gilt?",206
Welche Bedeutung hat die Realisierung einer zuvor nur als theoretisch anzusehenden Möglichkeit für die Haftung des Betreibers?,87
"Unter welchen Voraussetzungen kann der Geschädigte den Schaden selbst tragen, auch wenn dies im Einzelfall hart sein mag?",74
"Welche Voraussetzungen müssen erfüllt sein, damit ein Öffentlich bestellter Vermessungsingenieur in Nordrhein-Westfalen als Organ des öffentlichen Vermessungswesens tätig werden kann?",75
Welche Aufgaben können von Öffentlich bestellten Vermessungsingenieuren in Nordrhein-Westfalen neben den Behörden der Vermessungs- und Katasterverwaltung wahrgenommen werden?,75
Wie ist die Vergütung für Öffentlich bestellte Vermessungsingenieure in Nordrhein-Westfalen bei der Wahrnehmung hoheitlicher Vermessungsaufgaben geregelt?,75
"Wer ist befugt, die Gebühren für die hoheitlichen Vermessungsaufgaben durch Verwaltungsakt festzusetzen?",157
"Welche Zielsetzung muss vorliegen, damit das Handeln einer Person als Ausübung eines öffentlichen Amtes angesehen werden kann?",180
"Welche Voraussetzungen müssen erfüllt sein, damit ein Lageplan als ""amtlicher"" gilt und von einem Öffentlich bestellten Vermessungsingenieur erstellt werden kann?",107
"Wie ist der Unterschied zwischen einem ""amtlichen"" Lageplan und einem einfachen Lageplan nach § 3 Abs. 1 BauPrüfVO NRW?",96
Welche Aufgaben hat ein Öffentlich bestellter Vermessungsingenieur bei der Erstellung eines amtlichen Lageplans nach § 3 Abs. 3 BauPrüfVO NRW?,96
Welche Gebühr steht einem Öffentlich bestellten Vermessungsingenieur für die Erstellung eines amtlichen Lageplans nach § 3 Abs. 3 BauPrüfVO NRW zu?,96
Welche Aufgaben hat ein amtlicher Lageplan im Zusammenhang mit der Fortführung des Liegenschaftskatasters?,175
"Welche Voraussetzungen müssen erfüllt sein, damit eine Hinauskündigungsklausel in einer GmbH wirksam ist?",18
Wer kann in einer GmbH eine Hinauskündigungsklausel vereinbaren und unter welchen Bedingungen?,18
"Wie kann eine Hinauskündigungsklausel in einer GmbH wirksam gestaltet werden, um nicht gegen die guten Sitten zu verstoßen?",18
Welche Rolle spielt die Abfindung bei einer Hinauskündigungsklausel in einer GmbH?,18
Wie kann eine Hinauskündigungsklausel in einer GmbH mit dem gesellschaftsrechtlichen Gleichbehandlungsgrundsatz vereinbart werden?,18
Welche Rechtsgrundlage gilt für die Kündigung eines GmbH-Geschäftsführers und die damit verbundene Rückübertragung seines Geschäftsanteils?,48
Wie kann eine Hinauskündigungsklausel in einer GmbH mit dem Verbot der ungleichen Kündigungslage vereinbart werden?,18
Welche Bedeutung hat das Gewinnbezugsrecht eines Geschäftsführers in einer GmbH bei dessen Ausscheiden aus der Gesellschaft?,48
Wie kann eine Hinauskündigungsklausel in einer GmbH mit dem Gesetz zur Regelung des Rechts der Allgemeinen Geschäftsbedingungen vereinbart werden?,18
Welche Auswirkungen hat die Kündigung des Anstellungsvertrags eines GmbH-Geschäftsführers auf dessen Gesellschafterstellung?,48
"Welche Voraussetzungen müssen erfüllt sein, damit Versicherte einen Anspruch auf Überschussbeteiligung durch Zuteilung und Gutschrift von Bonuspunkten haben?",29
Wer entscheidet über die Höhe der Überschussbeteiligung und auf welche Faktoren basiert diese Entscheidung?,29
Wie ist die Verwendung der Rückstellung für Überschussverteilung zu bemessen und welche Faktoren sind dabei zu berücksichtigen?,29
"Welche Rolle spielt die Inhaltskontrolle nach den §§ 307 Abs. 1 und 2, 308, 309 BGB bei Allgemeinen Versicherungsbedingungen wie denen der Beklagten?",106
Wie ist der Anspruch der Versicherten auf Überschussbeteiligung durch Zuteilung und Gutschrift von Bonuspunkten in bestimmter Höhe zu beurteilen?,29
Wie ist der Auskunftsanspruch der Klägerin in diesem Fall zu bewerten?,9
"Welche Voraussetzungen müssen erfüllt sein, damit eine wissentliche Pflichtverletzung im Sinne von § 4 Nr. 5 AVB festgestellt werden kann?",105
Welche Rolle spielt die Kenntnis von Vorschäden und Vorversicherungen bei der Beurteilung einer fahrlässigen Pflichtverletzung?,26
"Wer ist verpflichtet, die Kosten der erstinstanzlichen Rechtsverteidigung im Haftpflichtprozess zu tragen, wenn der Haftpflichtversicherer in Unkenntnis eines Ausschlussgrundes eine Deckungszusage erteilt hat?",45
Wie ist die Bindungswirkung eines Haftpflichturteils für den Deckungsprozess zu beurteilen?,45
"Welche Tatsachen müssen im Deckungsprozess festgestellt werden, um die Pflichtverletzung als wissentlich zu beurteilen?",26
Welche Bedeutung hat die wissentliche Pflichtverletzung im Rahmen der Kostendeckungsschutz-Zusage eines Haftpflichtversicherers?,45
"Welche Rechtsfolge tritt ein, wenn ein Haftpflichtversicherer in Unkenntnis eines Ausschlussgrundes eine Deckungszusage erteilt und später die Voraussetzungen des Ausschlusses festgestellt werden?",9
"Welche Voraussetzungen müssen erfüllt sein, damit ein Leasingnehmer die geleistete Kaution zurückverlangen kann?",24
Welche Rolle spielt die Unwirksamkeit einer Rückgabeklausel im Leasingvertrag für den Kautionsrückzahlungsanspruch des Leasingnehmers?,24
"Wer ist verpflichtet, die Maschinen auf mögliche Schäden zu überprüfen, wenn der Leasingnehmer die Maschinen zurückgibt?",58
"Welche Rechtsfolge tritt ein, wenn der Leasinggeber die Rückgabe der Maschinen zu Unrecht verweigert?",24
"Welche Bedingungen müssen erfüllt sein, damit der Leasinggeber die Kaution einbehalten darf?",24
"Wie ist die Unwirksamkeit einer Klausel im Leasingvertrag zu bewerten, wenn sie den Leasingnehmer einseitig benachteiligt?",24
Welche Rechtsgrundlage gilt für die Zurechnung von Schäden an den zurückgegebenen Maschinen auf den Leasinggeber?,58
"Welche Rechte hat der Leasingnehmer, wenn der Leasinggeber die Maschinen nicht an seinem Geschäftssitz zurücknehmen will?",24
"Welche Pflichten hat der Leasinggeber, wenn er die Maschinen nicht an seinem Geschäftssitz zurücknehmen will?",24
Welche Rolle spielt die Unwirksamkeit einer Klausel im Leasingvertrag für die Verweigerung der Rücknahme der Maschinen durch den Leasinggeber?,24
"Welche Verjährungsfrist gilt für Ansprüche des Reisenden nach §§ 651c bis 651f BGB, wenn keine abweichenden Vereinbarungen getroffen wurden?",82
Unter welchen Voraussetzungen können Reiseveranstalter die Verjährungsfrist für Ansprüche des Reisenden verkürzen?,19
"Welche Rechte hat der Reisende, wenn er im Reisebüro keine ausreichende Möglichkeit hat, die Allgemeinen Geschäftsbedingungen zur Kenntnis zu nehmen?",19
Wie kann der Reisende die Verjährung seiner Ansprüche hemmen?,19
"Welche Anforderungen müssen Reiseveranstalter erfüllen, um ihre Allgemeinen Geschäftsbedingungen wirksam in den Vertrag einzuarbeiten?",19
Welche Bedeutung hat die Identifizierung der Allgemeinen Geschäftsbedingungen für ihre Einbeziehung in den Vertrag?,1
"Welche Folgen hat es, wenn eine Klausel in Allgemeinen Geschäftsbedingungen gegen das Klauselverbot verstößt?",18
"Wie kann ein Reiseveranstalter seine Haftung für Schäden aus der Verletzung des Lebens, des Körpers oder der Gesundheit ausschließen oder begrenzen?",19
Welche Bedeutung hat die Kenntnisnahme der Allgemeinen Geschäftsbedingungen für den Reisenden?,19
"Wie kann der Reisende sicherstellen, dass seine Ansprüche nicht verjähren?",19
"Welche Voraussetzungen müssen erfüllt sein, damit eine künstliche Befruchtung als medizinisch notwendige Heilbehandlung gilt?",32
"Wer ist verpflichtet, die Kosten für eine künstliche Befruchtung zu tragen, wenn beide Ehepartner körperlich bedingte Fertilitätseinschränkungen haben?",32
"Wie muss der Tatrichter bei der Klärung von Heilbehandlungsansprüchen bei künstlicher Befruchtung vorgehen, wenn beide Ehepartner betroffen sind?",32
Welche Rolle spielt die Erfolgsaussicht bei der medizinischen Notwendigkeit einer künstlichen Befruchtung?,32
Welche Rechtsgrundlage gilt für die Kostenübernahme von künstlichen Befruchtungen durch private Krankenversicherungen?,32
"Welche Rechte hat eine privat krankenversicherte Person, die eine künstliche Befruchtung aufgrund ihrer eigenen Erkrankung benötigt?",32
"Welche Bedingungen müssen erfüllt sein, damit eine künstliche Befruchtung als Heilbehandlung gilt, die die Unfruchtbarkeit beider Partner überwindet?",32
"Wie ist zu entscheiden, wenn die körperlichen Beeinträchtigungen von Ehepartnern bei einer künstlichen Befruchtung unterschiedlich schwerwiegend sind?",32
"Welche Rechtsfolge tritt ein, wenn die medizinische Notwendigkeit einer künstlichen Befruchtung nicht gegeben ist?",32
Welche Rolle spielt die Notwendigkeit einer künstlichen Befruchtung bei der Entscheidung über die Kostenübernahme durch eine private Krankenversicherung?,32
"Welche Voraussetzungen müssen erfüllt sein, damit ein Geschäftsführer einer Komplementär-GmbH unmittelbar gegenüber einer Kommanditgesellschaft aus § 43 Abs. 2 GmbHG haften kann?",48
Unter welchen Bedingungen kann ein Schadensersatzanspruch einer Kommanditgesellschaft gegen den Geschäftsführer einer Komplementär-GmbH bestehen?,48
"Wer ist verpflichtet, die Geschäfte einer Kommanditgesellschaft zu führen, wenn die Komplementär-GmbH diese als ihre einzige Aufgabe hat?",48
"Welche Rechte hat eine Kommanditgesellschaft gegenüber dem Geschäftsführer einer Komplementär-GmbH, wenn diese die Geschäfte der Kommanditgesellschaft führt?",48
Welche Rolle spielt ein Anstellungsvertrag zwischen einem Geschäftsführer und einer Komplementär-GmbH für die Haftung des Geschäftsführers gegenüber einer Kommanditgesellschaft?,48
"Welche Rechtsgrundlage gilt für die Haftung eines Geschäftsführers einer Komplementär-GmbH gegenüber einer Kommanditgesellschaft, wenn die Komplementär-GmbH die einzige Aufgabe hat, die Geschäfte der Kommanditgesellschaft zu führen?",48
"Welche Rechtsfolgen hat der Abschluss einer Honorarvereinbarung durch den Geschäftsführer einer Komplementär-GmbH, wenn die Kommanditgesellschaft bereits aufgrund einer mündlichen Beauftragung tätig geworden ist?",48
"Welche Bedingungen müssen erfüllt sein, damit der Abschluss einer Honorarvereinbarung durch den Geschäftsführer einer Komplementär-GmbH als pflichtwidrig angesehen werden kann?",48
"Welche Voraussetzungen müssen erfüllt sein, damit eine Honorarvereinbarung nach § 4 Abs. 1 HOAI wirksam ist?",167
"Wer ist verpflichtet, die Honorarvereinbarung schriftlich bei Auftragserteilung zu treffen, um die Mindestsätze der HOAI zu vermeiden?",167
"Wie ist der Begriff ""Auftragserteilung"" im Sinne des § 4 Abs. 1 HOAI zu interpretieren, wenn die gesamte Vereinbarung unter einer Bedingung steht?",167
"Welche Rolle spielt der Wille der Parteien bei der Interpretation einer Honorarvereinbarung, die unter einer Bedingung steht?",118
"Warum kann eine Honorarvereinbarung nach § 4 Abs. 4 HOAI Anwendung finden, wenn sie nicht schriftlich bei Auftragserteilung geschlossen wurde?",167
Welche Bedeutung hat die Abweichung von der ursprünglichen Planung bei der Interpretation einer Honorarvereinbarung?,118
"Wie ist der Begriff ""Bauvorhaben"" im Zusammenhang mit der Bedingung für eine Honorarvereinbarung zu verstehen?",118
Welche Auswirkungen hat die Nicht-Eintreten der Bedingung für eine Honorarvereinbarung auf die Parteien?,118
Welche Bedeutung hat die Schriftform bei der Vereinbarung von Honoraren im Zusammenhang mit § 4 HOAI?,167
"Wie ist der Begriff ""Rahmen- oder Vorvertrag"" im Zusammenhang mit der Beauftragung von Architekten zu interpretieren?",57
"Unter welchen Voraussetzungen kann ein Feststellungsantrag auf Schadensersatzverpflichtung Erfolg haben, wenn ein Mangel feststeht?",45
"Welche Rolle spielt die Fristsetzung mit Ablehnungsandrohung für den Ersatz von Folgeschäden, die einer Nachbesserung nicht zugänglich sind?",94
"Wer ist verpflichtet, die Mängelbeseitigungskosten zu tragen, wenn ein Mangel festgestellt wurde?",157
Welche Rechtsgrundlage gilt für die Verpflichtung zur Mängelbeseitigung und Schadensersatz bei Werkverträgen?,7
"Wie ist der Umfang der Schadensersatzverpflichtung zu bestimmen, wenn es um Folgeschäden geht, die einer Nachbesserung nicht zugänglich sind?",45
"Welche Bedeutung hat die Entscheidung des Landgerichts, wenn es sich nur mit bestimmten Ansprüchen befaßt hat und andere Ansprüche noch nicht entschieden wurden?",23
"Welche Voraussetzungen müssen erfüllt sein, damit eine Gesellschaft bürgerlichen Rechts (GbR) gerichtlich vertreten werden kann?",97
"Wer ist berechtigt, eine GbR außergerichtlich zu vertreten?",97
Wie kann ein Vertretungsmangel bei einer GbR geheilt werden?,127
"Welche Konsequenzen hat es, wenn eine GbR nicht ordnungsgemäß vertreten ist?",162
Welche Rolle spielt der Gesellschaftsvertrag bei der Vertretung einer GbR?,162
Unter welchen Bedingungen kann die Angabe des Vertreters einer GbR berichtigt werden?,162
"Welche Voraussetzungen müssen erfüllt sein, damit ein Versicherter einen Anspruch auf Bonuspunkte hat?",122
"Wer ist befugt, die Zuteilung von Bonuspunkten zu entscheiden?",122
Wie wird die Höhe der Überschussbeteiligung ermittelt?,29
Welche Rolle spielt der Verwaltungsrat bei der Verwendung der Rückstellung für Überschussverteilung?,29
Welche Rechtsgrundlage gilt für den Anspruch auf Auskunft über die von der Beklagten erzielten Überschüsse?,9
"Welche Rechtsfolge tritt ein, wenn ein Versicherter keinen Anspruch auf Bonuspunkte hat?",122
"Welche Bedingungen müssen erfüllt sein, damit ein Versicherter einen Anspruch auf Überschussbeteiligung hat?",29
"Wer ist verpflichtet, die Rückstellung für Überschussverteilung zu bilden?",29
Wie ist die Rückstellung für Überschussverteilung zu verwenden?,29
"Welche Bedingungen müssen erfüllt sein, damit eine Klausel in Allgemeinen Geschäftsbedingungen unwirksam ist?",18
"Wer ist verpflichtet, eine Inhaltskontrolle von Allgemeinen Geschäftsbedingungen durchzuführen?",106
Welche Rechtsgrundlage gilt für die Überprüfung von Klauseln in Allgemeinen Geschäftsbedingungen?,18
Wie wird die Unwirksamkeit von Klauseln in Allgemeinen Geschäftsbedingungen geprüft?,18
"Welche Rechte hat ein Reisender, wenn er von einem Reisevertrag zurücktritt?",19
Welche Rolle spielt die Schadensminderungspflicht des Reiseveranstalters bei der Berechnung von Entschädigungen im Falle eines Rücktritts?,19
"Welche Voraussetzungen müssen erfüllt sein, damit eine Klausel in Allgemeinen Geschäftsbedingungen wirksam ist?",18
Wie wird die Wirksamkeit von Klauseln in Allgemeinen Geschäftsbedingungen geprüft?,18
"Welche Rechtsgrundlage gilt für die Verpflichtung eines Reiseveranstalters, eine Reise noch anderweitig verwenden zu können, wenn der Reisende nicht zahlt?",19
"Welche Voraussetzungen müssen erfüllt sein, damit ein Wasserversorgungsunternehmen einen angemessenen Baukostenzuschuss von Anschlussnehmern verlangen kann?",108
Unter welchen Umständen kann ein Anschlussnehmer die von ihm geleisteten Kosten für die Erstellung eines Hausanschlusses zurückfordern?,12
"Wer ist verpflichtet, die Kosten für die Erneuerung eines bereits bestehenden Anschlusses zu tragen?",157
"Welche Rolle spielt das Eigentum an einer Altleitung bei der Frage, ob ein Wasserversorgungsunternehmen einen Baukostenzuschuss fordern kann?",108
Welche Rechtsgrundlage gilt für die Erhebung von Hausanschlusskosten in den neuen Bundesländern nach dem 3. Oktober 1990?,132
Welche Pflichten hat ein Wasserversorgungsunternehmen im Hinblick auf die Vorhaltung eines Anschlusses?,108
Welche Bedeutung hat der Einbau eines eigenen Wasserzählers durch ein Wasserversorgungsunternehmen für die Eigentumsverhältnisse an einer Altleitung?,108
Unter welchen Bedingungen kann ein Wasserversorgungsunternehmen einen Baukostenzuschuss als weiteren Baukostenzuschuss verlangen?,108
Welche Rechtsfolgen hat die Erneuerung eines Anschlusses durch ein Wasserversorgungsunternehmen?,108
"Welche Rechtsgrundlage gilt für die Zurechnung von Kosten für die Auswechslung von Hausanschlüssen, die vor dem 3. Oktober 1990 errichtet wurden?",132
"Welche Voraussetzungen müssen erfüllt sein, damit eine Mietminderung wegen eines Mangels an der Gebrauchstauglichkeit des Mietobjekts wirksam ist?",12
"Wer ist verpflichtet, die Gebrauchstauglichkeit des Mietobjekts sicherzustellen?",12
Welche Rolle spielt die zugesicherte Mieterstruktur für die Gebrauchstauglichkeit des Mietobjekts?,12
Unter welchen Bedingungen kann eine Mietminderung wegen von der Vermieterin behaupteten Stromschwankungen nicht geltend gemacht werden?,12
Wie kann eine Vermieterin ihre Aufklärungspflicht vor Vertragsschluss verletzt haben?,12
Welche Rechtsgrundlage gilt für die Zurechnung von Mängeln an der Belüftungsanlage auf die Vermieterin?,12
Unter welchen Bedingungen kann eine Miete nicht wegen Fehlens einer zugesicherten Eigenschaft gemindert werden?,12
"Wer ist verpflichtet, das Schließsystem des Mietobjekts zu installieren und zu warten?",12
Welche Rechtsfolgen hat das Fehlen eines Center-Managements für die Vermieterin?,12
Welche Rolle spielt der Zustand der Fassade des Mietobjekts für die Gebrauchstauglichkeit?,12
Welche Rechtsgrundlage gilt für die Abweisung einer Klage aufgrund der Rechtskraft eines früheren Urteils?,9
"Unter welchen Bedingungen erwächst ein Urteil in Rechtskraft, wenn das Gericht die Zulässigkeit der Klage offen lässt?",9
"Wer ist verpflichtet, die Zulässigkeit einer Klage zu prüfen, und welche Konsequenzen hat es, wenn dies unterlassen wird?",9
"Welche Rolle spielt die Begründetheit einer Klage, wenn das Gericht ihre Zulässigkeit nicht prüft?",9
"Welche Rechtsfolge tritt ein, wenn eine Klage aufgrund der Rechtskraft eines früheren Urteils abgewiesen wird?",9
"Wie kann eine Klage unbegründet sein, wenn sie auf denselben Lebenssachverhalt gestützt ist wie eine vorher abgewiesene Feststellungsklage?",9
Welche Bedeutung hat die materielle Rechtskraft eines Urteils für die Zulässigkeit einer neuen Klage?,9
"Welche Auswirkungen hat die Rechtskraft eines Urteils auf eine spätere Klage, die sich auf denselben Lebenssachverhalt bezieht?",9
"Wie kann eine Klage unbegründet sein, wenn sie auf einen Kündigungsfolgeschaden gerichtet ist, der in gleicher Weise wie der streitgegenständliche Schaden von der Rechtskraft betroffen ist?",9
"Welche Rechtsfolge tritt ein, wenn eine Klage auf Ersatz eines Kündigungsfolgeschadens unbegründet ist?",9
"Welche Voraussetzungen müssen erfüllt sein, damit eine Tätigkeit als Nachweistätigkeit im Sinne des § 1 Abs. 1 WoVermittG angesehen werden kann?",124
"Wer ist verpflichtet, die Gelegenheit zum Abschluss eines Mietvertrags nachzuweisen, um als Wohnungsvermittler im Sinne des § 1 Abs. 1 WoVermittG zu gelten?",12
Was ist das gesetzliche Leitbild des Nachweis- und Vermittlungsmaklers nach § 652 BGB und wie ist es auf den Bereich der Wohnungsvermittlung anzuwenden?,12
"Wie kann ein Makler einen potentiellen Vertragspartner mit vollständigem Namen und Anschrift zur Kenntnis bringen, um einen Nachweis im Sinne des § 652 Abs. 1 Satz 1 BGB zu erbringen?",213
"Welche Informationen müssen in einer Objektliste enthalten sein, damit sie als ausreichend konkreter Hinweis auf eine Vertragsgelegenheit angesehen werden kann?",199
"Wie kann ein Makler sicherstellen, dass seine Kunden von einer bestehenden Vertragsbereitschaft der Vermieter ausgehen können?",12
"Welche Ausnahmeregelungen des § 3 Abs. 3 Satz 2 oder 3 WoVermittG können unter bestimmten Voraussetzungen den Wohnungsvermittler berechtigen, Erstattung nachgewiesener Auslagen zu verlangen?",12
"Welche Rechte haben Kunden eines Wohnungsvermittlers, wenn dieser ein von einem späteren Mietvertragsabschluss unabhängiges ""Service-Entgelt"" fordert?",12
Welche Pflichten hat ein Wohnungsvermittler gegenüber seinen Kunden bezüglich der Richtigkeit und Vollständigkeit der Angaben zu den Mietobjekten?,12
"Welche Rechtsfolgen hat es, wenn ein Wohnungsvermittler ein Entgelt für seine Dienstleistungen fordert, das nicht den Vorschriften des § 3 Abs. 3 Satz 1 WoVermittG entspricht?",12
"Welche Voraussetzungen müssen erfüllt sein, damit ein Auskunftsanspruch auf Grundlage von Treu und Glauben gegeben ist?",72
"Wer kann einen Auskunftsanspruch geltend machen, wenn er in entschuldbarer Weise über sein Recht im Ungewissen ist?",11
"Was ist erforderlich, damit der Verpflichtete zur Erteilung einer Auskunft verpflichtet ist?",142
"Wie kann der Auskunftsanspruch geltend gemacht werden, wenn der Schadensersatzanspruch noch nicht feststeht?",9
Welche Rolle spielt der Verdacht einer Vertragspflichtverletzung bei der Geltendmachung eines Auskunftsanspruchs?,9
Welche Rechtsgrundlage gilt für die Verjährung von Schadensersatzansprüchen in diesem Fall?,45
Wie lange beträgt die Verjährungsfrist für Schadensersatzansprüche in diesem Fall?,20
Wie kann die Verjährungsfrist gehemmt werden?,196
Welche Auswirkungen hat die Rücknahme einer Widerklage auf die Verjährungsfrist?,53
"Welche Rechtsfolge tritt ein, wenn die Verjährungsfrist abgelaufen ist?",53
"Welche Voraussetzungen müssen erfüllt sein, damit eine Eigentumsverletzung im Sinne des § 823 Abs. 1 BGB vorliegt, wenn das Grundstück bereits mit einem Mangel behaftet ist?",17
"Wer ist verpflichtet, die Raumbeständigkeit von Schlacke zu berücksichtigen, wenn sie als Füllmaterial für Grundstücke verwendet wird?",41
"Wie kann ein Geschädigter beweisen, dass ein Schaden durch eine Volumenvergrößerung von Schlacke verursacht wurde, wenn dies in Fachkreisen bereits vor 1980 bekannt war?",156
"Welche Rolle spielt das Integritätsinteresse des Eigentümers bei einer Eigentumsverletzung, wenn das Grundstück bereits mit einem Mangel behaftet ist?",17
"Wie kann ein Eigentümer seinen Schadenersatzanspruch geltend machen, wenn das Grundstück bereits mit einem Mangel behaftet ist, der erst später sichtbar wird?",17
"Welche Rechtsgrundlage gilt für die Haftung eines Dritten, wenn er Schlacke auf ein Grundstück liefert, ohne die Bebaubarkeit des Grundstücks zu berücksichtigen?",17
"Wie kann ein Eigentümer nachweisen, dass sein Eigentum durch eine Volumenvergrößerung von Schlacke verletzt wurde, wenn die Schlacke bereits im Grundstück vorhanden war, bevor er es erworben hat?",17
"Welche Bedingungen müssen erfüllt sein, damit ein Schadenersatzanspruch aus unerlaubter Handlung geltend gemacht werden kann, wenn das Grundstück bereits mit einem Mangel behaftet ist?",17
"Welche Voraussetzungen müssen erfüllt sein, damit ein Vertrag wegen Geschäftsunfähigkeit einer Partei nichtig ist?",104
Wer kann die Nichtigkeit eines Vertrages aufgrund von Geschäftsunfähigkeit einer Partei rügen?,104
"Unter welchen Bedingungen kann ein Vertragsteil von einem Vertrag zurücktreten, wenn die andere Partei ihre Pflichten nicht erfüllt?",104
Welche Rolle spielt der Wille der Vertragsparteien bei der Bestätigung eines Vertrages nach § 141 BGB?,1
Welche Rechtsgrundlage gilt für den Schenkungswiderruf wegen groben Undanks nach § 530 BGB?,16
Welche Bedeutung hat die Kenntnis oder Zweifel an der Rechtsbeständigkeit eines Vertrages für die Bestätigung nach § 141 BGB?,1
Wie kann ein Gericht die fachlichen Feststellungen oder Schlußfolgerungen eines Gutachters überprüfen?,26
Welche Bedeutung hat das Vorliegen von Geschäftsunfähigkeit bei der Frage der Vertragsaufhebung oder -änderung?,1
"Welche Voraussetzungen müssen erfüllt sein, damit eine Forderung aus einer vorsätzlich begangenen unerlaubten Handlung als Forderung im Sinne des § 850f Abs. 2 ZPO gilt?",76
"Wer ist verpflichtet, den Differenzschaden zu ersetzen, wenn eine Täuschungshandlung den Abschluss eines Vertrages beeinflusst hat?",200
Wie ist der Vermögensschaden bei Forderungen aus unerlaubter Handlung grundsätzlich zu ermitteln?,217
"Warum kann der Geschädigte in bestimmten Fällen das Erfüllungsinteresse verlangen, obwohl die Anwendung der Differenzhypothese im Ergebnis das Erfüllungsinteresse verlangt?",3
Welche Rolle spielt der hypothetische Geschehensablauf bei der Ermittlung des Differenzschadens?,74
Welche Rechtsgrundlage gilt für die Bestimmung des pfändbaren Teils des Arbeitseinkommens ohne Rücksicht auf die in § 850c ZPO vorgesehenen Beschränkungen?,76
"Wer ist berechtigt, im Vollstreckungsverfahren ohne Zustimmung des Schuldners nachzuweisen, dass der titulierte Anspruch auch auf einer vorsätzlich begangenen unerlaubten Handlung beruht?",15
Welche Kosten kann der Geschädigte im Rahmen des Schadensersatzes geltend machen?,45
"Wann kann der Schutzzweck des Betrugstatbestandes gemäß § 263 StGB den Umfang des nach § 823 Abs. 2, §§ 249 ff. BGB geschuldeten Schadensersatzes bestimmen?",16
Welche Bedeutung hat das rechtliche Interesse des Gläubigers für die Begründetheit eines Feststellungsbegehrens nach § 850f Abs. 2 ZPO?,105
"Welche Anforderungen müssen an ein Sachverständigengutachten gestellt werden, um die ortsübliche Vergleichsmiete im Rahmen eines Mieterhöhungsverlangens nach § 558 BGB nachzuweisen?",12
"Wer ist verpflichtet, die Entwicklung der Mieten in den letzten vier Jahren darzustellen, um die ortsübliche Vergleichsmiete zu ermitteln?",12
Welche Rolle spielt die Berücksichtigung von Neu- und Bestandsmieten bei der Ermittlung der ortsüblichen Vergleichsmiete?,35
"Wie kann ein Mieter die Berechtigung eines Mieterhöhungsverlangens nach § 558 BGB überprüfen, wenn er ein Sachverständigengutachten zur Begründung erhält?",12
"Welche Konsequenzen hat es, wenn ein Sachverständigengutachten zur Begründung eines Mieterhöhungsverlangens unzureichend ist?",12
"Wie kann ein Vermieter sicherstellen, dass sein Mieterhöhungsverlangen nach § 558 BGB wirksam ist?",12
Welche Bedeutung hat die genaue Beschreibung der besichtigten Musterwohnung in einem Sachverständigengutachten im Zusammenhang mit einem Mieterhöhungsverlangen?,12
"Welche Auswirkungen hat es, wenn ein Sachverständigengutachten keine ausreichenden Informationen enthält, um die Berechtigung eines Mieterhöhungsverlangens zu überprüfen?",12
Wie kann ein Mieter die Entscheidung des Gerichts im Falle eines Mieterhöhungsverlangens beeinflussen?,12
Welche Bedeutung hat die genaue Bezeichnung der Vergleichswohnungen in einem Sachverständigengutachten im Rahmen eines Mieterhöhungsverlangens?,12
"Welche Voraussetzungen müssen erfüllt sein, damit eine Abnahme des Gemeinschaftseigentums wirksam ist?",83
"Wer ist berechtigt, die Abnahme des Gemeinschaftseigentums wirksam zu erklären?",83
"Was geschieht, wenn das Sondereigentum nicht abgenommen wird?",17
"Wie lange dauert die Verjährungsfrist für Mängelansprüche am Sondereigentum, wenn die VOB/B Anwendung findet?",101
"Wer trägt die Darlegungs- und Beweislast für die Mängelfreiheit des Sondereigentums, wenn dieses nicht abgenommen wurde?",17
"Wie kann ein Käufer Mängel am Gemeinschaftseigentum geltend machen, wenn keine wirksame Abnahme stattgefunden hat?",83
"Welche Rechte hat ein Käufer, wenn er das Sondereigentum nicht abnimmt und Mängel feststellt?",17
Wie kann ein Verwalter einer Wohnungseigentümergemeinschaft eine wirksame Abnahme des Gemeinschaftseigentums erklären?,83
"Welche Rolle spielt die Verjährung bei Mängelansprüchen am Sondereigentum, wenn die VOB/B Anwendung findet?",101
"Wie kann ein Käufer die Verjährung von Mängelansprüchen am Sondereigentum verhindern, wenn er das Sondereigentum nicht abnimmt?",17
Welche Art von Ansprüchen unterliegen der obligatorischen Streitschlichtung nach § 37a Abs. 1 Nr. 1 AGJusG SL?,105
Unter welchen Voraussetzungen ist ein Schlichtungsversuch vor der Erhebung einer Klage vorgeschrieben?,9
"Wer ist verpflichtet, einen Schlichtungsversuch zu unternehmen, bevor eine Klage erhoben wird?",9
"Welche Rechtsfolge tritt ein, wenn eine Partei die obligatorische Streitschlichtung nicht durchführt?",104
Wie beeinflusst die Entstehungsgeschichte einer Rechtsnorm die Interpretation ihrer Anwendung?,216
Welche Rolle spielt die bundesrechtliche Ermächtigung in § 15a Abs. 1 Satz 1 Nr. 2 EGZPO für die Anwendung von § 37a Abs. 1 Nr. 1 AGJusG SL?,105
"Welche Auswirkungen hat die Aufhebung einer Vorschrift, die einen obligatorischen Schlichtungsversuch vorsah, auf die Anwendung dieser Vorschrift in der Zukunft?",14
"Unter welchen Bedingungen kann eine Revision unzulässig sein, obwohl sie von einem Berufungsgericht zugelassen wurde?",23
Welche Rolle spielt die mündliche Verhandlung bei der Entscheidung über die Zulassung einer Revision?,23
Welche Rechtsgrundlage gilt für die Berichtigungsmöglichkeit eines Berufungsurteils?,23
"Wer ist verpflichtet, die Revision zuzulassen, wenn die Voraussetzungen des § 319 Abs. 1 ZPO erfüllt sind?",14
Welche Rechtsfolgen hat die Unzulässigkeit einer Revision?,23
Wie kann eine Revisionszulassung nachträglich im Berufungsurteil berücksichtigt werden?,23
Welche Bedeutung hat die Urteilsverkündung für die Revision?,23
Welche Gründe können gegen eine bestimmte Lösung in einem Berufungsurteil vorgebracht werden?,23
"Welche Anforderungen müssen an das Protokoll der mündlichen Verhandlung gestellt werden, um die Revisionszulassung zu belegen?",22
Welche Rolle spielt die Rechtsprechung des Bundesgerichtshofes bei der Entscheidung über die Revision?,23
"Welche Voraussetzungen müssen erfüllt sein, damit eine Kündigung des Mietverhältnisses wirksam ist, wenn ein Kündigungsausschluss vereinbart wurde?",12
Wer kann nach § 557a Abs. 3 BGB einen Kündigungsausschluss vereinbaren und wie lange gilt dieser?,43
"Wie ist die Wirksamkeit einer Klausel zu beurteilen, die den Kündigungsausschluss nur für eine Partei enthält?",43
Welche Rolle spielt die Klarheit und Verständlichkeit einer Klausel bei der Beurteilung ihrer Wirksamkeit?,174
"Wann kann eine Kündigungserklärung erstmalig abgegeben werden, wenn ein Kündigungsausschluss für eine bestimmte Dauer vereinbart wurde?",43
Welche Rechtsfolgen hat die unwirksame Vereinbarung eines Kündigungsausschlusses?,43
"Wie ist die Wirksamkeit einer Klausel zu beurteilen, die dem Mieter eine bestimmte Kalkulationssicherheit geben soll?",12
"Welche Bedingungen müssen erfüllt sein, damit ein Geschädigter im Rahmen eines Schadensersatzanspruchs eine Zug-um-Zug-Verurteilung erreichen kann?",45
"Wer ist verpflichtet, die tatsächlichen und rechtlichen Voraussetzungen für eine Übertragung von Fondsanteilen im Rahmen eines Schadensersatzanspruchs zu schaffen?",46
Welche Rolle spielt die Zustimmung Dritter bei einer Übertragung von Fondsanteilen im Rahmen eines Schadensersatzanspruchs?,46
Welche Rechtsgrundlage gilt für die Feststellung des Annahmeverzugs im Zusammenhang mit der Übertragung von Fondsanteilen?,46
"Welche Rechtsfolge tritt ein, wenn ein Geschädigter im Rahmen eines Schadensersatzanspruchs alles von seiner Seite Erforderliche getan hat und der Schädiger die Annahmeverzug begeht?",45
Wie kann ein Geschädigter im Rahmen eines Schadensersatzanspruchs die tatsächlichen und rechtlichen Voraussetzungen für eine Übertragung von Fondsanteilen schaffen?,45
"Welche Rechte hat ein Geschädigter, wenn er im Rahmen eines Schadensersatzanspruchs eine Zug-um-Zug-Verurteilung erreicht hat?",45
Welche Rolle spielt die Abgabe eines Angebots auf Abtretung von Rechten im Rahmen eines Schadensersatzanspruchs?,45
"Welche Voraussetzungen müssen erfüllt sein, damit ein Gericht von Amts wegen die Prozessfähigkeit einer Partei prüft?",99
"Wer ist verpflichtet, sich von einem Sachverständigen untersuchen zu lassen, wenn Zweifel an der Prozessfähigkeit einer Partei bestehen?",99
"Wie kann ein Kläger sicherstellen, dass seine Klage gegen eine prozessunfähige Partei nicht als unzulässig abgewiesen wird?",9
"Welche Rolle spielt die Bestellung eines Prozesspflegers, wenn die Prozessfähigkeit einer Partei in Frage gestellt ist?",99
"Welche Rechtsgrundlage gilt für die Bestellung eines Prozesspflegers, wenn die Prozessunfähigkeit einer Partei erst nach Erhebung der Klage erkannt wird?",99
Welche Bedeutung hat die Vollstreckbarkeit eines Titels für die Bestellung eines Prozesspflegers?,143
"Welche Maßnahmen kann ein Gericht ergreifen, wenn die Bestellung eines Prozesspflegers nicht in Betracht kommt?",9
Welche Frist gilt für die Geltendmachung eines Ausgleichsanspruchs analog § 89b HGB?,86
"Wer ist verpflichtet, die Einhaltung der Frist für die Geltendmachung eines Ausgleichsanspruchs zu prüfen?",53
"Welche Rechtsfolge tritt ein, wenn die Frist für die Geltendmachung eines Ausgleichsanspruchs nicht eingehalten wird?",53
"Welche Beweise kann eine Partei vorlegen, um die fristgerechte Geltendmachung eines Ausgleichsanspruchs nachzuweisen?",104
"Unter welchen Bedingungen kann eine Partei trotz Verspätung Beweismittel vorlegen, um die fristgerechte Geltendmachung eines Ausgleichsanspruchs nachzuweisen?",104
Welche Rolle spielt das Schweigen einer Partei bei der fristgerechten Geltendmachung eines Ausgleichsanspruchs?,104
"Welche Voraussetzungen müssen erfüllt sein, damit ein Tankstellenhalter nach § 89b HGB einen Handelsvertreterausgleich verlangen kann?",0
Welche Rolle spielt die Marke eines Unternehmens bei der Berechnung des Handelsvertreterausgleichs nach § 89b HGB?,0
Wie ist der Verwaltungsanteil an den Tätigkeiten eines Tankstellenhalters im Rahmen der Berechnung des Handelsvertreterausgleichs nach § 89b HGB zu schätzen?,0
"Wer ist verpflichtet, den Verwaltungsanteil an den Provisionen eines Tankstellenhalters bei der Berechnung des Handelsvertreterausgleichs nach § 89b HGB zu berücksichtigen?",0
Wie ist der Stammkundenanteil im Tankgeschäft nach § 89b HGB zu bestimmen?,0
Welche Bedeutung hat die Häufigkeit der Folgegeschäfte für die Stammkundeneigenschaft im Shopgeschäft nach § 89b HGB?,0
"Wie ist der Stammkundenanteil im Shopgeschäft nach § 89b HGB zu berechnen, wenn Kunden ihre Einkäufe über verschiedene Karten abwickeln (Kartenwechsler)?",0
Welche Rechtsgrundlage gilt für den Abzug eines Verwaltungsanteils von 10 % bei der Berechnung des Handelsvertreterausgleichs nach § 89b HGB?,0
"Wie ist der Stammkundenanteil im Shopgeschäft nach § 89b HGB zu berechnen, wenn die Produkte häufiger benötigt werden als Treibstoff?",0
Welche Bedeutung hat die Abwanderungsquote bei der Berechnung des Handelsvertreterausgleichs nach § 89b HGB?,150
"Welche Voraussetzungen müssen erfüllt sein, damit eine Klage nicht als unzulässig (verfristet) abgewiesen wird?",9
"Wer ist verantwortlich, wenn die Zustellung der Klageschrift verzögert wird?",53
Unter welchen Umständen kann eine Verzögerung der Zustellung der Klageschrift trotz Verschulden der die Zustellung betreibenden Partei noch als 'demnächst' angesehen werden?,53
Welche Rolle spielt die Art der Mitwirkung einer Behörde im Enteignungsentschädigungsverfahren bei der Beurteilung einer Verzögerung der Zustellung der Klage?,53
Welche Bedeutung hat die zutreffende Bezeichnung der Vertretungsverhältnisse einer Behörde im Entschädigungsfestsetzungsverfahren für die Beurteilung einer Verzögerung der Zustellung der Klage?,53
"Wie kann eine Enteignungsbehörde dazu beitragen, Missverständnisse über die 'richtige' Prozessvertretung einer Partei zu vermeiden?",99
Welche Konsequenzen hat die Aufhebung des angefochtenen Urteils und die Zurückverweisung der Sache an das Berufungsgericht?,23
"Welche Voraussetzungen müssen erfüllt sein, damit ein durchschnittlicher Versicherungsnehmer den Begriff ""Enteignungsangelegenheiten"" auf schuldrechtliche Ansprüche bezieht?",10
"Wer ist verpflichtet, die gebotene enge Auslegung von Ausschlussklauseln in Versicherungsverträgen zu beachten?",10
Welche Rolle spielt der systematische Aufbau von § 3 (3) der ARB bei der Interpretation von Ausschlussklauseln?,168
"Wie ist der Begriff ""Enteignungsangelegenheiten"" aus der Sicht eines durchschnittlichen Versicherungsnehmers zu verstehen, wenn er gemeinsam mit Begriffen wie Planfeststellungs-, Flurbereinigungs- und im Baugesetzbuch geregelte Angelegenheiten verwendet wird?",128
"Welche Rechte hat ein nicht im Grundbuch eingetragener Eigentümer, um eine (Rück-)Auflassung zu verlangen?",24
"Wie ist der Antrag des Klägers, die Beklagte zu verurteilen, ihm ""Rechtsschutz zu bewilligen"", auszulegen?",11
"Welche Rechtsfolgen hat die beabsichtigte Rechtsverfolgung, wenn sie unter die Leistungsart ""Vertragsrecht"" im Sinne des § 2 d) der ARB fällt?",1
"Wie ist der Begriff ""Enteignungsangelegenheiten"" im Zusammenhang mit § 3 (3) d) der ARB des Versicherers zu verstehen, wenn man sein Eingreifen auch außerhalb der Enteignung von Grundstücken für möglich hält?",128
"Welche Rechtsgrundlage gilt für die Annahme, dass der Greek Bondholder Act wegen Verstoßes gegen den ordre public nicht angewendet werden dürfe?",111
"Welche Rolle spielt der Arbeitsvertrag des Klägers bei der Bestimmung seiner Altersversorgung, insbesondere im Hinblick auf die Verweisung auf Tarifverträge?",28
"Wer ist verpflichtet, die Altersversorgung nach Maßgabe der Tarifverträge des öffentlichen Dienstes zu gewähren, auch nach dem Wechsel in den Banktarif?",28
"Welche Bedingungen müssen erfüllt sein, damit die Beklagte die ZVK-L ohne Zustimmung des Klägers ändern kann?",14
"Wie ist der Anpassungsvorbehalt in der ""Einheitlichen Erklärung der Vorstände"" auszulegen, insbesondere im Hinblick auf den Fortbestand der Versorgungszusage für Beschäftigte, die in den Banktarif wechseln?",70
Welche Rechtsgrundlage gilt für die Unwirksamkeit der Übergangsregelungen in § 73 Abs. 1 ZVK-L i.V.m. § 18 Abs. 2 Nr. 1 Satz 1 BetrAVG?,192
"Wer ist befugt, über Satzungsänderungen der ZVK-L zu beschließen, und unter welchen Bedingungen ist eine solche Änderung zulässig?",14
Wie ist der Satzungsrecht der Beklagten im Hinblick auf die Änderung der ZVK-L und die damit verbundene Systemumstellung in der Zusatzversorgung des öffentlichen Dienstes auszulegen?,14
"Welche Rechte hat der Kläger im Hinblick auf seine Altersversorgung, insbesondere im Falle der Unwirksamkeit der Übergangsregelungen in § 73 Abs. 1 ZVK-L i.V.m. § 18 Abs. 2 Nr. 1 Satz 1 BetrAVG?",192
"Wie ist der geänderte Arbeitsvertrag des Klägers vom 12. Februar 2001 im Hinblick auf die Versorgungszusage auszulegen, insbesondere im Hinblick auf die dynamische Verweisung auf die einschlägigen Tarifverträge des öffentlichen Dienstes?",70
Welche Rechtsfolgen hat die Unwirksamkeit der Übergangsregelungen in § 73 Abs. 1 ZVK-L i.V.m. § 18 Abs. 2 Nr. 1 Satz 1 BetrAVG für den Kläger und seine Altersversorgung?,192
"Welche Bedingungen müssen erfüllt sein, damit eine Fristsetzung im Sinne des § 281 Abs. 1 BGB ausreichend ist?",86
"Welche Rechtsfolge tritt ein, wenn ein Käufer einer Beklagten keine Frist zur Nachbesserung gemäß § 281 Abs. 1 Satz 1 BGB setzt?",16
"Wer ist verpflichtet, eine Frist zur Nachbesserung zu setzen, um einen Schadensersatzanspruch geltend machen zu können?",53
Wie ist der Begriff der Fristsetzung im § 281 Abs. 1 BGB auszulegen?,86
Welche Rolle spielt die Angabe eines konkreten Zeitraums bei der Fristsetzung im Sinne des § 281 Abs. 1 BGB?,86
Welche Bedeutung hat die Ungewissheit für den Schuldner bei der Fristsetzung im Sinne des § 281 Abs. 1 BGB?,42
"Wie ist der Begriff der ""angemessenen Frist"" im Zusammenhang mit § 281 Abs. 1 BGB zu verstehen?",86
"Welche Rechtsfolge tritt ein, wenn das Berufungsgericht keine Feststellungen zu den behaupteten Mängeln trifft?",23
Unter welchen Voraussetzungen kann eine Gesellschaft bürgerlichen Rechts (GbR) im Abwicklungsstadium keine selbständigen Schadensersatzansprüche mehr geltend machen?,97
"Wer ist verpflichtet, erlangte Geldmittel herauszugeben, wenn sie nicht mehr vorhanden sind, aber nicht zu dem vorgesehenen Zweck verwendet wurden?",36
"Was muss das Berufungsgericht in diesem Fall noch klären, um eine Entscheidung zu treffen?",23
"Welche Rolle spielt der Gesellschaftsvertrag bei der Verpflichtung von Gesellschaftern, Schulden der Gesellschaft zu tilgen?",34
Welche Bedeutung hat die Anhörung einer Partei im Rahmen des § 288 ZPO für die Geständniswirkung?,99
Wie kann eine Gesellschaft im Liquidationsstadium Ansprüche gegen einzelne Gesellschafter geltend machen?,161
Welche Rechtsgrundlage gilt für die actio pro socio?,25
"Welche Rechtsfolge tritt ein, wenn die Gesellschafter die Auflösung und Liquidation der Gesellschaft beschlossen haben und die Schadensersatzleistung zur Befriedigung der Gesellschaftsgläubiger nicht mehr benötigt wird?",161
Welche Bedeutung hat die Zahlungsklage im Zusammenhang mit der Feststellung einer Forderung in die Schlußrechnung?,31
"Welche Rechtsgrundlage gilt für die Verpflichtung eines Gesellschafters, das Erlangte herauszugeben?",30
"Welche Voraussetzungen müssen erfüllt sein, damit ein Gericht ein Vorbehaltsurteil über die Werklohnforderung erlassen kann, wenn der Besteller mit einem Anspruch auf Ersatz von Mängelbeseitigungskosten aufrechnet?",7
"Wer ist berechtigt, eine Aufrechnung mit einem Anspruch auf Ersatz von Verzugsschäden gegenüber Werklohnforderungen vorzunehmen?",7
Welche Rolle spielt das Ermessen des Gerichts bei der Entscheidung über ein Vorbehaltsurteil nach § 302 Abs. 1 ZPO?,105
Wie kann ein Besteller seine Werklohnforderung durch eine Verrechnung mit einem Anspruch auf Ersatz von Mängelbeseitigungskosten gefährden?,7
Welche Rechtsgrundlage gilt für die Aufrechnung mit einem Anspruch auf Ersatz von Fertigstellungsmehrkosten gegenüber einer Werklohnforderung?,7
"Wer ist verpflichtet, die Erfüllung des Vertrages innerhalb einer bestimmten Frist vorzunehmen, um seine Werklohnforderung durchsetzen zu können?",31
"Welche Rechtsfolge tritt ein, wenn ein Besteller seine Werklohnforderung durch eine Aufrechnung mit einem Anspruch auf Ersatz von Mängelbeseitigungskosten durchsetzen will?",7
Wie kann ein Gericht die Interessen beider Parteien bei der Entscheidung über ein Vorbehaltsurteil berücksichtigen?,99
"Welche Gegenforderung kann nicht zur Aufrechnung mit einer Werklohnforderung herangezogen werden, wenn sie nicht in einem rechtlichen Zusammenhang mit der Klageforderung steht?",7
"Welche Gründe können dazu führen, dass ein Gericht von seinem Ermessen Gebrauch macht und ein Vorbehaltsurteil erlässt, obwohl der Besteller mit Ansprüchen auf Ersatz von Mängelbeseitigungskosten aufrechnet?",166
"Welche Voraussetzungen müssen erfüllt sein, damit eine Klausel in Allgemeinen Versicherungsbedingungen (AVB) wirksam ist?",10
"Wer ist aktivlegitimiert, um einen Anspruch geltend zu machen?",49
"Wie ist der Begriff ""Arbeitsunfähigkeit"" in den AVB definiert?",163
Welche Rechte hat der Versicherungsnehmer im Falle von Arbeitsunfähigkeit?,10
"Wie ist der Begriff ""Berufs- oder Erwerbsunfähigkeit"" von ""Arbeitsunfähigkeit"" abzugrenzen?",163
Welche Rolle spielt die Verweisungsmöglichkeit auf andere Tätigkeiten in § 1 Nr. 2 AVB?,124
Warum ist die Klausel in § 5 Nr. 4 Satz 1c AVB nicht überraschend i.S. von § 305c BGB?,63
Wie ist das Äquivalenzprinzip im Zusammenhang mit der Zahlung einer Einmalprämie bei Vertragsschluss zu bewerten?,31
Welche Rechtsgrundlage gilt für die Verpflichtung zur Zahlung einer Einmalprämie bei Vertragsschluss?,31
"Wie ist der Begriff ""vorübergehend"" in Bezug auf Arbeitsunfähigkeit zu interpretieren?",163
"Welche Voraussetzungen müssen erfüllt sein, damit Art. 2 Nr. 9 der Richtlinie anwendbar ist?",40
"Wer ist verpflichtet, die Bedingungen von Art. 2 Nr. 9 der Richtlinie einzuhalten?",40
Wie ist der Begriff 'Verbraucher' in Art. 2 Nr. 9 der Richtlinie definiert?,40
"Was sind die Rechtsfolgen, wenn die Bedingungen von Art. 2 Nr. 9 der Richtlinie nicht erfüllt sind?",40
Warum ist Art. 2 Nr. 9 der Richtlinie in diesem Kontext relevant?,40
Welche Rolle spielt der Sachverhalt in der Anwendung von Art. 2 Nr. 9 der Richtlinie?,40
Welche weiteren Bestimmungen sind in Zusammenhang mit Art. 2 Nr. 9 der Richtlinie zu beachten?,40
Wie ist Art. 2 Nr. 9 der Richtlinie von anderen Bestimmungen in der Richtlinie zu unterscheiden?,40
Welche Ausnahmebedingungen können Art. 2 Nr. 9 der Richtlinie einschränken?,40
Welche Bedeutung hat die Entscheidung des Gerichts für die zukünftige Anwendung von Art. 2 Nr. 9 der Richtlinie?,40
"Welche Voraussetzungen müssen erfüllt sein, damit ein Käufer einen Kaufvertrag wegen arglistiger Täuschung nach § 123 Abs. 1 BGB anfechten kann?",16
"Unter welchen Bedingungen kann ein Verkäufer verpflichtet sein, den Käufer über eine Veränderungssperre zu informieren?",6
"Wer ist verpflichtet, den Inhalt eines Informationsschreibens bezüglich einer Veränderungssperre zu kennen, um einen Vertrag abzuschließen?",1
"Wie kann ein Käufer den Ersatz der Vertragskosten geltend machen, wenn er aufgrund einer arglistigen Täuschung geschädigt wurde?",6
Welche Rolle spielt das Lesen und Verständnis eines Informationsschreibens bei der Verantwortlichkeit des Verkäufers in Bezug auf eine Veränderungssperre?,6
Welche Rechtsgrundlage gilt für die Anfechtung eines Kaufvertrages aufgrund arglistiger Täuschung und welche Rechte hat der Käufer im Falle einer erfolgreichen Anfechtung?,6
"Unter welchen Umständen kann ein Käufer die Bedeutung eines Informationsschreibens bezüglich einer Veränderungssperre verkannt haben, ohne dass der Verkäufer hierfür verantwortlich ist?",6
"Welche Rechtsfolge tritt ein, wenn ein Verkäufer den Käufer nicht über eine Veränderungssperre informiert hat und der Käufer den Kaufvertrag aufgrund dieser Information anfechten möchte?",6
"Welche Bedingungen müssen erfüllt sein, damit ein Einspruch gegen ein Versäumnisurteil als unzulässig verworfen wird?",88
"Wer ist verpflichtet, eine Einspruchsfrist festzusetzen, und wie lange dauert diese in der Regel?",22
Welche Rolle spielt die Art der Zustellung eines Versäumnisurteils bei der Einspruchsfrist?,88
"Wie kann eine Partei in einem Verfahren mit Auslandsbezug die förmliche Zustellung eines Urteils erlangen, und welche Auswirkungen hat dies auf die Einspruchsfrist?",73
"Welche Rechtsgrundlage gilt für die Anordnung einer förmlichen Auslandszustellung eines Urteils, und welche Auswirkungen hat dies auf die Einspruchsfrist?",73
"Welche Rechtsfolge tritt ein, wenn eine Partei die Einspruchsfrist versäumt hat, und wie kann eine erneute Zustellung des Urteils die Rechtskraft beeinflussen?",53
"Welche Verfahrensgrundrechte können durch die Anordnung einer Zustellung durch Aufgabe zur Post verletzt werden, und welche völkerrechtlichen Vereinbarungen sind in diesem Zusammenhang relevant?",164
"Wie kann eine Partei in einem Verfahren mit Auslandsbezug sicherstellen, dass ihre Rechte gewahrt bleiben, insbesondere im Hinblick auf die Zustellung von Urteilen?",73
"Welche Verantwortung trägt der Richter bei der Anordnung einer förmlichen Auslandszustellung eines Urteils, und welche Gründe können eine solche Anordnung rechtfertigen?",73
"Welche Auswirkungen hat die förmliche Zustellung eines Urteils auf die Rechtskraft des Urteils, insbesondere wenn die Einspruchsfrist bereits abgelaufen ist?",53
"Welche Voraussetzungen müssen erfüllt sein, damit ein Nachweismakler einen Provisionsanspruch geltend machen kann, wenn er den Namen des Vermieters nicht nennt?",12
"Unter welchen Bedingungen kann ein Maklerprovisionsanspruch entfallen, wenn der Kunde den Hauptvertrag später ""am Makler vorbei"" abschließt?",31
"Wer ist verpflichtet, dem Makler die fehlende Mitteilung des Vermieters nicht entgegenzuhalten, wenn er einen vollständigen Nachweis erbracht hat?",12
Welche Rolle spielt die Zeit zwischen dem Erstnachweis durch den Makler und dem Vertragsschluss für die Geltendmachung eines Provisionsanspruchs?,1
"Wie kann ein Makler seinen Provisionsanspruch geltend machen, wenn er den Namen des Vermieters nicht genannt hat, aber der Kunde den Hauptvertrag später aufgrund seines Nachweises abschließt?",12
"Welche Rechtsgrundlage gilt für den Auskunftsanspruch eines Maklers gegenüber seinem Kunden, um die ihm zustehende Maklerprovision bemessen zu können?",30
"Welche Rechte hat ein Makler, wenn der Kunde den Hauptvertrag später ohne seine Mitwirkung abschließt, aber sein Erstnachweis ursächlich für den Vertragsschluss war?",31
Welche Geräuschemissionen gelten als wesentlich und damit unzumutbar im Sinne der 16. BImSchV?,2
"Wer ist verpflichtet, wesentliche Geräuscheinwirkungen auf Grundstücke zu dulden, wenn sie durch die ortsübliche Benutzung eines anderen Grundstücks verursacht werden?",59
Wie ist die Wesentlichkeitsgrenze von Geräuschemissionen im Sinne von § 906 BGB zu bestimmen?,2
"Wer hat Anspruch auf Zahlung eines angemessenen Ausgleichs in Geld, wenn Geräuschemissionen die ortsübliche Benutzung eines Grundstücks über das zumutbare Maß hinaus beeinträchtigen?",59
Welche Rolle spielt der Bestandsschutz für Bahnstrecken bei Ansprüchen auf Entschädigung aufgrund von Geräuschemissionen?,125
Wie ist die Zumutbarkeitsgrenze von Geräuschemissionen im direkten Anwendungsbereich von § 906 Abs. 2 Satz 2 BGB zu bestimmen?,2
Welche Bedeutung hat die enteignungsrechtliche Zumutbarkeitsschwelle bei der Bestimmung der Zumutbarkeitsgrenze von Geräuschemissionen?,2
Wie ist der Interessenkonflikt zwischen den Eigentümern eines emittierenden und eines beeinträchtigten Grundstücks im Rahmen von § 906 BGB zu berücksichtigen?,105
Welche Bedeutung hat das Gemeinwohlinteresse bei der Bestimmung der Zumutbarkeitsgrenze von Geräuschemissionen im Zusammenhang mit dem Schienenverkehr?,125
Welche Geräuschemissionen werden als besonders schädlich für die Nachtruhe betrachtet?,145
Welche Obliegenheit hat der Versicherungsnehmer im Rahmen der vereinbarten Versicherungsbedingungen?,10
"Unter welchen Umständen ist der Versicherer leistungsfrei, wenn der Versicherungsnehmer seine Obliegenheit verletzt?",10
Was ist der Unterschied zwischen grober Fahrlässigkeit und leichter Fahrlässigkeit im Zusammenhang mit der Verletzung von Obliegenheiten?,211
Welche Rolle spielt die Kausalität bei der Leistungsfreiheit des Versicherers aufgrund einer Obliegenheitsverletzung?,10
Welche Bedeutung hat der Schutzbereich einer verletzten Sicherheitsvorschrift für die Leistungsfreiheit des Versicherers?,10
"Unter welchen Bedingungen kann der Versicherer von seiner Leistungspflicht befreit sein, wenn der Versicherungsnehmer eine Gefahr nicht angezeigt hat?",10
"Welche Rechtsfolge tritt ein, wenn der Versicherer die Kündigung des Versicherungsvertrages rechtzeitig ausspricht?",95
"Wer ist verpflichtet, alle behördlichen Sicherheitsvorschriften zu beachten, und welche Konsequenzen hat es, wenn diese Obliegenheit verletzt wird?",165
Welche Rolle spielt der Zeitablauf bei der Beurteilung der Fahrlässigkeit des Versicherungsnehmers?,10
Welche Bedeutung hat die Auslegung einer Auflage in einer Baugenehmigung für die Obliegenheit des Versicherungsnehmers?,10
"Welche Voraussetzungen müssen erfüllt sein, damit ein Vertragspartner eine einvernehmliche Vertragsaufhebung geltend machen kann?",1
Welche Rolle spielt das Schriftformerfordernis bei einer Kündigung im Rahmen eines VOB/B-Vertrags?,5
"Wer ist verpflichtet, den nicht ersparten Vergütungsanspruch nach einer teilweisen Vertragsaufhebung zu bezahlen?",31
Wie ist die Vergütung im Falle einer einvernehmlichen Vertragsaufhebung zu berechnen?,7
Welche Bedeutung hat die Bauzeit für die Berechnung der Vergütung im Rahmen eines VOB/B-Vertrags?,5
"Was gilt als Kündigung im Rahmen eines VOB/B-Vertrags, wenn das Schriftformerfordernis nicht eingehalten wird?",5
"Wie ist der Vergabegewinn, der Gewinn und Allgemeine Geschäftskosten als nicht ersparte Kosten zu berechnen?",37
Welche Rechtsgrundlage gilt für die Geltendmachung von Rechtsverfolgungskosten im Falle eines Verzugs?,45
"Welche Voraussetzungen müssen erfüllt sein, damit ein Pauschalpreisvertrag vorzeitig beendet werden kann?",31
Wer ist verantwortlich für die Abrechnung bei einem vorzeitig beendeten Pauschalpreisvertrag?,31
"Wie ist die Abrechnung zu gestalten, wenn nur ein kleiner Teil der geschuldeten Leistung erbracht worden ist?",194
Welche Rechte hat der Auftragnehmer bei der Abrechnung eines vorzeitig beendeten Pauschalpreisvertrages?,31
Welche Pflichten hat der Besteller bei der Verteidigung gegen eine Forderung im Zusammenhang mit einem vorzeitig beendeten Pauschalpreisvertrag?,31
"Welche Rechtsfolgen treten ein, wenn die Abrechnung eines vorzeitig beendeten Pauschalpreisvertrages nicht den Anforderungen entspricht?",31
"Welche Bedingungen müssen erfüllt sein, damit eine Mindestvergütung im Falle eines vorzeitig beendeten Pauschalpreisvertrages geltend gemacht werden kann?",7
Wie ist die Mindestvergütung bei einem vorzeitig beendeten Pauschalpreisvertrag zu berechnen?,7
Welche Rolle spielt die rechtzeitige Einlegung eines Rechtsmittels bei der Beurteilung der Prüfbarkeit einer Abrechnung?,26
Welche Rechtsgrundlage gilt für die Beendigung eines Pauschalpreisvertrages vorzeitig?,31
"Wer ist berechtigt, die Abnahme einer mangelhaften Kaufsache zu verweigern?",33
Unter welchen Bedingungen kann ein Käufer eine mangelhafte Kaufsache zurückweisen?,6
Wie kann ein Verkäufer seine Pflicht zur Verschaffung einer mangelfreien Kaufsache erfüllen?,6
"Welche Rechte hat ein Käufer, wenn er eine mangelhafte Kaufsache zurückweist?",6
"Wann tritt ein Käufer in Annahmeverzug, wenn er eine mangelhafte Kaufsache zurückweist?",6
"Welche Rolle spielt der Grundsatz von Treu und Glauben, wenn ein Käufer eine mangelhafte Kaufsache zurückweist?",33
"Welche Rechtsfolgen hat es, wenn ein Käufer eine mangelhafte Kaufsache zurückweist, aber die Behebung des Mangels verweigert?",6
Welche Rechtsgrundlage gilt für das Zurückweisungsrecht eines Käufers bei einer mangelhaften Kaufsache?,6
"Wie kann ein Käufer sicherstellen, dass er keine Verzugszinsen zahlen muss, wenn er eine mangelhafte Kaufsache zurückweist?",6
"Welche Pflichten hat ein Verkäufer, wenn er eine mangelhafte Kaufsache liefert?",6
"Welche Voraussetzungen müssen erfüllt sein, damit eine Mietwohnung als mangelhaft gilt und eine Mietminderung rechtfertigt?",12
"Wer ist verpflichtet, die Miete zu zahlen, wenn die Wohnung keinen zur Minderung führenden Mangel aufweist?",12
Welche Rolle spielt die DIN 4109 bei der Beurteilung der Beschaffenheit einer Mietwohnung?,12
"Wie ist der Schallschutzstandard einer Mietwohnung zu bewerten, wenn die DIN 4109 nicht den anerkannten Regeln der Technik entspricht?",2
Welche Rechtsgrundlage gilt für die Gewährleistung von Sachmängeln durch den Vermieter während der gesamten Dauer des Mietverhältnisses?,12
"Wie ist der Schallschutzstandard einer Mietwohnung einzuschätzen, wenn es keine Parteivereinbarung über die Bauweise des Mietobjekts gibt?",2
Welche Bedeutung hat die Ortssitte bei der Beurteilung des üblichen Wohnstandards einer Mietwohnung?,12
"Wie ist der Schallschutzstandard einer Mietwohnung zu bewerten, wenn erhöhte Anforderungen an den Schallschutz vereinbart wurden?",2
Welche Rolle spielt die Einhaltung der Kündigungsfrist nach § 609 BGB a.F. für die Beurteilung von Untreue in einem Unternehmen?,43
"Wer ist verpflichtet, die Vermögensbetreuungspflicht im Rahmen einer Geschäftsführerposition zu erfüllen?",48
Unter welchen Bedingungen kann eine Bankanweisung wirksam sein?,15
"Welche Rechte hat eine Gemeinschuldnerin gegenüber einer Bank, wenn das Konto aufgrund einer Überweisung wirksam belastet wurde?",15
"Welche Rechtsfolge tritt ein, wenn ein Geschäftsführer seine Vermögensbetreuungspflicht verletzt?",48
Welche Rolle spielt die Differenzhypothese bei der Beurteilung eines Schadensanspruchs?,45
Unter welchen Voraussetzungen kann eine Aufrechnung nach § 393 BGB nicht vorgenommen werden?,16
"Welche Voraussetzungen müssen erfüllt sein, damit Pensionsansprüche nach Vollendung des 62. Lebensjahres trotz eines vorzeitigen Vertragsendes bestehen bleiben?",28
Welche Rolle spielt der Abfindungsvertrag bei der Interpretation des Änderungsvertrags?,1
"Wer ist verpflichtet, eine Entschädigung zu zahlen, wenn der Anstellungsvertrag vor dem 2. Juni 1991 endet?",31
"Wie ist der Inhalt des Änderungsvertrags auszulegen, wenn der Anstellungsvertrag vor dem 62. Lebensjahr endet?",28
Welche Rechtsgrundlage gilt für die Unverfallbarkeit von Versorgungsansprüchen im hier vorliegenden Fall?,13
Welche Bedeutung hat die Präambel des Änderungsvertrags für die Interpretation der Vertragsinhalte?,1
Welche Auswirkungen hat der Verzicht auf Pensionsansprüche vor Vollendung des 62. Lebensjahres auf die Ansprüche nach diesem Zeitpunkt?,28
Wie ist die Aussage des Zeugen H. in Bezug auf den Verzicht auf Pensionsansprüche einzuordnen?,28
"Wer ist verpflichtet, dem Eigentümer den Wert seiner Nutzung des Grundstücks zu ersetzen, wenn er nicht berechtigt ist, das Grundstück zu nutzen?",17
"Was muss der Berechtigte nachweisen, um die Herausgabe der gezogenen Nutzungen zu rechtfertigen?",8
Wie wird der Wert der Nutzung des Grundstücks berechnet?,59
Warum ist der Anspruch aus § 988 BGB nicht verjährt?,16
Welche Verjährungsfrist gilt für Ansprüche auf Herausgabe der gezogenen Nutzungen?,22
Wie beeinflusst die Kenntnis der Klägerin von den den Anspruch begründenden Umständen und der Person des Schuldners die Verjährungsfrist?,67
Welche Rolle spielt die Geltendmachung von Ansprüchen auf künftige Nutzungsentschädigung aus dem Eigentümer-Besitzer-Verhältnis in Bezug auf die Verjährung?,17
"Wie wird der Zinsanspruch berechnet, wenn der Schuldner im Verzug ist?",42
Welche Bedeutung hat das Verhalten der Klägerin in Bezug auf die Geltendmachung ihrer Ansprüche?,9
"Welche Voraussetzungen müssen erfüllt sein, damit eine Klage gegen eine nicht mehr existierende Partei unwirksam ist?",104
"Wer ist verpflichtet, den Vertragspartner über Änderungen seiner rechtlichen Verhältnisse und der Anschrift zu informieren?",9
Wie kann das Vertrauen des Klägers in die Fortbeständigkeit seiner Vertragspartnerin gestärkt werden?,109
Warum kann die Erhebung der Verjährungseinrede rechtsmißbräuchlich sein?,166
Welche Rolle spielt die Kenntnis der Änderungen der rechtlichen und tatsächlichen Verhältnisse der Vertragspartnerin für den Kläger bei der Durchsetzung seiner Ansprüche?,9
Welche Rechtsgrundlage gilt für die Zurechnung von Verhaltensweisen der KHM GmbH auf die Beklagte?,205
"Welche Rechte hat der Kläger, wenn er durch das Verhalten der Beklagten davon abgehalten wird, die Klage rechtzeitig zu erheben?",9
"Welche Bedingungen müssen erfüllt sein, damit die Verjährung der Ansprüche des Klägers gehemmt wird?",107
Wie kann das Verhalten der Beklagten als treuwidrig erscheinen?,9
Welche Verpflichtungen hat die Beklagte als Rechtsnachfolgerin der KHM GmbH?,205
"Welche Informationen muss ein Versicherungsnehmer bei einer Schadensmeldung angeben, um seiner Aufklärungsobliegenheit nachzukommen?",10
"Unter welchen Bedingungen kann ein Versicherer von seiner Leistungsfreiheit Gebrauch machen, wenn der Versicherungsnehmer seine Aufklärungsobliegenheit verletzt hat?",10
"Wer ist verpflichtet, die korrekte Darstellung von Vorschäden eines angeblich entwendeten Kraftfahrzeugs durch den Versicherungsnehmer zu überprüfen?",62
"Wie kann ein Versicherer sein Aufklärungsbedürfnis entfallen lassen, wenn er Kenntnis von Vorschäden aufgrund einer eigenen Recherche erlangt hat?",10
Welche Rolle spielt die Uniwagnis-Datei bei der Überprüfung der Angaben des Versicherungsnehmers?,120
"Wie kann ein Versicherer sicherstellen, dass alle relevanten Daten in der Uniwagnis-Datei enthalten sind?",120
Welche Informationen kann ein Versicherer aus der Uniwagnis-Datei erhalten und welche Informationen müssen dort explizit angefordert werden?,120
"Wie kann ein Versicherer sicherstellen, dass er alle ein Fahrzeug betreffenden Daten in der Uniwagnis-Datei gespeichert hat?",120
"Welche Voraussetzungen müssen erfüllt sein, damit ein Unternehmen als Quasi-Hersteller im Sinne des § 4 Abs. 1 Satz 2 ProdHaftG haftet?",137
Unter welchen Bedingungen kann ein Unternehmen als Lieferant im Sinne des § 4 Abs. 3 ProdHaftG haften?,137
"Wer ist verpflichtet, den tatsächlichen Hersteller eines Produkts zu ermitteln, wenn dieser nicht auf dem Produkt angegeben ist?",38
Welche Rolle spielt der Zeitpunkt des Inverkehrbringens eines Produkts bei der Haftung des Herstellers oder Lieferanten nach dem ProdHaftG?,137
"Welche Rechtsgrundlage gilt für die Haftung eines Quasi-Herstellers, der sich durch das Anbringen seines Namens oder Kennzeichens als Hersteller ausgibt?",38
"Wie kann ein Unternehmen seine Haftung als Quasi-Hersteller vermeiden, wenn es den Namen oder das Kennzeichen eines anderen Unternehmens verwendet?",38
Welche Bedeutung hat die Firmenfortführung gemäß § 25 HGB für die Haftung eines Unternehmens im Zusammenhang mit fehlerhaften Produkten?,102
"Welche Rechte hat ein Geschädigter, der durch ein fehlerhaftes Produkt geschädigt wurde, bezüglich der Ermittlung des Herstellers oder Quasi-Herstellers?",38
"Welche Voraussetzungen müssen erfüllt sein, damit eine Bank einen Darlehensnehmer über das Risiko einer Bauruine informieren muss?",15
"Wer ist verpflichtet, einen Darlehensnehmer über Risiken zu informieren, und unter welchen Umständen?",15
Wie kann eine Bank ihre Aufklärungspflicht gegenüber einem Darlehensnehmer erfüllen?,15
"Welche Rechtsfolgen hat es, wenn eine Bank ihre Aufklärungspflicht verletzt?",15
Welche Rolle spielt die Kenntnis oder Erkennbarkeit einer Fehlvorstellung des Darlehensnehmers für die Aufklärungspflicht der Bank?,15
Welche Bedeutung hat das Schreiben der Bank vom 19. Juni 1991 für die Finanzierungszusage und die Aufklärungspflicht?,140
Wie kann die Kausalität zwischen einer Aufklärungspflichtverletzung und dem Schaden des Darlehensnehmers bewiesen werden?,15
Wie kann der Schaden des Darlehensnehmers in einem solchen Fall berechnet werden?,15
"Welche Voraussetzungen müssen erfüllt sein, damit ein Versicherungsfall vorliegt?",10
Unter welchen Bedingungen kann eine Obliegenheit des Versicherungsnehmers als verletzt angesehen werden?,10
"Wer ist verpflichtet, eine Stellungnahme einer beteiligten Person im Schadenfall einzuholen?",45
Welche Rechtsgrundlage regelt die Verjährung von Ansprüchen im Versicherungsrecht?,10
Wie kann die Verjährung von Ansprüchen im Versicherungsrecht gehemmt werden?,10
Welche Rolle spielt die Untätigkeit des Versicherungsnehmers bei der Hemmung der Verjährung?,10
Welche Bedeutung hat die Lebenserfahrung bei der Beurteilung von Fahrlässigkeit im Versicherungsrecht?,10
"Welche Rechtsfolge tritt ein, wenn der Versicherungsnehmer seine Aufklärungsobliegenheit verletzt?",10
"Wie ist zu entscheiden, ob eine Vertragsänderung oder eine Novation des Schuldverhältnisses vorliegt?",34
Welche Bedeutung hat die Feststellung des Verschuldens im Zusammenhang mit der Versicherungsleistung?,42
Unter welchen Voraussetzungen kann ein Auskunftsanspruch aus Treu und Glauben geltend gemacht werden?,72
Welche Rolle spielt die Kenntnis über die Geschäfte der Beklagten mit weiteren Vertragshändlern für die Verfolgung von Schadensersatzansprüchen?,9
"Wer ist verpflichtet, den entgangenen Gewinn zu ersetzen, wenn das Alleinvertriebsrecht verletzt wurde?",157
Wie kann der Umfang des entgangenen Gewinns bei Verletzung eines vertraglich eingeräumten Vertriebsrechts geschätzt werden?,31
"Welche Rechtsfolge tritt ein, wenn ein Auskunftsanspruch verneint wird und damit der Schadensersatzanspruch die Grundlage entzogen wird?",9
Welche Bedeutung hat die Verjährung für den Schadensersatzanspruch im Zusammenhang mit der Verletzung des Alleinvertriebsrechts?,45
Wie kann die sachliche Berechtigung der Einsetzung weiterer Vertriebshändler geprüft werden?,30
Welche Auswirkungen hat die Einsetzung weiterer Vertriebshändler auf das vertraglich eingeräumte Alleinvertriebsrecht?,30
Welche Rechtsgrundlage gilt für den Schadensersatzanspruch bei Verletzung des Alleinvertriebsrechts?,45
Wie kann der räumliche Umfang des Alleinvertriebsrechts bestimmt werden?,77
"Welche Voraussetzungen müssen erfüllt sein, damit ein Versicherungsnehmer leistungsfrei wird, wenn er seine Auskunfts- oder Aufklärungsobliegenheit verletzt?",10
"Wer ist verpflichtet, den Versicherungsnehmer über die Rechtsfolgen einer Verletzung der Auskunfts- oder Aufklärungsobliegenheit zu belehren?",10
Wie muss eine Belehrung über die Rechtsfolgen einer Verletzung der Auskunfts- oder Aufklärungsobliegenheit nach § 28 Abs. 4 VVG gestaltet sein?,105
"Welche Rechte hat der Versicherungsnehmer, wenn er seine Auskunfts- oder Aufklärungsobliegenheit nicht verletzt hat?",10
Welche Rolle spielt die Belehrung des Versicherungsnehmers über die Rechtsfolgen einer Verletzung der Auskunfts- oder Aufklärungsobliegenheit im Schadenmeldungsprozess?,10
Welche Rechtsgrundlage gilt für die Leistungsfreiheit des Versicherers bei Verletzung der Auskunfts- oder Aufklärungsobliegenheit durch den Versicherungsnehmer?,10
Wie kann der Versicherungsnehmer seine Auskunfts- oder Aufklärungsobliegenheit nach § 28 Abs. 2 VVG erfüllen?,10
"Welche Rechtsfolgen treten ein, wenn der Versicherungsnehmer seine Auskunfts- oder Aufklärungsobliegenheit verletzt?",10
Wie muss eine Belehrung über die Rechtsfolgen einer Verletzung der Auskunfts- oder Aufklärungsobliegenheit nach § 28 Abs. 4 VVG vom übrigen Text abgesetzt sein?,105
Welche Bedeutung hat die Belehrung des Versicherungsnehmers über die Rechtsfolgen einer Verletzung der Auskunfts- oder Aufklärungsobliegenheit für dessen Kausalitätsgegenbeweis nach § 28 Abs. 3 Satz 1 VVG?,10
"Welche Voraussetzungen müssen erfüllt sein, damit eine Klage rechtshängig wird?",9
"Wer ist verpflichtet, eine beglaubigte Abschrift der Klageschrift zuzustellen?",136
"Wie kann die Rechtshängigkeit einer Klage geheilt werden, wenn die Klageschrift nicht ordnungsgemäß zugestellt wurde?",9
"Welche Rechtsfolge tritt ein, wenn die Klageschrift nicht in beglaubigter Abschrift zugestellt wird?",9
"Welche Rolle spielt die öffentliche Zustellung einer Klage, wenn die beglaubigte Abschrift nicht auf der Geschäftsstelle vorhanden ist?",9
"Wann beginnt die Verjährungsfrist für eine Klage, die nicht ordnungsgemäß zugestellt wurde?",53
Welche Bedeutung hat die rügelose Einlassung der Beklagten im Termin zur mündlichen Verhandlung für die Rechtshängigkeit einer Klage?,9
Welche Rechtsgrundlage gilt für die Heilung der mangelhaften Zustellung einer Klageschrift?,9
Wie kann die Beglaubigung einer Abschrift der Klageschrift vorgenommen werden?,136
Welche Auswirkungen hat die Säumnis eines Beklagten in der mündlichen Verhandlung auf die Entscheidung des Gerichts?,9
"Welche Voraussetzungen müssen erfüllt sein, damit ein Unternehmen für Beratungsfehler eines Dritten haftbar gemacht werden kann?",15
"Wer ist verpflichtet, Kunden über die Aufteilung von Provisionen zwischen Unternehmen zu informieren?",30
"Wie kann ein Unternehmen seine Geschäftstätigkeit erweitern, ohne sich selbst in den Pflichtenkreis der ordnungsgemäßen Aufklärung und Beratung zu stellen?",190
Welche Rolle spielt die vertragliche Aufgabenverteilung zwischen Unternehmen bei der Zurechnung von Beratungsfehlern?,79
"Welche Rechtsgrundlage gilt für die Zurechnung von Beratungsfehlern eines Dritten auf eine Bank, wenn die Bank keine eigenen Beratungspflichten hat?",15
Wie kann ein Unternehmen seine Geschäftstätigkeit auf das Geschäftsfeld der beratungsabhängigen Wertpapiertätigkeit ausdehnen?,190
"Welche Rechte hat ein Kunde, wenn er in Kenntnis der vertraglichen Aufgabenverteilung zwischen Unternehmen seine Anlagestrategie nur einem dieser Unternehmen mitteilt?",30
"Wie kann ein Unternehmen seine Geschäftstätigkeit durch die Gewährung von über dem Marktzins liegenden Sonderkonditionen erweitern, ohne sich in den Pflichtenkreis der ordnungsgemäßen Aufklärung und Beratung zu stellen?",190
"Welche Art von Kausalität ist im privaten Unfallversicherungsrecht ausreichend, um einen Zusammenhang zwischen einem Unfallereignis und einer Gesundheitsbeeinträchtigung herzustellen?",61
"Unter welchen Bedingungen kann ein Unfallereignis als ""Gelegenheitsursache"" betrachtet werden, die keine wesentliche Rolle bei der Herbeiführung einer Gesundheitsschädigung spielt?",61
"Wer ist verpflichtet, die Kausalität eines Unfallgeschehens für eine Gesundheitsbeeinträchtigung zu beweisen, um einen Anspruch auf Leistung geltend zu machen?",61
Welche Rolle spielt eine degenerative Vorschädigung bei der Beurteilung der Kausalität eines Unfallereignisses für eine Gesundheitsbeeinträchtigung?,61
"Welche Art von Gesundheitsschaden kann durch einen Unfallereignis verursacht werden, um einen Anspruch auf Leistung in der privaten Unfallversicherung geltend zu machen?",61
Welche Bedeutung hat die Äquivalenztheorie bei der Beurteilung der Kausalität zwischen einem Unfallereignis und einer Gesundheitsbeeinträchtigung?,61
"Wie ist der Begriff einer ""Krankheit"" im Sinne der Nr. 3 Satz 2 AUB 2000 zu verstehen?",195
Welche Rolle spielt die Adäquanztheorie bei der Beurteilung der Kausalität zwischen einem Ereignis und einer Gesundheitsbeeinträchtigung?,61
Welche Bedeutung hat die Mitwirkung von Krankheiten oder Gebrechen bei der Beurteilung der Kausalität eines Unfallereignisses für eine Gesundheitsbeeinträchtigung?,61
"Wie ist der Begriff eines ""Gebrechens"" im Sinne der Nr. 3 AUB 2000 zu verstehen?",195
"Welche Voraussetzungen müssen erfüllt sein, damit ein Vertragshändler analog § 89b HGB einen Ausgleichsanspruch geltend machen kann?",0
Welche Rolle spielt die Einbindung des Vertragshändlers in die Absatzorganisation des Herstellers oder Lieferanten für die analoge Anwendung des § 89b HGB?,0
"Wer ist verpflichtet, dem Hersteller oder Lieferanten den Kundenstamm zu übertragen, damit § 89b HGB analog angewendet werden kann?",0
"Welche Rechtsgrundlage gilt für die Verpflichtung des Vertragshändlers, den Kundenstamm zu übertragen?",30
Welche Rechte hat der Vertragshändler im Falle einer analogen Anwendung des § 89b HGB?,0
"Wie kann der Vertragshändler beweisen, dass er die Voraussetzungen für einen Ausgleichsanspruch analog § 89b HGB erfüllt hat?",0
Welche Pflichten hat der Vertragshändler im Rahmen einer exklusiven Lieferbeziehung gegenüber dem Hersteller oder Lieferanten?,30
Welche Informationspflichten hat der Vertragshändler im Rahmen einer bloßen Verkäufer-Käufer-Beziehung gegenüber dem Hersteller oder Lieferanten?,30
"Welche Rechtsfolge tritt ein, wenn der Vertragshändler seine Informationspflichten nicht erfüllt?",9
"Wie kann der Vertragshändler seine Verpflichtungen im Rahmen eines Vertragshändlerverhältnisses erfüllen, ohne dass ihm handelsvertreterähnliche Aufgaben auferlegt werden?",30
"Welche Voraussetzungen müssen erfüllt sein, damit ein Kunde eine Anzahlung zurückverlangen kann, die er für einen Partnerschaftsvermittlungsvertrag geleistet hat?",31
Welche Rolle spielt die Zusatzvereinbarung bei der Kündigung eines Partnerschaftsvermittlungsvertrages?,1
"Wer ist verpflichtet, den Kunden über die Bedeutung und den Sinn von Allgemeinen Geschäftsbedingungen zu belehren?",18
Wie kann ein Kunde das Kündigungsrecht nach § 627 BGB ausschließen?,16
Welche Rechtsfolgen hat eine unwirksame Kündigung eines Partnerschaftsvermittlungsvertrages?,1
Welche Bedeutung hat die Inhaltskontrolle nach §§ 305 ff. BGB für Allgemeine Geschäftsbedingungen in Partnerschaftsvermittlungsverträgen?,106
Wie kann ein Kunde das Umgehungsverbot nach § 306a BGB geltend machen?,16
"Welche Rechte hat ein Kunde, wenn er eine Anzahlung geleistet hat, aber der Vertrag nicht erfüllt wurde?",31
"Wie kann ein Verwender sicherstellen, dass seine Allgemeinen Geschäftsbedingungen als ""ausgehandelt"" gelten?",18
Welche Pflichten hat ein Partnerschaftsanbahnungsinstitut bezüglich des Kündigungsrechts nach § 627 BGB?,16
"Unter welchen Voraussetzungen ist ein Schuldner verpflichtet, professionellen Rechtsrat einzuholen, bevor er sich zur Hinterlegung entschließt?",15
Welche Rolle spielt die eigene Rechtsabteilung eines bundesweit tätigen Unternehmens bei der Entscheidung zur Hinterlegung?,81
"Welche Verantwortung hat ein Schuldner, wenn er nicht in der Lage ist, die rechtlichen Beziehungen zwischen verschiedenen Parteien zu durchschauen?",34
Welche Bedeutung hat die Auslegung eines Vertrages für die Entscheidung über eine Hinterlegung nach § 372 BGB?,1
Welche Auswirkungen hat die Unwirksamkeit eines Vertrages zwischen dem Vermieter und einem Dritten auf den Mietzinsanspruch aus einem Mietvertrag zwischen dem Vermieter und einem Mieter?,12
"Welche Rechte hat ein Mieter, wenn er Zweifel hat, ob der Mietzinsanspruch dem Vermieter oder einem Dritten zusteht?",12
Welche Rechtsfolgen hat eine unberechtigte Hinterlegung nach § 372 BGB?,16
Welche Bedeutung hat die Vereinbarung von Zahlungsmodalitäten im Mietvertrag für den Mietzinsanspruch?,12
Unter welchen Voraussetzungen kann ein Vermieter die Erlaubnis zur Untervermietung widerrufen?,12
"Wer ist verpflichtet, die Beendigung eines Untermietverhältnisses herbeizuführen, wenn die Erlaubnis zur Untervermietung widerrufen wurde?",107
"Welche Maßnahmen kann ein Mieter ergreifen, um eine Beendigung des Untermietverhältnisses zu erreichen, wenn die Erlaubnis zur Untervermietung widerrufen wurde?",12
"Wie kann ein Mieter seine vertraglichen Pflichten gegenüber dem Vermieter erfüllen, wenn er eine Untervermietungserlaubnis widerrufen bekommt?",12
Welche Rolle spielt ein Räumungsvergleich in Bezug auf die Beendigung eines Untermietverhältnisses?,35
"Unter welchen Bedingungen kann ein Mieter eine höhere Miete als die eigene Miete an Untermieter verlangen, ohne dass die Erlaubnis zur Untervermietung widerrufen wird?",12
Was gilt als eine schwerwiegende Pflichtverletzung eines Mieters in Bezug auf die Untervermietung?,12
Welche Rechtsgrundlage gilt für die Kündigung eines Mietverhältnisses aufgrund einer Untervermietung ohne Erlaubnis?,12
"Welche Voraussetzungen müssen erfüllt sein, damit Versicherer im Innenverhältnis zur Erstattung von Versicherungsleistungen verpflichtet sind?",10
Wer ist im Fall von Mehrfachversicherungen für die Leistungspflicht verantwortlich?,10
"Wie sind Subsidiaritätsklauseln in Versicherungsverträgen auszulegen, wenn sie aufeinander treffen?",138
Unter welchen Bedingungen entfällt die Eintrittspflicht eines Versicherers bei Mehrfachversicherungen?,10
Welche Rolle spielt der Wille des Versicherungsnehmers bei der Auslegung von Subsidiaritätsklauseln?,138
Welche Rechtsgrundlage gilt für den Innenausgleich zwischen Versicherern bei Mehrfachversicherungen?,10
Wie ist der Zusatz zur Subsidiaritätsklausel der Klägerin zu interpretieren?,138
Welche Auswirkungen hat die Aufhebung kollidierender Subsidiaritätsklauseln auf den Innenausgleich zwischen Versicherern?,138
Welche Bedeutung hat die Interessenlage des Versicherungsnehmers bei der Auslegung von Versicherungsbedingungen?,10
"Welche Rechtsfolge tritt ein, wenn Versicherer ihre Eintrittspflicht nicht erfüllen, obwohl sie dazu verpflichtet sind?",10
"Welche Voraussetzungen müssen erfüllt sein, damit ein Frachtführer Anspruch auf Standgeld hat?",176
Unter welchen Umständen ist ein Frachtführer nicht zur Zahlung von Standgeld verpflichtet?,176
"Wer ist verpflichtet, den Frachtführer für dessen Wartezeit zu entschädigen, wenn diese nicht auf Umständen beruht, die dem Risikobereich des Frachtführers zuzurechnen sind?",176
"Wie ist der Anspruch auf Standgeld einzuschätzen, wenn der Frachtführer keinen Schaden nachweisen kann?",176
"Unter welchen Bedingungen kann eine Klausel, die Standzeiten nicht extra vergütet, unwirksam sein?",169
"Welche Rolle spielt die Klausel im Auftragsschreiben des Beklagten, dass Standzeiten nicht extra vergütet werden, im Vergleich zur gesetzlichen Regelung des § 412 Abs. 3 HGB?",9
"Warum kann eine Klausel, die den Anspruch auf Standgeld vollständig ausschließt, unangemessen benachteiligend sein?",166
"Wie kann ein Frachtführer, dem das Gut nicht innerhalb der Ladezeit zur Verfügung gestellt wird, seine Rechte geltend machen?",11
"Welche Voraussetzungen müssen erfüllt sein, damit ein Schadensersatzanspruch nicht verjährt?",45
Was gilt als Verhandeln im Sinne des § 852 Abs. 2 BGB a. F.?,1
"Wer ist verpflichtet, sich um eine Erwerbstätigkeit zu bemühen, um Schadensminderung zu betreiben?",198
"Wie ist der Schaden anzurechnen, wenn der Geschädigte gegen seine Schadensminderungspflicht verstößt?",45
Wann kann ein Feststellungsausspruch nicht einen nach Rechtskraft entstehenden Einwand hindern?,9
"Welche Rechte hat der Geschädigte, wenn der Schädiger einen Verstoß gegen Treu und Glauben begeht?",11
Welche Rolle spielt das Mitverschulden der Versorgungsempfängerin bei der Berechnung des Schadensersatzanspruchs?,42
Welche Rechtsgrundlage gilt für die Schadensminderungspflicht des Geschädigten?,45
Wie ist der Umfang der Versorgungsansprüche der Witwe gegenwärtig zu beziffern?,126
Welche Bedeutung hat der objektive Empfängerhorizont bei der Auslegung eines Schreibens?,3
"Welche Voraussetzungen müssen erfüllt sein, damit ein Verbraucher einen Widerruf seiner Online-Bestellung geltend machen kann?",214
"Welche Rechte hat ein Mieter, wenn der Vermieter die Miete erhöht, ohne die gesetzlichen Vorgaben einzuhalten?",12
"Wer ist verpflichtet, die Kosten für die Beseitigung einer Mangelbeseitigung zu tragen, wenn der Mieter die Mangelbeseitigung durchführt?",12
Welche Rolle spielt die Schriftform bei der Vereinbarung einer Vertragsstrafe in einem Mietvertrag?,12
"Welche Rechtsfolge tritt ein, wenn ein Arbeitgeber gegen das Kündigungsschutzgesetz verstößt?",24
Welche Bedingungen müssen für eine wirksame Abtretung eines Anspruchs erfüllt sein?,148
"Welche Rechtsgrundlage gilt für die Haftung des Vermieters bei Schäden, die durch eine mangelhafte Sache verursacht werden?",12
"Wie ist der Begriff der ""Geschäftsgrundlage"" im Rahmen des Wegfalls der Geschäftsgrundlage zu verstehen?",173
Warum ist eine ordnungsgemäße Beweisaufnahme im Rahmen eines Zivilverfahrens wichtig?,26
"Wann ist eine Klage als unzulässig abzulehnen, wenn der Kläger nicht aktiv legitimiert ist?",9
"Welche Voraussetzungen müssen erfüllt sein, damit eine Einlageverbindlichkeit als erfüllt gilt?",107
Unter welchen Bedingungen kann eine Verrechnung von Forderungen die Erfüllung einer Einlageverbindlichkeit bewirken?,107
"Wer ist verpflichtet, die Einlageverbindlichkeit zu erfüllen, wenn die ursprüngliche Einzahlung als verdeckte Finanzierung gilt?",36
Wie kann eine Einlageverbindlichkeit trotz verdeckter Finanzierung erfüllt werden?,36
Welche Rechtsgrundlage gilt für die Verrechnung von Forderungen zur Erfüllung einer Einlageverbindlichkeit?,107
Welche Rolle spielt die Kapitalaufbringung bei der Erfüllung einer Einlageverbindlichkeit?,121
"Welche Rechtsfolge tritt ein, wenn eine Einlageverbindlichkeit nicht ordnungsgemäß erfüllt wird?",9
Unter welchen Voraussetzungen ist eine Mietpreisanpassung aufgrund von § 5 Abs. 4 des Mietvertrages zulässig?,12
"Wer ist berechtigt, die Höhe der Miete nach billigem Ermessen neu festzusetzen, und nach welchen Kriterien soll dies erfolgen?",12
"Wie ist der Begriff der ""ortsüblichen Miete"" im Zusammenhang mit § 5 Abs. 4 des Mietvertrages zu verstehen?",12
"Warum kann die Klausel in § 5 Abs. 4 des Mietvertrages nicht als unbestimmt angesehen werden, nur weil sie sich auf die ""ortsübliche oder sonst angemessene"" Miete bezieht?",12
Welche Rolle spielt § 315 BGB im Zusammenhang mit der Mietanpassungsklausel in § 5 Abs. 4 des Mietvertrages?,12
"Wer ist verpflichtet, die Miete nach billigem Ermessen neu festzusetzen, und wer hat das Recht, eine solche Festsetzung zu fordern?",12
"Welche Rechtsgrundlage gilt für die Mietanpassungsklausel in § 5 Abs. 4 des Mietvertrages, und welche Anforderungen muss sie erfüllen, um gültig zu sein?",12
"Welche prozessualen Schritte sind erforderlich, wenn ein Teil des Rechtsstreits nicht entscheidungsreif ist?",9
Unter welchen Bedingungen kann eine Zurückverweisung an das Landgericht nicht erfolgen?,23
"Wer ist verpflichtet, die gemeinsame Vorfrage in einem Rechtsstreit mit Klage und Widerklage zu entscheiden?",49
Welche Rechtsgrundlage gilt für die Schadensersatzpflicht bei Mängeln in der Bauausführung?,45
Welche Schäden sind nach § 13 Nr. 7 VOB/B ersatzfähig?,21
Wie kann ein Verstoß gegen die anerkannten Regeln der Technik zur Schadensersatzpflicht führen?,165
Welche Bedeutung hat die Vergleichsgrundlage für die Wirksamkeit eines Vergleichs?,35
Welche Rolle spielt die Vertragsauslegung für die Beurteilung von Mängeln in der Bauausführung?,141
"Unter welchen Voraussetzungen ist § 104 VglO anwendbar, um eine ungerechtfertigte Bereicherung herauszugeben?",56
Welche Rolle spielt die Wirksamkeit einer Pfändung für die Anwendbarkeit von § 104 VglO?,56
"Wer ist verpflichtet, erlangte Befriedigung herauszugeben, wenn § 104 VglO Anwendung findet?",56
"Wie ist der Begriff ""Zwangsmaßnahme"" in § 104 VglO zu interpretieren?",56
"Welche Rechtsfolgen treten ein, wenn die Pfändung unwirksam ist, aber die Beteiligten vom Gegenteil ausgehen?",88
Wie ist die Bereicherung im Sinne des § 104 VglO zu verstehen?,56
"Wer kann von einer Drittschuldnerin Zahlungen zurückverlangen, wenn diese auf eine unwirksame Pfändung gezahlt hat?",36
Welche Bedeutung hat die Beteiligung der Gemeinschuldnerin bei einer Einigung über die Forderungszuständigkeit?,34
"Wie kann eine Anfechtung im Konkursverfahren ausgelöst werden, wenn Beteiligte ein ""Rechtsgeschäft"" oder eine ""Rechtshandlung"" im Sinne der § 30 Nr. 1, § 31 KO durchführen?",161
"Welche Rechte hat ein Konkursverwalter, wenn eine Drittschuldnerin Zahlungen an den Schuldner leistet, obwohl die Forderung bereits abgetreten wurde?",15
"Welche Bedingungen müssen erfüllt sein, damit ein Anspruch auf Geldersatz für ersparte Pflegeleistungen geltend gemacht werden kann?",215
Welche Rolle spielt die Person des Erwerbers bei der Bestimmung der Kostenbeteiligung für den Heimaufenthalt?,12
"Wer ist verpflichtet, die Kosten des Heimaufenthalts zu tragen, wenn die Pflegeverpflichtung nicht mehr erbracht werden kann?",215
Welche Rechtsgrundlage gilt für die Kostenbeteiligung der Beklagten am Heimaufenthalt?,45
Wie ist die Höhe der Kostenbeteiligung der Beklagten am Heimaufenthalt zu bestimmen?,45
"Welche Rechte hat der Kläger, wenn die Beklagten sich weigern, die Kosten des Heimaufenthalts zu tragen?",45
"Welche Rechtsfolge tritt ein, wenn der Zahlungsantrag des Klägers erfolgreich ist?",31
"Welche Voraussetzungen müssen erfüllt sein, damit eine außerordentliche Kündigung eines Mietverhältnisses wirksam ist?",12
"Wer hat das Recht, eine außerordentliche Kündigung eines Mietverhältnisses auszusprechen?",12
"Wie lange muss ein Mieter in Verzug sein, damit eine außerordentliche Kündigung wirksam ist?",12
Wann ist eine außerordentliche Kündigung rechtsmissbräuchlich?,43
"Welche Rechte hat ein Vermieter, wenn der Mieter die Miete nicht zahlt?",12
"Wie kann ein Vermieter sicherstellen, dass ein Mieter die Miete zahlt?",12
"Welche Rechte hat ein Mieter, wenn der Vermieter die Miete nicht rechtzeitig zahlt?",12
Wie kann ein Vermieter die Wirksamkeit seiner Kündigung sicherstellen?,12
"Welche Rechte hat ein Mieter, wenn der Vermieter ihn ohne ausreichenden Grund kündigt?",12
"Welche Pflichten hat ein Vermieter, wenn er einen Mieter kündigt?",12
"Welche Voraussetzungen müssen erfüllt sein, damit ein Mietvertrag trotz eines Mieterwechsels und einer Erweiterung des Mietgegenstandes gültig bleibt?",12
"Wer ist verpflichtet, die Schriftform bei einer Erweiterung des Mietgegenstandes einzuhalten?",12
"Wie lange kann ein Mietverhältnis nach einer nicht formgerechten Änderung fortgesetzt werden, bevor es durch eine Kündigung beendet werden kann?",12
Unter welchen Bedingungen kann eine Kündigungserklärung im Mietrecht auch ohne Schriftform wirksam sein?,12
Welche Rolle spielt die Person des Vertragspartners bei einem unternehmensbezogenen Mietvertrag?,12
"Welche Rechtsfolge tritt ein, wenn ein Mietvertrag nicht der Schriftform des § 566 BGB genügt?",12
Wie kann ein Mietverhältnis trotz eines Formmangels fortgesetzt werden?,12
Welche Bedeutung hat die Einigung der Vertragsparteien für die Gültigkeit eines Mietvertrages?,12
"Welche Voraussetzungen müssen erfüllt sein, damit ein Auskunftsanspruch nach § 666 BGB verjährt?",16
"Wer ist berechtigt, einen Auskunftsanspruch nach § 666 BGB geltend zu machen?",16
Wie beginnt die Verjährungsfrist für einen verhaltenden Anspruch nach § 666 BGB?,16
Welche Rolle spielt das Verlangen des Geschäftsherrn für die Geltendmachung eines Auskunftsanspruchs nach § 666 BGB?,39
"Wann beginnt die Verjährungsfrist für einen Auskunftsanspruch nach § 666 BGB, wenn der Geschäftsherr erst später ein Verlangen stellt?",39
Kann eine Geltendmachung des Anspruchs auf Auskunftserteilung gegen Treu und Glauben verstoßen?,72
"Welche Rechtsfolge tritt ein, wenn der Beklagte die Leistung wegen Eintritts der Verjährung verweigert?",9
Wie ist der Auskunftsanspruch nach § 666 BGB einzustufen?,16
Welche Bedeutung hat die Beendigung des Auftragsverhältnisses für die Auskunftspflicht nach § 666 BGB?,16
"Welche Voraussetzungen müssen erfüllt sein, damit ein Widerrufsrecht wirksam ausgeübt werden kann?",107
Welche Rolle spielt die Widerrufsbelehrung bei der Ausübung eines vertraglich eingeräumten Widerrufsrechts?,1
"Wer ist verpflichtet, den Anleger über die Widerrufsfrist und -bedingungen zu informieren, wenn ein vertragliches Widerrufsrecht eingeräumt wird?",95
"Welche Rechtsfolgen treten ein, wenn die Widerrufsbelehrung nicht den Anforderungen an eine Belehrung über ein gesetzliches Widerrufsrecht entspricht, aber ein vertragliches Widerrufsrecht eingeräumt wurde?",1
"Wie ist die Auslegung einer Vertragserklärung zu erfolgen, die ein Widerrufsrecht enthält, das nicht auf gesetzlichen Voraussetzungen basiert?",1
"Welche Bedeutung hat die Bezugnahme auf gesetzliche Bestimmungen in einer Widerrufsbelehrung, die ein vertragliches Widerrufsrecht enthält?",1
"Welche Rechte hat ein Anleger, wenn ein Unternehmer ihm ein Widerrufsrecht einräumt, ohne dazu gesetzlich verpflichtet zu sein?",24
"Wie ist zu entscheiden, ob ein Unternehmer einem Verbraucher ein Widerrufsrecht eingeräumt hat, ohne dazu gesetzlich verpflichtet zu sein?",24
"Welche Bedeutung hat der Verzicht auf ein vorzeitiges Erlöschen des Widerrufsrechts nach den gesetzlichen Bestimmungen in einer Widerrufsbelehrung, die ein vertragliches Widerrufsrecht enthält?",1
"Welche Rolle spielt die Haustürsituation bei der Ausübung eines Widerrufsrechts, das nicht auf gesetzlichen Voraussetzungen basiert?",12
"Welche Voraussetzungen müssen erfüllt sein, damit ein Werkvertrag nach § 631 BGB als solcher qualifiziert wird?",16
"Wer ist befugt, die Vergütung im Rahmen eines Werkvertrags nach § 631 BGB zu bestimmen, wenn keine Vereinbarung über die Höhe der Vergütung getroffen wurde?",7
"Wie ist die übliche Vergütung im Rahmen eines Werkvertrags nach § 631 BGB zu ermitteln, wenn keine Taxe besteht und keine übliche Vergütung feststellbar ist?",7
"Welche Bedeutung hat die Berechnungsregel für die übliche Vergütung im Rahmen eines Werkvertrags nach § 631 BGB, wenn die Leistungen einem als einheitlich empfundenen Wirtschaftsbereich zuzuordnen sind?",7
"Wie ist die übliche Vergütung im Rahmen eines Werkvertrags nach § 631 BGB zu bestimmen, wenn sie innerhalb einer bestimmten Bandbreite liegt?",7
"Wer ist für die Feststellung der üblichen Vergütung im Rahmen eines Werkvertrags nach § 631 BGB verantwortlich, wenn keine Vereinbarung über die Höhe der Vergütung getroffen wurde?",7
"Wie ist die übliche Vergütung im Rahmen eines Werkvertrags nach § 631 BGB zu bestimmen, wenn sie als Prozentsatz von einer Ausgangsgröße wie der Schadenshöhe bestimmt wird?",7
Welche Bedeutung hat die Zeit des Vertragsschlusses für die Bestimmung der üblichen Vergütung im Rahmen eines Werkvertrags nach § 631 BGB?,7
"Welche Rolle spielt das billige Ermessen bei der Bestimmung der Gegenleistung im Rahmen eines Werkvertrags nach § 631 BGB, wenn keine übliche Vergütung feststellbar ist?",7
Welche Bedeutung hat der Vertragszweck und die Interessenlage der Parteien bei der Bestimmung der Gegenleistung im Rahmen eines Werkvertrags nach § 631 BGB?,1
"Welche Voraussetzungen müssen erfüllt sein, damit ein Mehrerlös aus dem Weiterverkauf eines ehemals volkseigenen Grundstücks ausgekehrt werden muss?",17
"Wer ist verpflichtet, den Mehrerlös an die Käuferin abzuführen, wenn ein solcher erzielt wurde?",6
"Wie ist der Mehrerlös zu berechnen, wenn beide Grundstücke zu unterschiedlichen Preisen weiterverkauft werden?",69
Welche Aufwendungen des Verkäufers können den Anspruch des Käufers auf den Mehrerlös mindern?,6
Welche Rolle spielt der Zeitpunkt des Abschlusses des Weiterverkaufsvertrags für die Bestimmung des erzielten Mehrerlöses?,31
"Welche Verpflichtungen kann der Verkäufer im Rahmen eines Weiterverkaufsvertrags übernehmen, die den erzielten Mehrerlös beeinflussen?",6
Welche Bedeutung hat die Mehrerlösklausel im Zusammenhang mit werterhöhenden Aufwendungen des Verkäufers?,6
Welche Rolle spielt das Interesse der Parteien bei der Bewertung der Grundstücke im Rahmen eines Weiterverkaufs?,69
Welche Rechtsgrundlage gilt für die Auskehrung des Mehrerlöses im Falle des Weiterverkaufs ehemals volkseigenen Grundstücks?,17
Welche Bedeutung hat die Plausibilität der Überlegungen des Gerichts für die Entscheidung über die Auskehrung des Mehrerlöses?,9
"Welche Voraussetzungen müssen erfüllt sein, damit eine prozessunfähige Partei eine Entscheidung anfechten kann?",104
Wer kann eine prozessunfähige Partei im Verfahren vertreten?,104
"Welche Konsequenzen hat es, wenn eine prozessunfähige Partei nicht ordnungsgemäß vertreten wird?",104
"Wie kann eine prozessunfähige Partei ihre Rechte geltend machen, wenn sie nicht ordnungsgemäß vertreten wurde?",104
"Welche Rolle spielt die Subsidiarität der Nichtigkeitsklage bei der Wahl der prozessunfähigen Partei, ob sie den Verfahrensmangel im Rechtsmittelweg oder durch eine Nichtigkeitsklage geltend macht?",99
"Wie kann eine prozessunfähige Partei sicherstellen, dass ihre Einspruchsfrist nicht durch eine unwirksame Zustellung beeinflusst wird?",104
Welche Auswirkungen hat eine unwirksame Zustellung auf den Lauf der Einspruchsfrist?,53
"Wie kann eine prozessunfähige Partei sicherstellen, dass ihre Entscheidung in Rechtskraft erwächst, wenn sie nicht ordnungsgemäß vertreten wurde?",104
Welche Bedeutung hat die Rechtskraft einer Entscheidung für die Erhebung einer Nichtigkeitsklage?,9
Welche Rolle spielt die Zustellung einer Entscheidung an den gesetzlichen Vertreter einer prozessunfähigen Partei für den Lauf der Klagefrist?,99
Welche Rolle spielt die Kenntnis des Zusammenstoßes bei der Verjährung von Ansprüchen aus einem Zusammenstoß von Wasserfahrzeugen nach thailändischem Recht?,92
"Wer ist verpflichtet, die Verjährungsfristen für Ansprüche aus unerlaubter Handlung nach thailändischem Recht zu berücksichtigen?",92
Wie kann die Verjährung von Ansprüchen aus unerlaubter Handlung nach thailändischem Recht unterbrochen werden?,92
"Warum ist es wichtig, das ausländische Recht von Amts wegen zu ermitteln, wenn es um die Anwendung von Verjährungsfristen geht?",73
"Welche Rechtsgrundlage gilt für die Anwendung des thailändischen Rechts auf einen Unfall, der sich in Thailand ereignet hat?",92
Welche Bedeutung hat die Lex specialis-Regel für die Verjährung von Ansprüchen aus unerlaubter Handlung in Thailand?,92
Wie kann die Annahme einer Anklageschrift durch das Gericht die Verjährung von Ansprüchen aus unerlaubter Handlung in Thailand unterbrechen?,92
"Welche Verjährungsfristen gelten für Ansprüche aus unerlaubter Handlung in Thailand, insbesondere im Falle fahrlässiger Tötung?",92
Welche Bedeutung hat die Einreichung einer Anklageschrift durch den Staatsanwalt für die Verjährung von Ansprüchen aus unerlaubter Handlung in Thailand?,92
"Welche Pflichten hat ein Gericht, wenn es das ausländische Recht anwenden muss, um einen Fall zu entscheiden?",73
"Welche Voraussetzungen müssen erfüllt sein, damit Baulichkeiten als Verwendungen im Sinne des § 994 Abs. 1 BGB gelten?",124
"Wer ist verpflichtet, Entschädigung zu leisten, wenn ein Mieter Baulichkeiten errichtet, die zu wesentlichen Bestandteilen des Grundstücks werden?",12
"Wie ist der Vorrang der Leistungskondiktion im Verhältnis zur Nichtleistungskondiktion nach § 812 Abs. 1 Satz 1 Var. 2 BGB zu berücksichtigen, wenn ein Mieter Baulichkeiten errichtet?",12
Welche Rolle spielt der Besitz des Mieters bei der Anwendung des § 994 Abs. 1 BGB?,12
"Warum scheiden Ansprüche nach § 951 BGB aus, wenn der Mieter Baulichkeiten errichtet, die zu wesentlichen Bestandteilen des Grundstücks werden?",12
"Welche Rechtsgrundlage gilt für die Zurechnung von Baulichkeiten, die ein Mieter errichtet, zum Vermieter, wenn der Mieter das Grundstück verlassen muss?",12
"Welche Rechte hat ein Mieter, der Baulichkeiten errichtet, die zu wesentlichen Bestandteilen des Grundstücks werden, wenn er das Grundstück verlassen muss?",12
"Welche Bedingungen müssen erfüllt sein, damit ein Mieter einen Ausgleich verlangen kann, wenn der Vermieter wegen der von dem Mieter getätigten Investitionen einen höheren Mietzins erzielen kann?",12
"Welche Rechtsfolge tritt ein, wenn ein Mieter Baulichkeiten errichtet, die zu wesentlichen Bestandteilen des Grundstücks werden, und er das Grundstück verlassen muss?",12
"Welche Rechtsgrundlage gilt für die Geltendmachung von Bereicherungsansprüchen, wenn ein Mieter Baulichkeiten errichtet, die zu wesentlichen Bestandteilen des Grundstücks werden?",12
"Welche Voraussetzungen müssen erfüllt sein, damit ein Makler eine Provision für den Nachweis einer Verkaufsgelegenheit fordern kann, wenn der ursprüngliche Käufer das Objekt an einen Dritten verkauft?",6
"Unter welchen Bedingungen kann ein Makler seine Provision beanspruchen, wenn der ursprüngliche Käufer das Objekt aufgrund eines zeitlich befristeten Rücktrittsrechts an einen anderen Käufer verkauft?",6
"Wer ist verpflichtet, eine Maklerprovision zu zahlen, wenn der Makler den Nachweis einer Verkaufsgelegenheit erbracht hat, die später aufgrund veränderter Umstände genutzt wird?",6
Welche Rolle spielt das Vorhandensein eines Maklervertrags für die Geltendmachung eines Provisionsanspruchs?,1
Wie beeinflusst das Vorhandensein eines zeitlich befristeten Rücktrittsrechts im Kaufvertrag die Provisionspflicht des Verkäufers gegenüber dem Makler?,6
"Welche Rechte hat ein Makler, wenn der von ihm nachgewiesene Käufer das Objekt an einen Dritten verkauft, der später aufgrund veränderter Umstände das Objekt von dem ursprünglichen Verkäufer erwirbt?",6
"Welche Voraussetzungen müssen erfüllt sein, damit ein Bürge die Darlegungs- und Beweislast für die Erfüllung der Hauptschuld trägt?",26
Welche Rolle spielt das Einsichtsrecht eines Bürgen in die das Rechtsverhältnis des Gläubigers zum Hauptschuldner betreffenden Urkunden?,15
"Unter welchen Bedingungen kann ein Bürge die Einsicht in Urkunden verlangen, die ein zwischen ihm und einem anderen bestehenden Rechtsverhältnis beurkundet ist?",30
Welche Urkunden können im Sinne von § 810 BGB als das Rechtsverhältnis des Gläubigers zum Hauptschuldner betreffend gelten?,15
Welche Anforderungen müssen an das rechtliche Interesse eines Anspruchstellers im Sinne von § 810 BGB gestellt werden?,105
"Wie muss eine vorzulegende Urkunde genau bezeichnet werden, um den Anforderungen von § 810 BGB zu genügen?",16
Welche Bedeutung hat die Schutzwürdigkeit des rechtlichen Interesses des Anspruchstellers im Zusammenhang mit dem Einsichtsrecht nach § 810 BGB?,105
Wie kann das Einsichtsverlangen eines Anspruchstellers auf eine unzulässige Ausforschung neuer Tatsachen gerichtet sein?,8
Welche Bedeutung hat die genaue Bezeichnung konkreter Urkunden für die Geltendmachung eines Einsichtsrechts nach § 810 BGB i.V.m. § 422 ZPO?,16
"Welche Anforderungen müssen an den Vortrag einer Partei gestellt werden, damit das Gericht eine Anordnung nach § 142 ZPO treffen kann?",99
"Welche Voraussetzungen müssen erfüllt sein, damit ein Mietvertrag trotz unzureichender Beschreibung der Mietfläche gültig ist?",12
Wer kann die Vertragsübernahme in einem Mietvertrag genehmigen?,12
"Wie kann eine Partei in einem Mietvertrag ihre Zustimmung geben, ohne dass dies schriftlich erfolgt?",12
"Welche Rechtsgrundlage gilt für den Schadensersatzanspruch, wenn ein Vermieter die Mietsache anderweitig vermietet hat?",12
Welche Bedeutung haben Planunterlagen für die Gültigkeit eines Mietvertrages?,12
Welche Rolle spielt die Gründung einer Gesellschaft für die Gültigkeit einer Vertragsübernahme?,1
Welche Anforderungen müssen an die Beschreibung der Mietfläche in einem Mietvertrag gestellt werden?,12
"Wie kann die Einheit der Urkunde in einem Mietvertrag gewährleistet werden, wenn dieser auf Planunterlagen verweist?",12
"Welche Bedingungen müssen erfüllt sein, damit ein Kauf auf Probe wirksam wird?",201
"Wer hat das Recht, einen Fernabsatzvertrag widerrufen?",91
Wie lange dauert die Widerrufsfrist bei einem Fernabsatzvertrag?,82
Welche Informationspflichten hat der Verkäufer bei einem Fernabsatzvertrag?,30
Unter welchen Umständen kann ein Käufer seine Willenserklärung zum Kaufvertrag widerrufen?,6
"Wer ist verpflichtet, die Ware zurückzunehmen, wenn der Käufer sein Widerrufsrecht ausübt?",6
"Welche Rechtsfolgen treten ein, wenn der Käufer sein Widerrufsrecht nicht fristgerecht ausübt?",6
Welche Rolle spielt die Billigungsfrist beim Kauf auf Probe?,201
Wie kann der Käufer sein Widerrufsrecht ausüben?,6
Welche Rechtsgrundlage gilt für den Widerruf eines Fernabsatzvertrags?,1
"Welche Bedingungen müssen erfüllt sein, damit ein Gericht über einen gestellten Feststellungsantrag entscheiden kann?",9
Welche Rolle spielt die Aufnahme eines Antrags in den Tatbestand eines Urteils für dessen Gültigkeit?,9
"Wer ist berechtigt, einen übergangenen Feststellungsantrag in der Berufungsinstanz erneut zu stellen?",23
"Welche Rechtsfolge tritt ein, wenn ein Gericht über einen gestellten Antrag nicht entschieden hat und ihn auch nicht in den Tatbestand seines Urteils aufgenommen hat?",9
"Wie kann ein Kläger sein Feststellungsbegehren durch eine zulässige Klageerweiterung durchsetzen, wenn es in der ersten Instanz übergangen wurde?",9
"Welche Verantwortung trägt ein Gericht, wenn es über einen gestellten Antrag nicht entschieden hat und ihn auch nicht in den Tatbestand seines Urteils aufgenommen hat?",9
